{"type":"FeatureCollection",
"bluebird":{
 "attribution": "OpenStreetMap contributors (ODbL)",
 "dataset": "domain_features",
 "generated_at": "2026-10-03T20:40:58Z",
 "massif_id": "pyrenees",
 "radius_m": 4000,
 "source_id": "osm_overpass",
 "summary": {
  "ascou-pailheres": {
   "lift_km": 2.3,
   "lifts": 3,
   "piste_km": 3.9,
   "piste_km_by_difficulty": {
    "advanced": 1.8,
    "easy": 0.9,
    "intermediate": 1.2
   },
   "pistes": 5
  },
  "ax-3-domaines": {
   "lift_km": 26.0,
   "lifts": 28,
   "piste_km": 72.8,
   "piste_km_by_difficulty": {
    "advanced": 6.7,
    "easy": 34.9,
    "intermediate": 16.0,
    "novice": 15.1,
    "unknown": 0.1
   },
   "pistes": 109
  },
  "cauterets": {
   "lift_km": 11.1,
   "lifts": 13,
   "piste_km": 28.1,
   "piste_km_by_difficulty": {
    "advanced": 1.5,
    "easy": 13.3,
    "intermediate": 8.2,
    "novice": 2.7,
    "unknown": 2.4
   },
   "pistes": 89
  },
  "font-romeu": {
   "lift_km": 16.8,
   "lifts": 24,
   "piste_km": 37.5,
   "piste_km_by_difficulty": {
    "advanced": 7.0,
    "easy": 9.1,
    "intermediate": 6.8,
    "novice": 14.5
   },
   "pistes": 85
  },
  "formigueres": {
   "lift_km": 12.8,
   "lifts": 17,
   "piste_km": 32.2,
   "piste_km_by_difficulty": {
    "advanced": 1.1,
    "easy": 12.2,
    "intermediate": 11.0,
    "novice": 7.6,
    "unknown": 0.2
   },
   "pistes": 52
  },
  "gourette": {
   "lift_km": 8.4,
   "lifts": 13,
   "piste_km": 29.6,
   "piste_km_by_difficulty": {
    "advanced": 2.3,
    "easy": 9.9,
    "intermediate": 12.8,
    "novice": 4.5,
    "unknown": 0.0
   },
   "pistes": 76
  },
  "grand-tourmalet": {
   "lift_km": 18.1,
   "lifts": 23,
   "piste_km": 59.9,
   "piste_km_by_difficulty": {
    "advanced": 7.1,
    "easy": 26.2,
    "freeride": 15.9,
    "intermediate": 5.6,
    "novice": 5.1
   },
   "pistes": 64
  },
  "guzet": {
   "lift_km": 10.0,
   "lifts": 18,
   "piste_km": 27.4,
   "piste_km_by_difficulty": {
    "advanced": 2.7,
    "easy": 11.8,
    "intermediate": 6.9,
    "novice": 5.0,
    "unknown": 1.0
   },
   "pistes": 51
  },
  "la-pierre-saint-martin": {
   "lift_km": 7.9,
   "lifts": 13,
   "piste_km": 24.5,
   "piste_km_by_difficulty": {
    "advanced": 2.3,
    "easy": 12.2,
    "intermediate": 6.0,
    "novice": 3.1,
    "unknown": 1.0
   },
   "pistes": 83
  },
  "le-mourtis": {
   "lift_km": 4.6,
   "lifts": 11,
   "piste_km": 13.8,
   "piste_km_by_difficulty": {
    "advanced": 1.9,
    "easy": 3.3,
    "intermediate": 3.8,
    "novice": 4.8
   },
   "pistes": 28
  },
  "les-angles": {
   "lift_km": 17.9,
   "lifts": 25,
   "piste_km": 47.4,
   "piste_km_by_difficulty": {
    "advanced": 10.9,
    "easy": 10.2,
    "intermediate": 16.1,
    "novice": 10.2
   },
   "pistes": 89
  },
  "luz-ardiden": {
   "lift_km": 9.4,
   "lifts": 9,
   "piste_km": 23.6,
   "piste_km_by_difficulty": {
    "advanced": 1.9,
    "easy": 7.7,
    "intermediate": 12.8,
    "novice": 1.1,
    "unknown": 0.2
   },
   "pistes": 51
  },
  "peyragudes": {
   "lift_km": 17.8,
   "lifts": 23,
   "piste_km": 43.2,
   "piste_km_by_difficulty": {
    "advanced": 6.5,
    "easy": 17.1,
    "intermediate": 15.9,
    "novice": 3.7
   },
   "pistes": 91
  },
  "piau-engaly": {
   "lift_km": 6.7,
   "lifts": 9,
   "piste_km": 34.3,
   "piste_km_by_difficulty": {
    "advanced": 2.9,
    "easy": 21.6,
    "freeride": 1.3,
    "intermediate": 6.3,
    "novice": 2.0,
    "unknown": 0.2
   },
   "pistes": 79
  },
  "porte-puymorens": {
   "lift_km": 10.8,
   "lifts": 12,
   "piste_km": 26.8,
   "piste_km_by_difficulty": {
    "advanced": 5.2,
    "easy": 7.7,
    "intermediate": 4.0,
    "novice": 9.9
   },
   "pistes": 27
  },
  "saint-lary": {
   "lift_km": 9.4,
   "lifts": 11,
   "piste_km": 11.5,
   "piste_km_by_difficulty": {
    "advanced": 0.5,
    "easy": 7.3,
    "intermediate": 1.4,
    "novice": 2.2,
    "unknown": 0.1
   },
   "pistes": 30
  },
  "superbagneres": {
   "lift_km": 11.1,
   "lifts": 14,
   "piste_km": 31.2,
   "piste_km_by_difficulty": {
    "advanced": 5.7,
    "easy": 15.0,
    "intermediate": 6.0,
    "novice": 4.4,
    "unknown": 0.1
   },
   "pistes": 69
  },
  "val-louron": {
   "lift_km": 13.8,
   "lifts": 18,
   "piste_km": 27.5,
   "piste_km_by_difficulty": {
    "advanced": 3.6,
    "easy": 9.6,
    "intermediate": 9.3,
    "novice": 4.9,
    "unknown": 0.1
   },
   "pistes": 53
  }
 }
},
"features":[
{"type":"Feature","id":"way/196556223","properties":{"station_id":"ascou-pailheres","osm_id":196556223,"feature":"lift","kind":"t-bar","name":"Coste Rouge 2","length_m":876},"geometry":{"type":"LineString","coordinates":[[1.92341,42.77691],[1.91724,42.77046]]}},
{"type":"Feature","id":"way/265423269","properties":{"station_id":"ascou-pailheres","osm_id":265423269,"feature":"lift","kind":"t-bar","name":"Coste Rouge 1","length_m":875},"geometry":{"type":"LineString","coordinates":[[1.92346,42.77688],[1.91735,42.77041]]}},
{"type":"Feature","id":"way/1552146836","properties":{"station_id":"ascou-pailheres","osm_id":1552146836,"feature":"lift","kind":"platter","name":"Téléski l'Orry d'Ignaux","length_m":553},"geometry":{"type":"LineString","coordinates":[[1.86819,42.75125],[1.86591,42.74657]]}},
{"type":"Feature","id":"way/196826548","properties":{"station_id":"ascou-pailheres","osm_id":196826548,"feature":"piste","kind":"easy","name":"La Languedocienne","length_m":924},"geometry":{"type":"LineString","coordinates":[[1.91724,42.77046],[1.91735,42.77041],[1.9176,42.77039],[1.91794,42.77045],[1.91828,42.77054],[1.91881,42.77075],[1.9192,42.77086],[1.91942,42.77085],[1.91972,42.77082],[1.92008,42.77083],[1.92054,42.77082],[1.9214,42.771],[1.92183,42.77105],[1.92223,42.77106],[1.92279,42.77119],[1.92346,42.77139],[1.92356,42.77138],[1.9238,42.77127],[1.9242,42.77113],[1.92443,42.77115],[1.92455,42.7712],[1.92459,42.77145],[1.92465,42.77154],[1.92492,42.77176],[1.92511,42.77199],[1.92558,42.7722],[1.92591,42.77242],[1.92606,42.77293],[1.92641,42.77335]]}},
{"type":"Feature","id":"way/196826558","properties":{"station_id":"ascou-pailheres","osm_id":196826558,"feature":"piste","kind":"advanced","name":"Les Perdreaux","length_m":838},"geometry":{"type":"LineString","coordinates":[[1.91724,42.77046],[1.91676,42.77071],[1.91652,42.77088],[1.91615,42.77116],[1.91606,42.77139],[1.91601,42.77159],[1.91597,42.77173],[1.91611,42.77196],[1.91631,42.77224],[1.91662,42.77256],[1.91699,42.77293],[1.91727,42.77318],[1.91787,42.77378],[1.91812,42.77416],[1.91829,42.77434],[1.91845,42.77455],[1.91884,42.77497],[1.91934,42.77549],[1.92042,42.77661]]}},
{"type":"Feature","id":"way/196826562","properties":{"station_id":"ascou-pailheres","osm_id":196826562,"feature":"piste","kind":"intermediate","name":"Le Lièvre","length_m":514},"geometry":{"type":"LineString","coordinates":[[1.9214,42.771],[1.92201,42.7721],[1.92339,42.77442],[1.92353,42.77503],[1.92346,42.77531]]}},
{"type":"Feature","id":"way/196826563","properties":{"station_id":"ascou-pailheres","osm_id":196826563,"feature":"piste","kind":"intermediate","name":"Les Rhodos","length_m":659},"geometry":{"type":"LineString","coordinates":[[1.91881,42.77075],[1.91878,42.7712],[1.91923,42.77177],[1.92008,42.77284],[1.92107,42.77371],[1.922,42.77412],[1.92314,42.77476],[1.92346,42.77531]]}},
{"type":"Feature","id":"way/196826572","properties":{"station_id":"ascou-pailheres","osm_id":196826572,"feature":"piste","kind":"advanced","name":"Les Eychards","length_m":971},"geometry":{"type":"LineString","coordinates":[[1.91601,42.77159],[1.91567,42.7718],[1.91529,42.77201],[1.91462,42.77236],[1.91383,42.77278],[1.9139,42.773],[1.91412,42.77325],[1.91457,42.77383],[1.91486,42.77448],[1.91482,42.77469],[1.91458,42.77492],[1.91435,42.77507],[1.91419,42.77529],[1.91431,42.77544],[1.91511,42.77549],[1.9159,42.77554],[1.91629,42.77556],[1.91684,42.77556],[1.91734,42.77551],[1.91775,42.77544],[1.91838,42.77545],[1.91934,42.77549]]}},
{"type":"Feature","id":"way/49579156","properties":{"station_id":"ax-3-domaines","osm_id":49579156,"feature":"lift","kind":"gondola","name":"Baou","length_m":2773},"geometry":{"type":"LineString","coordinates":[[1.83718,42.71877],[1.83699,42.71864],[1.83669,42.71841],[1.83629,42.71812],[1.83553,42.71756],[1.83383,42.71632],[1.83344,42.71603],[1.83239,42.71526],[1.83112,42.71433],[1.82909,42.71284],[1.82747,42.71165],[1.82612,42.71066],[1.82446,42.70944],[1.82351,42.70874],[1.8227,42.70815],[1.82135,42.70716],[1.81911,42.70552],[1.81759,42.7044],[1.81614,42.70334],[1.81467,42.70226],[1.81375,42.70158],[1.81347,42.70138],[1.81316,42.70115]]}},
{"type":"Feature","id":"way/49579157","properties":{"station_id":"ax-3-domaines","osm_id":49579157,"feature":"lift","kind":"platter","name":"Casse","length_m":485},"geometry":{"type":"LineString","coordinates":[[1.79486,42.67356],[1.79527,42.67298],[1.79593,42.67204],[1.79656,42.67116],[1.79721,42.67024],[1.79743,42.66992],[1.79759,42.66969]]}},
{"type":"Feature","id":"way/49579158","properties":{"station_id":"ax-3-domaines","osm_id":49579158,"feature":"lift","kind":"chair_lift","name":"Tute","length_m":1240},"geometry":{"type":"LineString","coordinates":[[1.79161,42.67461],[1.79158,42.67401],[1.79153,42.67317],[1.79147,42.6722],[1.79137,42.67063],[1.79132,42.66976],[1.79125,42.66862],[1.79118,42.66752],[1.79113,42.66657],[1.79106,42.66551],[1.79102,42.6648],[1.79099,42.66424],[1.79095,42.66369],[1.79094,42.66347]]}},
{"type":"Feature","id":"way/49579162","properties":{"station_id":"ax-3-domaines","osm_id":49579162,"feature":"lift","kind":"chair_lift","name":"Rebenty","length_m":1747},"geometry":{"type":"LineString","coordinates":[[1.80823,42.66287],[1.80758,42.66275],[1.80599,42.66245],[1.80566,42.66238],[1.80445,42.66215],[1.80333,42.66194],[1.80245,42.66177],[1.8011,42.66152],[1.80013,42.66133],[1.79921,42.66116],[1.79781,42.66089],[1.79657,42.66066],[1.79564,42.66048],[1.795,42.66036],[1.7936,42.66009],[1.79347,42.66006],[1.79206,42.6598],[1.79067,42.65953],[1.78822,42.65907],[1.78797,42.65902],[1.78781,42.65899],[1.78754,42.65894]]}},
{"type":"Feature","id":"way/49579170","properties":{"station_id":"ax-3-domaines","osm_id":49579170,"feature":"lift","kind":"gondola","name":"Bonascre-Le Saquet","length_m":2591},"geometry":{"type":"LineString","coordinates":[[1.81217,42.69911],[1.81198,42.69885],[1.81131,42.69791],[1.81053,42.69684],[1.81011,42.69625],[1.80964,42.69561],[1.80909,42.69484],[1.80847,42.69399],[1.80837,42.69385],[1.80772,42.69294],[1.807,42.69195],[1.8064,42.69112],[1.80573,42.69018],[1.80505,42.68923],[1.80455,42.68855],[1.80433,42.68826],[1.80423,42.68811],[1.80417,42.68804],[1.80306,42.6865],[1.80285,42.6862],[1.80274,42.68605],[1.80256,42.68581],[1.80216,42.68525],[1.80136,42.68414],[1.80096,42.68359],[1.80086,42.68346],[1.80054,42.68301],[1.79986,42.68207],[1.7995,42.68158],[1.79905,42.68095],[1.79885,42.68067],[1.79871,42.68047],[1.79841,42.68006],[1.79792,42.67938],[1.79758,42.67891],[1.7973,42.67853]]}},
{"type":"Feature","id":"way/49579171","properties":{"station_id":"ax-3-domaines","osm_id":49579171,"feature":"lift","kind":"chair_lift","name":"Mansèdre","length_m":925},"geometry":{"type":"LineString","coordinates":[[1.80976,42.67921],[1.80956,42.67918],[1.8089,42.67905],[1.80731,42.67878],[1.80666,42.67867],[1.80546,42.67846],[1.80445,42.6783],[1.80428,42.67827],[1.80408,42.67824],[1.80288,42.67803],[1.8019,42.67787],[1.80107,42.67772],[1.7992,42.6774],[1.79893,42.67736],[1.79887,42.67735],[1.79874,42.67733]]}},
{"type":"Feature","id":"way/49579175","properties":{"station_id":"ax-3-domaines","osm_id":49579175,"feature":"lift","kind":"platter","name":"Chalets","length_m":335},"geometry":{"type":"LineString","coordinates":[[1.7957,42.67385],[1.79603,42.67392],[1.79681,42.67409],[1.79741,42.67421],[1.79759,42.67425],[1.7984,42.67442],[1.79923,42.6746],[1.79964,42.67468]]}},
{"type":"Feature","id":"way/49579176","properties":{"station_id":"ax-3-domaines","osm_id":49579176,"feature":"lift","kind":"chair_lift","name":"Ours","length_m":497},"geometry":{"type":"LineString","coordinates":[[1.79507,42.67378],[1.7951,42.67384],[1.79516,42.67398],[1.79558,42.67488],[1.79594,42.67566],[1.79628,42.67639],[1.79657,42.67702],[1.79681,42.67754],[1.79695,42.67786],[1.79702,42.67801]]}},
{"type":"Feature","id":"way/49579183","properties":{"station_id":"ax-3-domaines","osm_id":49579183,"feature":"lift","kind":"platter","name":"Lisière","length_m":286},"geometry":{"type":"LineString","coordinates":[[1.81368,42.69868],[1.81315,42.69704],[1.81294,42.6964],[1.81287,42.69618]]}},
{"type":"Feature","id":"way/49900287","properties":{"station_id":"ax-3-domaines","osm_id":49900287,"feature":"lift","kind":"chair_lift","name":"Lièvre Blanc","length_m":2562},"geometry":{"type":"LineString","coordinates":[[1.8118,42.69921],[1.8117,42.69908],[1.81143,42.69871],[1.81059,42.69757],[1.81007,42.69687],[1.80965,42.6963],[1.80874,42.69506],[1.808,42.69405],[1.80738,42.69321],[1.80681,42.69244],[1.80596,42.69128],[1.80515,42.69018],[1.80442,42.68919],[1.8039,42.68849],[1.80355,42.68801],[1.80231,42.68632],[1.80192,42.68579],[1.80127,42.6849],[1.80071,42.68415],[1.79982,42.68293],[1.79929,42.68221],[1.79873,42.68145],[1.79798,42.68043],[1.7976,42.6799],[1.79727,42.67946],[1.79701,42.67911],[1.79689,42.67894]]}},
{"type":"Feature","id":"way/206983040","properties":{"station_id":"ax-3-domaines","osm_id":206983040,"feature":"lift","kind":"platter","name":"Col","length_m":371},"geometry":{"type":"LineString","coordinates":[[1.7957,42.6738],[1.79664,42.67367],[1.79743,42.67355],[1.7986,42.67339],[1.79971,42.67323],[1.80016,42.67317]]}},
{"type":"Feature","id":"way/206983042","properties":{"station_id":"ax-3-domaines","osm_id":206983042,"feature":"lift","kind":"chair_lift","name":"Ours","length_m":1163},"geometry":{"type":"LineString","coordinates":[[1.79507,42.67378],[1.79505,42.67371],[1.79493,42.6734],[1.79463,42.67257],[1.79429,42.67163],[1.79392,42.67064],[1.79357,42.66965],[1.79322,42.6687],[1.79287,42.66774],[1.79245,42.6666],[1.79214,42.66575],[1.79188,42.66502],[1.7916,42.66426],[1.79143,42.6638],[1.79139,42.66368]]}},
{"type":"Feature","id":"way/206983043","properties":{"station_id":"ax-3-domaines","osm_id":206983043,"feature":"lift","kind":"drag_lift","name":"Orry","length_m":843},"geometry":{"type":"LineString","coordinates":[[1.80238,42.65981],[1.80121,42.65929],[1.80013,42.6588],[1.79944,42.6585],[1.79887,42.65825],[1.79773,42.65773],[1.7967,42.65728],[1.79569,42.65682],[1.79537,42.65668],[1.79448,42.65665],[1.79341,42.65661],[1.79327,42.6566]]}},
{"type":"Feature","id":"way/206987675","properties":{"station_id":"ax-3-domaines","osm_id":206987675,"feature":"lift","kind":"platter","name":"Lusclade","length_m":863},"geometry":{"type":"LineString","coordinates":[[1.81374,42.69867],[1.81322,42.69703],[1.81288,42.69596],[1.81212,42.69517],[1.81097,42.69396],[1.81022,42.69318],[1.80982,42.69275],[1.80922,42.69241],[1.80879,42.69218],[1.80867,42.69211]]}},
{"type":"Feature","id":"way/265421807","properties":{"station_id":"ax-3-domaines","osm_id":265421807,"feature":"lift","kind":"magic_carpet","name":"Bulle","length_m":48},"geometry":{"type":"LineString","coordinates":[[1.81368,42.7001],[1.81335,42.69974]]}},
{"type":"Feature","id":"way/679125745","properties":{"station_id":"ax-3-domaines","osm_id":679125745,"feature":"lift","kind":"rope_tow","name":"Flocon","length_m":128},"geometry":{"type":"LineString","coordinates":[[1.79747,42.67621],[1.79808,42.67727]]}},
{"type":"Feature","id":"way/679608935","properties":{"station_id":"ax-3-domaines","osm_id":679608935,"feature":"lift","kind":"chair_lift","name":"Savis II","length_m":1109},"geometry":{"type":"LineString","coordinates":[[1.81275,42.67317],[1.81301,42.67269],[1.81359,42.67167],[1.81414,42.6707],[1.81463,42.66982],[1.81525,42.66873],[1.81591,42.66756],[1.81663,42.66627],[1.8173,42.66508],[1.81779,42.66421],[1.81784,42.66413],[1.81794,42.66396]]}},
{"type":"Feature","id":"way/679608940","properties":{"station_id":"ax-3-domaines","osm_id":679608940,"feature":"lift","kind":"chair_lift","name":"Bisorne","length_m":1074},"geometry":{"type":"LineString","coordinates":[[1.8124,42.67324],[1.81173,42.67336],[1.81011,42.67359],[1.80911,42.67375],[1.80798,42.67391],[1.807,42.67405],[1.80541,42.67429],[1.80401,42.67449],[1.80351,42.67457],[1.80223,42.67477],[1.8019,42.67481],[1.80027,42.67506],[1.80009,42.67508],[1.79982,42.6751],[1.79952,42.67513]]}},
{"type":"Feature","id":"way/790727283","properties":{"station_id":"ax-3-domaines","osm_id":790727283,"feature":"lift","kind":"cable_car","name":"Ancien Téléphérique du Berduquet","length_m":2255},"geometry":{"type":"LineString","coordinates":[[1.79934,42.67589],[1.81552,42.68287],[1.8194,42.68455],[1.82313,42.68616]]}},
{"type":"Feature","id":"way/1023711271","properties":{"station_id":"ax-3-domaines","osm_id":1023711271,"feature":"lift","kind":"drag_lift","name":"Gypaète","length_m":127},"geometry":{"type":"LineString","coordinates":[[1.81431,42.6998],[1.81404,42.69954],[1.81354,42.69907],[1.81335,42.6989]]}},
{"type":"Feature","id":"way/1038050271","properties":{"station_id":"ax-3-domaines","osm_id":1038050271,"feature":"lift","kind":"magic_carpet","name":"Ourson","length_m":19},"geometry":{"type":"LineString","coordinates":[[1.81452,42.69965],[1.81437,42.69952]]}},
{"type":"Feature","id":"way/1038050272","properties":{"station_id":"ax-3-domaines","osm_id":1038050272,"feature":"lift","kind":"magic_carpet","name":"Piou Piou","length_m":17},"geometry":{"type":"LineString","coordinates":[[1.8147,42.69965],[1.81456,42.69954]]}},
{"type":"Feature","id":"way/1038050275","properties":{"station_id":"ax-3-domaines","osm_id":1038050275,"feature":"lift","kind":"drag_lift","name":"École","length_m":116},"geometry":{"type":"LineString","coordinates":[[1.79708,42.67575],[1.7984,42.67614]]}},
{"type":"Feature","id":"way/1241339461","properties":{"station_id":"ax-3-domaines","osm_id":1241339461,"feature":"lift","kind":"rope_tow","name":"Desman","length_m":40},"geometry":{"type":"LineString","coordinates":[[1.8132,42.69953],[1.81292,42.69924]]}},
{"type":"Feature","id":"way/1266442393","properties":{"station_id":"ax-3-domaines","osm_id":1266442393,"feature":"lift","kind":"rope_tow","name":"Ariane","length_m":59},"geometry":{"type":"LineString","coordinates":[[1.79867,42.67656],[1.79855,42.67708]]}},
{"type":"Feature","id":"way/1552150834","properties":{"station_id":"ax-3-domaines","osm_id":1552150834,"feature":"lift","kind":"chair_lift","name":"TSF2 Crémade","length_m":1192},"geometry":{"type":"LineString","coordinates":[[1.81118,42.69885],[1.79961,42.69232]]}},
{"type":"Feature","id":"way/1552151081","properties":{"station_id":"ax-3-domaines","osm_id":1552151081,"feature":"lift","kind":"platter","name":"Manseille","length_m":1483},"geometry":{"type":"LineString","coordinates":[[1.79802,42.69197],[1.79883,42.68424],[1.79656,42.67891]]}},
{"type":"Feature","id":"way/1552151812","properties":{"station_id":"ax-3-domaines","osm_id":1552151812,"feature":"lift","kind":"chair_lift","name":"TSF2 Savis","length_m":1621},"geometry":{"type":"LineString","coordinates":[[1.81685,42.66424],[1.80957,42.6671],[1.80955,42.66711],[1.79932,42.67105]]}},
{"type":"Feature","id":"way/49579160","properties":{"station_id":"ax-3-domaines","osm_id":49579160,"feature":"piste","kind":"novice","name":"Saquet","length_m":170},"geometry":{"type":"LineString","coordinates":[[1.79756,42.66986],[1.79787,42.67007],[1.7982,42.67023],[1.79835,42.67034],[1.79853,42.67048],[1.79866,42.67076],[1.79886,42.671]]}},
{"type":"Feature","id":"way/49579161","properties":{"station_id":"ax-3-domaines","osm_id":49579161,"feature":"piste","kind":"intermediate","name":"Ours","length_m":916},"geometry":{"type":"LineString","coordinates":[[1.79202,42.6662],[1.79228,42.66773],[1.79267,42.6692],[1.79351,42.67018],[1.7946,42.6716],[1.79505,42.67259],[1.79474,42.67357],[1.7948,42.67367],[1.79487,42.67375],[1.79497,42.67379],[1.79507,42.67378]]}},
{"type":"Feature","id":"way/49579164","properties":{"station_id":"ax-3-domaines","osm_id":49579164,"feature":"piste","kind":"advanced","name":"Olympique","length_m":372},"geometry":{"type":"LineString","coordinates":[[1.79042,42.66239],[1.79104,42.66267],[1.7911,42.66256],[1.79128,42.66239],[1.79139,42.6623],[1.79166,42.66213],[1.79187,42.66199],[1.79216,42.66171],[1.79245,42.66162],[1.79282,42.66154],[1.79328,42.6615],[1.79371,42.66156],[1.79391,42.66159],[1.79419,42.6616]]}},
{"type":"Feature","id":"way/49579165","properties":{"station_id":"ax-3-domaines","osm_id":49579165,"feature":"piste","kind":"intermediate","name":"Orry","length_m":878},"geometry":{"type":"LineString","coordinates":[[1.79312,42.65662],[1.79326,42.65678],[1.79344,42.65684],[1.79409,42.65682],[1.79445,42.65683],[1.7948,42.65688],[1.79502,42.65697],[1.7952,42.65708],[1.79542,42.6573],[1.79562,42.65766],[1.7958,42.6579],[1.79599,42.65802],[1.79617,42.65807],[1.79637,42.65815],[1.79683,42.65838],[1.79737,42.65859],[1.79934,42.65884],[1.79983,42.65897],[1.80194,42.65973],[1.80238,42.65981]]}},
{"type":"Feature","id":"way/49579166","properties":{"station_id":"ax-3-domaines","osm_id":49579166,"feature":"piste","kind":"intermediate","name":"Ours","length_m":306},"geometry":{"type":"LineString","coordinates":[[1.79098,42.66331],[1.79106,42.66335],[1.79109,42.66341],[1.79112,42.66352],[1.79116,42.66372],[1.79123,42.66386],[1.79146,42.66515],[1.79145,42.666]]}},
{"type":"Feature","id":"way/49579167","properties":{"station_id":"ax-3-domaines","osm_id":49579167,"feature":"piste","kind":"intermediate","name":"Berger","length_m":1691},"geometry":{"type":"LineString","coordinates":[[1.79078,42.65988],[1.79171,42.66006],[1.79186,42.66022],[1.79193,42.66037],[1.79229,42.66069],[1.79292,42.66089],[1.79331,42.66101],[1.79388,42.6611],[1.79443,42.66112],[1.79461,42.6611],[1.7949,42.66106],[1.7956,42.66093],[1.79595,42.66083],[1.79652,42.66051],[1.79679,42.66027],[1.79727,42.65989],[1.79784,42.65959],[1.79835,42.65937],[1.79922,42.6593],[1.79971,42.65944],[1.80041,42.65958],[1.80106,42.65976],[1.80174,42.66002],[1.80234,42.66023],[1.80293,42.66061],[1.80307,42.66083],[1.80314,42.66094],[1.80328,42.66108],[1.80345,42.6612],[1.80383,42.6614],[1.8042,42.66154],[1.80437,42.66163],[1.80452,42.66172],[1.8048,42.66185],[1.80512,42.66194],[1.80543,42.66196],[1.80574,42.66193],[1.8062,42.66192],[1.80645,42.66191],[1.80675,42.66194],[1.80704,42.66205],[1.80705,42.66206],[1.80747,42.66223],[1.8079,42.66243],[1.80834,42.66262],[1.80855,42.66275]]}},
{"type":"Feature","id":"way/49579168","properties":{"station_id":"ax-3-domaines","osm_id":49579168,"feature":"piste","kind":"intermediate","name":"Coq","length_m":510},"geometry":{"type":"LineString","coordinates":[[1.81429,42.66393],[1.81422,42.66429],[1.81409,42.66449],[1.81396,42.66459],[1.81363,42.66474],[1.81156,42.66534],[1.81108,42.66561],[1.81022,42.6662],[1.80997,42.6668]]}},
{"type":"Feature","id":"way/49579169","properties":{"station_id":"ax-3-domaines","osm_id":49579169,"feature":"piste","kind":"advanced","name":"Couillade","length_m":848},"geometry":{"type":"LineString","coordinates":[[1.78754,42.65894],[1.78733,42.65891],[1.78688,42.65886],[1.78621,42.65862],[1.78576,42.65829],[1.78549,42.65751],[1.78507,42.65652],[1.78507,42.65646],[1.78515,42.65641],[1.78593,42.65612],[1.7869,42.65572],[1.78769,42.65543],[1.78798,42.65532],[1.78819,42.65529],[1.78901,42.65523],[1.78942,42.65525],[1.78967,42.65528],[1.79002,42.65534],[1.79038,42.65541]]}},
{"type":"Feature","id":"way/49579172","properties":{"station_id":"ax-3-domaines","osm_id":49579172,"feature":"piste","kind":"easy","name":"Bonascre","length_m":3164},"geometry":{"type":"LineString","coordinates":[[1.79876,42.67937],[1.79907,42.67978],[1.79932,42.6802],[1.79944,42.68057],[1.79954,42.68095],[1.79967,42.68121],[1.79973,42.68135],[1.79976,42.68151],[1.79974,42.68177],[1.79962,42.68222],[1.7996,42.68239],[1.79959,42.68255],[1.79952,42.68286],[1.7995,42.68314],[1.79947,42.68365],[1.79929,42.68501],[1.79936,42.68548],[1.7994,42.68563],[1.79953,42.68593],[1.79972,42.68618],[1.80006,42.68647],[1.8007,42.68712],[1.80092,42.68733],[1.80103,42.68743],[1.80145,42.68795],[1.80153,42.68833],[1.80147,42.68869],[1.8012,42.68909],[1.80093,42.68937],[1.80066,42.68973],[1.80021,42.69044],[1.7997,42.69108],[1.79956,42.69136],[1.79953,42.692],[1.80009,42.69211],[1.80052,42.69205],[1.80126,42.69173],[1.80204,42.69158],[1.803,42.69173],[1.80456,42.69214],[1.80546,42.69221],[1.80638,42.69219],[1.80776,42.69236],[1.8084,42.69241],[1.80878,42.69249],[1.80917,42.69271],[1.80983,42.69334],[1.81015,42.69375],[1.8112,42.69474],[1.81233,42.69576],[1.8126,42.69638],[1.81296,42.69811],[1.81279,42.6987],[1.81259,42.69926]]}},
{"type":"Feature","id":"way/49579173","properties":{"station_id":"ax-3-domaines","osm_id":49579173,"feature":"piste","kind":"intermediate","name":"Pylônes","length_m":863},"geometry":{"type":"LineString","coordinates":[[1.80103,42.68743],[1.80163,42.68763],[1.80263,42.68809],[1.80426,42.6884],[1.80455,42.68849],[1.80473,42.68865],[1.80593,42.69012],[1.80743,42.69196],[1.80775,42.69224],[1.8084,42.69241]]}},
{"type":"Feature","id":"way/49579174","properties":{"station_id":"ax-3-domaines","osm_id":49579174,"feature":"piste","kind":"intermediate","name":"Bisorne","length_m":1515},"geometry":{"type":"LineString","coordinates":[[1.79855,42.67733],[1.79865,42.67719],[1.7988,42.67707],[1.79901,42.67702],[1.79955,42.67711],[1.80031,42.67719],[1.8007,42.67716],[1.80101,42.67696],[1.80113,42.67675],[1.80125,42.67638],[1.80147,42.67576],[1.80164,42.6754],[1.80192,42.67525],[1.80314,42.67508],[1.80435,42.67483],[1.80475,42.67467],[1.80495,42.67462],[1.8052,42.6746],[1.80567,42.67461],[1.80605,42.6746],[1.8067,42.67458],[1.80711,42.67445],[1.80741,42.67438],[1.80762,42.67438],[1.80781,42.67447],[1.80809,42.67473],[1.80834,42.67511],[1.80855,42.67566],[1.80911,42.67651],[1.80915,42.67664],[1.80914,42.6768],[1.80902,42.677],[1.80897,42.67721],[1.80903,42.67748],[1.80944,42.6782],[1.80997,42.67928]]}},
{"type":"Feature","id":"way/49579178","properties":{"station_id":"ax-3-domaines","osm_id":49579178,"feature":"piste","kind":"novice","name":"Chalet","length_m":343},"geometry":{"type":"LineString","coordinates":[[1.79944,42.67477],[1.79795,42.67446],[1.79738,42.67443],[1.79713,42.67442],[1.79685,42.67436],[1.79645,42.67421],[1.79591,42.67405],[1.79574,42.67417],[1.79551,42.67427]]}},
{"type":"Feature","id":"way/49579179","properties":{"station_id":"ax-3-domaines","osm_id":49579179,"feature":"piste","kind":"novice","name":null,"length_m":447},"geometry":{"type":"LineString","coordinates":[[1.79698,42.67822],[1.79684,42.67813],[1.79661,42.67785],[1.79659,42.6778],[1.79644,42.67743],[1.79622,42.67678],[1.79584,42.67567],[1.79555,42.67509],[1.79538,42.67463],[1.79531,42.67443]]}},
{"type":"Feature","id":"way/49579180","properties":{"station_id":"ax-3-domaines","osm_id":49579180,"feature":"piste","kind":"novice","name":null,"length_m":478},"geometry":{"type":"LineString","coordinates":[[1.79735,42.67818],[1.79729,42.67732],[1.79706,42.67666],[1.79613,42.67457],[1.79586,42.67438],[1.79551,42.67427]]}},
{"type":"Feature","id":"way/49579181","properties":{"station_id":"ax-3-domaines","osm_id":49579181,"feature":"piste","kind":"easy","name":"Casse","length_m":415},"geometry":{"type":"LineString","coordinates":[[1.79459,42.67388],[1.79305,42.6739],[1.79249,42.6739],[1.79191,42.67382],[1.79163,42.67383],[1.79121,42.67397],[1.79115,42.67432],[1.79126,42.67464],[1.79132,42.67473],[1.79135,42.67476],[1.79147,42.67481],[1.79149,42.67482],[1.79151,42.67482],[1.79153,42.67482],[1.79155,42.67482],[1.79157,42.6748],[1.79159,42.67478],[1.79161,42.67475],[1.79162,42.67471],[1.79161,42.67461]]}},
{"type":"Feature","id":"way/49579182","properties":{"station_id":"ax-3-domaines","osm_id":49579182,"feature":"piste","kind":"easy","name":null,"length_m":599},"geometry":{"type":"LineString","coordinates":[[1.79459,42.67388],[1.79415,42.67378],[1.79381,42.67365],[1.79359,42.67344],[1.79319,42.67324],[1.79296,42.67321],[1.79246,42.67319],[1.7921,42.67311],[1.79185,42.67308],[1.79118,42.67301],[1.79097,42.67303],[1.79034,42.67312],[1.78986,42.67321],[1.78971,42.67327],[1.7897,42.67333],[1.78975,42.67341],[1.78991,42.67349],[1.79044,42.67381],[1.79115,42.67432]]}},
{"type":"Feature","id":"way/49606334","properties":{"station_id":"ax-3-domaines","osm_id":49606334,"feature":"piste","kind":"easy","name":"Corniche","length_m":973},"geometry":{"type":"LineString","coordinates":[[1.78733,42.65891],[1.78744,42.65923],[1.78785,42.65989],[1.78804,42.66013],[1.78874,42.66098],[1.78921,42.66147],[1.79033,42.66245],[1.79017,42.66262],[1.79021,42.66295],[1.79021,42.66382],[1.79016,42.66414],[1.79009,42.6644],[1.78999,42.6648],[1.79004,42.66498],[1.79019,42.66514],[1.79057,42.66557],[1.79072,42.6657],[1.79097,42.66583],[1.79145,42.666],[1.79202,42.6662]]}},
{"type":"Feature","id":"way/49900288","properties":{"station_id":"ax-3-domaines","osm_id":49900288,"feature":"piste","kind":"easy","name":"Manseille","length_m":1038},"geometry":{"type":"LineString","coordinates":[[1.79952,42.68286],[1.79935,42.68301],[1.79919,42.68347],[1.79887,42.68484],[1.79873,42.68589],[1.79864,42.6874],[1.79846,42.68961],[1.79842,42.69011],[1.79874,42.69111],[1.79888,42.69162],[1.79898,42.69183],[1.79908,42.69204]]}},
{"type":"Feature","id":"way/49900289","properties":{"station_id":"ax-3-domaines","osm_id":49900289,"feature":"piste","kind":"advanced","name":"Mansèdre","length_m":1314},"geometry":{"type":"LineString","coordinates":[[1.79813,42.67886],[1.79851,42.67882],[1.79889,42.67889],[1.7991,42.67906],[1.79918,42.67921],[1.79935,42.67936],[1.79956,42.67943],[1.79967,42.67949],[1.79984,42.67948],[1.79997,42.6794],[1.80007,42.67929],[1.80014,42.67914],[1.8002,42.67906],[1.80052,42.67899],[1.80102,42.67894],[1.80138,42.67893],[1.80165,42.67887],[1.80182,42.67886],[1.80196,42.67885],[1.80227,42.6789],[1.8025,42.67892],[1.80277,42.67894],[1.80306,42.67901],[1.80338,42.67905],[1.80357,42.67896],[1.80363,42.67893],[1.80368,42.67884],[1.80372,42.67877],[1.80378,42.67855],[1.80381,42.67838],[1.80378,42.67825],[1.80375,42.6781],[1.80378,42.67788],[1.80392,42.67762],[1.80404,42.67756],[1.80417,42.67749],[1.80449,42.67739],[1.80494,42.67745],[1.8054,42.67748],[1.8057,42.67754],[1.80587,42.67765],[1.80599,42.67778],[1.806,42.67791],[1.80608,42.67821],[1.80615,42.67841],[1.80622,42.67865],[1.80634,42.67879],[1.80667,42.67897],[1.80692,42.67914],[1.80716,42.67934],[1.80748,42.67945],[1.80803,42.67953],[1.80829,42.67964],[1.80863,42.67967],[1.8089,42.67964],[1.80915,42.67952],[1.80947,42.67947],[1.80997,42.67928]]}},
{"type":"Feature","id":"way/49900290","properties":{"station_id":"ax-3-domaines","osm_id":49900290,"feature":"piste","kind":"easy","name":"Fontfrede","length_m":1279},"geometry":{"type":"LineString","coordinates":[[1.79947,42.68365],[1.79952,42.68371],[1.7996,42.68373],[1.79971,42.68372],[1.7998,42.68364],[1.79991,42.68345],[1.80018,42.68317],[1.80033,42.68291],[1.8005,42.6828],[1.8006,42.6828],[1.80068,42.68282],[1.80075,42.6829],[1.80076,42.68299],[1.80071,42.68346],[1.80075,42.68376],[1.80086,42.68389],[1.80093,42.68391],[1.80102,42.68391],[1.80141,42.68384],[1.80186,42.68363],[1.80232,42.68333],[1.80252,42.68327],[1.80268,42.68322],[1.80298,42.68315],[1.80346,42.68309],[1.80363,42.68305],[1.80376,42.68301],[1.80426,42.68277],[1.80484,42.68262],[1.80588,42.68257],[1.80608,42.68251],[1.80636,42.68238],[1.80713,42.68184],[1.80773,42.68152],[1.80845,42.68128],[1.80939,42.681],[1.80945,42.68095],[1.80948,42.68089],[1.80949,42.6807],[1.8094,42.68045],[1.80938,42.68031],[1.80939,42.6802],[1.80943,42.68004],[1.80954,42.67986],[1.80965,42.67967],[1.80997,42.67928]]}},
{"type":"Feature","id":"way/206983038","properties":{"station_id":"ax-3-domaines","osm_id":206983038,"feature":"piste","kind":"easy","name":"Bonascre","length_m":32},"geometry":{"type":"LineString","coordinates":[[1.79735,42.67818],[1.79719,42.67816],[1.79698,42.67822]]}},
{"type":"Feature","id":"way/206983039","properties":{"station_id":"ax-3-domaines","osm_id":206983039,"feature":"piste","kind":"novice","name":"Boulevard de la Griole Haut","length_m":2240},"geometry":{"type":"LineString","coordinates":[[1.79517,42.67446],[1.79515,42.67467],[1.79484,42.67542],[1.79443,42.67601],[1.79381,42.67676],[1.79329,42.67729],[1.79292,42.6777],[1.79276,42.6781],[1.79267,42.67871],[1.79268,42.67931],[1.79283,42.67999],[1.79327,42.6808],[1.79394,42.68158],[1.79445,42.68201],[1.79525,42.68231],[1.79595,42.68249],[1.7967,42.6826],[1.79701,42.68271],[1.79729,42.68294],[1.79758,42.68336],[1.7977,42.68392],[1.79767,42.68441],[1.79754,42.6854],[1.79734,42.68572],[1.79705,42.68612],[1.79677,42.68668],[1.79672,42.68728],[1.79689,42.6881],[1.79706,42.68851],[1.79721,42.68912],[1.79744,42.68953],[1.79787,42.6899],[1.79823,42.69034],[1.79834,42.69047],[1.79845,42.69064],[1.79861,42.69115],[1.79868,42.69149],[1.79868,42.69167],[1.79861,42.69188]]}},
{"type":"Feature","id":"way/206983041","properties":{"station_id":"ax-3-domaines","osm_id":206983041,"feature":"piste","kind":"intermediate","name":"Combes","length_m":801},"geometry":{"type":"LineString","coordinates":[[1.78733,42.65891],[1.78729,42.65863],[1.78772,42.65796],[1.78822,42.65762],[1.78905,42.65727],[1.78977,42.65674],[1.79028,42.65584],[1.79038,42.65541],[1.79071,42.65546],[1.79126,42.65547],[1.79218,42.65555],[1.79294,42.65561],[1.79361,42.65572],[1.79417,42.65574]]}},
{"type":"Feature","id":"way/206983044","properties":{"station_id":"ax-3-domaines","osm_id":206983044,"feature":"piste","kind":"easy","name":"Savis","length_m":3192},"geometry":{"type":"LineString","coordinates":[[1.79098,42.66331],[1.79084,42.66314],[1.79063,42.66283],[1.79033,42.66245],[1.79042,42.66239],[1.79053,42.66232],[1.79028,42.66178],[1.79011,42.66154],[1.78993,42.66106],[1.78983,42.66067],[1.78984,42.66047],[1.78989,42.66032],[1.78996,42.6602],[1.79006,42.66012],[1.79078,42.65988],[1.79108,42.65972],[1.79148,42.65921],[1.79179,42.65878],[1.79256,42.65779],[1.79302,42.65713],[1.79312,42.65662],[1.79303,42.65627],[1.79314,42.65607],[1.7935,42.65585],[1.79417,42.65574],[1.79477,42.65571],[1.79516,42.65576],[1.79609,42.65596],[1.79674,42.65616],[1.79726,42.65627],[1.79754,42.6563],[1.79794,42.65636],[1.79821,42.65655],[1.79877,42.65707],[1.79941,42.65739],[1.80017,42.65766],[1.80187,42.65799],[1.80318,42.65865],[1.80378,42.65911],[1.80394,42.6594],[1.80412,42.65967],[1.80428,42.65977],[1.80446,42.65984],[1.80463,42.65988],[1.80479,42.6599],[1.80516,42.65991],[1.80582,42.65979],[1.80664,42.65966],[1.80698,42.65957],[1.80735,42.65953],[1.80756,42.65954],[1.80774,42.6596],[1.80781,42.65965],[1.80804,42.65978],[1.80835,42.66004],[1.8087,42.66056],[1.8088,42.66091],[1.80914,42.66143],[1.80925,42.66164],[1.80923,42.66218],[1.80899,42.66253],[1.80878,42.66266],[1.80855,42.66275],[1.80883,42.66337],[1.80962,42.66442],[1.80979,42.66492],[1.80996,42.6664],[1.80997,42.6668]]}},
{"type":"Feature","id":"way/206983045","properties":{"station_id":"ax-3-domaines","osm_id":206983045,"feature":"piste","kind":"advanced","name":"Tute","length_m":907},"geometry":{"type":"LineString","coordinates":[[1.79097,42.66583],[1.79083,42.66753],[1.79088,42.66929],[1.79085,42.67022],[1.79087,42.67111],[1.79092,42.67149],[1.79097,42.67175],[1.7911,42.67238],[1.79118,42.67301],[1.79121,42.67397]]}},
{"type":"Feature","id":"way/206983048","properties":{"station_id":"ax-3-domaines","osm_id":206983048,"feature":"piste","kind":"novice","name":null,"length_m":31},"geometry":{"type":"LineString","coordinates":[[1.79855,42.67733],[1.79817,42.67734]]}},
{"type":"Feature","id":"way/206983049","properties":{"station_id":"ax-3-domaines","osm_id":206983049,"feature":"piste","kind":"easy","name":null,"length_m":37},"geometry":{"type":"LineString","coordinates":[[1.79908,42.69204],[1.79953,42.692]]}},
{"type":"Feature","id":"way/206983050","properties":{"station_id":"ax-3-domaines","osm_id":206983050,"feature":"piste","kind":"easy","name":null,"length_m":169},"geometry":{"type":"LineString","coordinates":[[1.80378,42.65911],[1.80358,42.65936],[1.80339,42.65966],[1.80324,42.6598],[1.80307,42.6599],[1.803,42.65993],[1.80292,42.65995],[1.80281,42.65996],[1.8027,42.65995],[1.80238,42.65981]]}},
{"type":"Feature","id":"way/206987666","properties":{"station_id":"ax-3-domaines","osm_id":206987666,"feature":"piste","kind":"easy","name":"Casse","length_m":125},"geometry":{"type":"LineString","coordinates":[[1.79123,42.66386],[1.79133,42.66395],[1.79146,42.66402],[1.79164,42.66412],[1.79179,42.66426],[1.79215,42.66474]]}},
{"type":"Feature","id":"way/206987667","properties":{"station_id":"ax-3-domaines","osm_id":206987667,"feature":"piste","kind":"intermediate","name":"Competition","length_m":521},"geometry":{"type":"LineString","coordinates":[[1.79267,42.6692],[1.79275,42.67041],[1.79252,42.67099],[1.79241,42.67129],[1.7924,42.67159],[1.79234,42.67202],[1.7921,42.67311],[1.79191,42.67382]]}},
{"type":"Feature","id":"way/206987669","properties":{"station_id":"ax-3-domaines","osm_id":206987669,"feature":"piste","kind":"easy","name":"Estagnole","length_m":825},"geometry":{"type":"LineString","coordinates":[[1.81796,42.66392],[1.81797,42.66388],[1.81795,42.66385],[1.81736,42.66373],[1.81695,42.66354],[1.81652,42.66344],[1.81606,42.66337],[1.8156,42.6634],[1.81491,42.66354],[1.81461,42.6637],[1.81429,42.66393],[1.81399,42.66406],[1.81342,42.66413],[1.81307,42.66408],[1.81272,42.66399],[1.8122,42.6637],[1.81155,42.66329],[1.81134,42.66319],[1.81112,42.66307],[1.81089,42.66294],[1.81084,42.66293],[1.81053,42.66283],[1.81022,42.66288],[1.80974,42.6631],[1.80959,42.66331],[1.80942,42.66358]]}},
{"type":"Feature","id":"way/206987671","properties":{"station_id":"ax-3-domaines","osm_id":206987671,"feature":"piste","kind":"intermediate","name":"Tremplin","length_m":584},"geometry":{"type":"LineString","coordinates":[[1.79088,42.66929],[1.79032,42.66954],[1.78975,42.66972],[1.78865,42.67024],[1.78839,42.67044],[1.78834,42.67069],[1.78831,42.67084],[1.78834,42.67103],[1.78848,42.67138],[1.78895,42.67201],[1.78906,42.67221],[1.78919,42.67269],[1.78944,42.673],[1.78971,42.67327]]}},
{"type":"Feature","id":"way/206987672","properties":{"station_id":"ax-3-domaines","osm_id":206987672,"feature":"piste","kind":"novice","name":"Trois Jasses","length_m":467},"geometry":{"type":"LineString","coordinates":[[1.81405,42.69457],[1.81418,42.69473],[1.81437,42.69496],[1.8145,42.69522],[1.81457,42.69554],[1.81459,42.69597],[1.8146,42.69636],[1.81455,42.69677],[1.81454,42.69686],[1.81437,42.69733],[1.81425,42.69763],[1.81406,42.6978],[1.81384,42.69806],[1.81379,42.69835],[1.81378,42.69855]]}},
{"type":"Feature","id":"way/206987673","properties":{"station_id":"ax-3-domaines","osm_id":206987673,"feature":"piste","kind":"novice","name":"Trois Jasses","length_m":1543},"geometry":{"type":"LineString","coordinates":[[1.80997,42.6668],[1.81019,42.66711],[1.81036,42.66731],[1.81058,42.6675],[1.81079,42.66769],[1.81099,42.66781],[1.8112,42.66791],[1.8116,42.66801],[1.81207,42.66816],[1.81236,42.66831],[1.81269,42.66852],[1.81281,42.66864],[1.81288,42.66873],[1.81291,42.66882],[1.81285,42.66884],[1.81276,42.66879],[1.81266,42.66868],[1.81234,42.66862],[1.81193,42.66853],[1.81175,42.66854],[1.81146,42.66859],[1.81114,42.66858],[1.81091,42.6686],[1.81085,42.66865],[1.81078,42.66872],[1.81062,42.66875],[1.81039,42.66873],[1.8102,42.66872],[1.80991,42.66898],[1.80974,42.66913],[1.80966,42.66929],[1.80947,42.66953],[1.80918,42.66999],[1.80916,42.67009],[1.80918,42.6702],[1.80926,42.67048],[1.80934,42.67067],[1.80947,42.67081],[1.80961,42.67094],[1.80973,42.67109],[1.80981,42.67126],[1.80986,42.67148],[1.80993,42.67192],[1.81002,42.67215],[1.81011,42.67233],[1.81029,42.67257],[1.81046,42.67287],[1.81053,42.67306],[1.81071,42.67344],[1.81079,42.67372],[1.81091,42.67415],[1.81097,42.6744],[1.81108,42.67466],[1.81128,42.67514],[1.8114,42.67542],[1.81154,42.67569],[1.81176,42.67621],[1.8118,42.67643],[1.81182,42.67662],[1.81182,42.6768]]}},
{"type":"Feature","id":"way/206987674","properties":{"station_id":"ax-3-domaines","osm_id":206987674,"feature":"piste","kind":"novice","name":"Trois Jasses","length_m":2370},"geometry":{"type":"LineString","coordinates":[[1.81182,42.6768],[1.81188,42.6769],[1.81191,42.67733],[1.81211,42.67777],[1.81211,42.67791],[1.81208,42.67819],[1.81215,42.67843],[1.81226,42.67857],[1.8123,42.67875],[1.81241,42.67882],[1.8126,42.67888],[1.81285,42.67916],[1.81337,42.67961],[1.81387,42.67986],[1.81424,42.68012],[1.81431,42.68025],[1.81431,42.68041],[1.81401,42.68093],[1.81372,42.68119],[1.81354,42.68142],[1.81319,42.68193],[1.81302,42.68234],[1.81303,42.68256],[1.81301,42.68275],[1.81294,42.68287],[1.81265,42.6831],[1.81234,42.68332],[1.81211,42.68352],[1.81193,42.68363],[1.81158,42.68381],[1.81105,42.68406],[1.81081,42.68427],[1.81064,42.68441],[1.81027,42.68464],[1.81005,42.6847],[1.8098,42.68479],[1.80976,42.68488],[1.80975,42.68505],[1.80962,42.68521],[1.80953,42.68533],[1.80956,42.68549],[1.80972,42.68575],[1.80995,42.68596],[1.81039,42.68619],[1.81071,42.68637],[1.81077,42.68647],[1.81075,42.68656],[1.81048,42.68671],[1.81035,42.68687],[1.81031,42.68706],[1.81038,42.68745],[1.8104,42.68789],[1.81047,42.688],[1.81056,42.68814],[1.81055,42.68836],[1.81054,42.68887],[1.81063,42.68909],[1.81071,42.68938],[1.81073,42.68956],[1.81078,42.68979],[1.81074,42.69014],[1.8108,42.69035],[1.81077,42.69053],[1.81071,42.69067],[1.81064,42.69081],[1.81074,42.69113],[1.81087,42.69143],[1.81107,42.69157],[1.81137,42.69174],[1.81157,42.69198],[1.81194,42.69242],[1.81237,42.69284],[1.81252,42.69312],[1.81285,42.69333],[1.81314,42.69361],[1.81339,42.69383],[1.81354,42.69403],[1.81376,42.69432],[1.81405,42.69457]]}},
{"type":"Feature","id":"way/206987678","properties":{"station_id":"ax-3-domaines","osm_id":206987678,"feature":"piste","kind":"easy","name":"Prat","length_m":318},"geometry":{"type":"LineString","coordinates":[[1.80997,42.67928],[1.81029,42.67902],[1.81056,42.67876],[1.81085,42.67835],[1.81122,42.67786],[1.81158,42.67743],[1.81169,42.67716],[1.81172,42.67696],[1.81182,42.6768]]}},
{"type":"Feature","id":"way/206987679","properties":{"station_id":"ax-3-domaines","osm_id":206987679,"feature":"piste","kind":"easy","name":null,"length_m":99},"geometry":{"type":"LineString","coordinates":[[1.79202,42.6662],[1.79261,42.66647],[1.79294,42.66676]]}},
{"type":"Feature","id":"way/206987680","properties":{"station_id":"ax-3-domaines","osm_id":206987680,"feature":"piste","kind":"easy","name":"Ourson","length_m":298},"geometry":{"type":"LineString","coordinates":[[1.79576,42.66927],[1.79639,42.66935],[1.79733,42.66942],[1.79775,42.66953],[1.79812,42.66965],[1.79821,42.66972],[1.79825,42.66978],[1.79853,42.67048]]}},
{"type":"Feature","id":"way/206988962","properties":{"station_id":"ax-3-domaines","osm_id":206988962,"feature":"piste","kind":"easy","name":"Bonascre","length_m":151},"geometry":{"type":"LineString","coordinates":[[1.79717,42.6789],[1.79735,42.67916],[1.79749,42.67919],[1.79805,42.67932],[1.79876,42.67937]]}},
{"type":"Feature","id":"way/206988963","properties":{"station_id":"ax-3-domaines","osm_id":206988963,"feature":"piste","kind":"easy","name":"Bonascre","length_m":82},"geometry":{"type":"LineString","coordinates":[[1.79698,42.67822],[1.79688,42.67843],[1.79705,42.67872],[1.79717,42.6789]]}},
{"type":"Feature","id":"way/206988964","properties":{"station_id":"ax-3-domaines","osm_id":206988964,"feature":"piste","kind":"easy","name":"Casse","length_m":465},"geometry":{"type":"LineString","coordinates":[[1.79215,42.66474],[1.79294,42.66676],[1.79382,42.6675],[1.7942,42.66856]]}},
{"type":"Feature","id":"way/206988965","properties":{"station_id":"ax-3-domaines","osm_id":206988965,"feature":"piste","kind":"easy","name":"Casse","length_m":151},"geometry":{"type":"LineString","coordinates":[[1.7942,42.66856],[1.79457,42.66878],[1.79546,42.66919],[1.79576,42.66927]]}},
{"type":"Feature","id":"way/206988966","properties":{"station_id":"ax-3-domaines","osm_id":206988966,"feature":"piste","kind":"novice","name":"Saquet","length_m":569},"geometry":{"type":"LineString","coordinates":[[1.79886,42.671],[1.79886,42.67108],[1.79885,42.67158],[1.79844,42.67219],[1.79832,42.67246],[1.79818,42.67259],[1.79791,42.67284],[1.79708,42.67321],[1.79615,42.67345],[1.79566,42.67351],[1.79535,42.67354],[1.79512,42.67358],[1.79498,42.67363],[1.79491,42.6737],[1.79487,42.67375],[1.79493,42.67386],[1.79503,42.67394],[1.79509,42.674],[1.79514,42.67409],[1.79516,42.67418],[1.79517,42.67431]]}},
{"type":"Feature","id":"way/206988972","properties":{"station_id":"ax-3-domaines","osm_id":206988972,"feature":"piste","kind":"novice","name":"Ronde des marmottes","length_m":579},"geometry":{"type":"LineString","coordinates":[[1.80002,42.67344],[1.79997,42.67379],[1.79986,42.67397],[1.79963,42.6743],[1.79953,42.67455],[1.79947,42.67471],[1.79944,42.67477],[1.79929,42.67508],[1.79918,42.67529],[1.799,42.67549],[1.79879,42.67597],[1.79848,42.67676],[1.79817,42.67734],[1.79756,42.67779],[1.79744,42.67798],[1.79735,42.67818]]}},
{"type":"Feature","id":"way/207011030","properties":{"station_id":"ax-3-domaines","osm_id":207011030,"feature":"piste","kind":"easy","name":null,"length_m":879},"geometry":{"type":"LineString","coordinates":[[1.80659,42.69302],[1.80661,42.69307],[1.80666,42.6932],[1.8068,42.69337],[1.80713,42.69358],[1.80748,42.69374],[1.80775,42.69383],[1.80813,42.69395],[1.80839,42.69412],[1.80865,42.6944],[1.80902,42.69495],[1.80947,42.69552],[1.81059,42.69721],[1.811,42.69767],[1.81195,42.69819],[1.81228,42.69843],[1.81259,42.69926]]}},
{"type":"Feature","id":"way/207012274","properties":{"station_id":"ax-3-domaines","osm_id":207012274,"feature":"piste","kind":"novice","name":"Boulevard de la Griole Bas","length_m":4022},"geometry":{"type":"LineString","coordinates":[[1.79861,42.69188],[1.79839,42.69245],[1.79821,42.69266],[1.79791,42.69291],[1.79773,42.69301],[1.79759,42.69305],[1.79738,42.69305],[1.79695,42.69297],[1.7967,42.69304],[1.79654,42.69308],[1.79633,42.69303],[1.79567,42.69243],[1.79558,42.69211],[1.79536,42.69153],[1.79486,42.69096],[1.79408,42.6901],[1.79341,42.68943],[1.79323,42.68917],[1.79306,42.68881],[1.79303,42.68858],[1.79296,42.68847],[1.79288,42.68847],[1.79285,42.68859],[1.79287,42.68941],[1.79321,42.69043],[1.79346,42.69126],[1.79348,42.69169],[1.79349,42.69209],[1.7936,42.69275],[1.79363,42.6934],[1.79387,42.69426],[1.79414,42.69511],[1.79435,42.69563],[1.79476,42.69612],[1.79488,42.69643],[1.79488,42.69699],[1.79505,42.69764],[1.79514,42.69808],[1.79516,42.69826],[1.79521,42.69845],[1.79544,42.69904],[1.79547,42.69912],[1.79598,42.69964],[1.79623,42.69977],[1.79645,42.69977],[1.79668,42.69974],[1.79709,42.69945],[1.79732,42.69939],[1.79775,42.69935],[1.79873,42.6992],[1.79923,42.69916],[1.79979,42.69923],[1.80023,42.69926],[1.80049,42.69921],[1.80086,42.69907],[1.80099,42.69893],[1.80112,42.69857],[1.80119,42.69839],[1.80153,42.69799],[1.80171,42.69766],[1.80201,42.69746],[1.80227,42.69734],[1.80264,42.69729],[1.80335,42.69733],[1.80395,42.69744],[1.80453,42.6975],[1.80477,42.69746],[1.80495,42.69736],[1.80502,42.69733],[1.80537,42.69716],[1.80579,42.69711],[1.80622,42.69701],[1.807,42.69666],[1.80735,42.69648],[1.80786,42.69622],[1.80811,42.69617],[1.8083,42.6962],[1.80839,42.69628],[1.8091,42.6972],[1.80948,42.69754],[1.80983,42.69774],[1.81026,42.69787],[1.81033,42.69795],[1.81032,42.69802],[1.81023,42.69807],[1.81014,42.69807],[1.80968,42.69798],[1.8088,42.69779],[1.80866,42.69781],[1.80861,42.69788],[1.80867,42.69797],[1.8096,42.6984],[1.81002,42.69852],[1.81047,42.69862],[1.81093,42.69882],[1.81121,42.69903],[1.81117,42.69911]]}},
{"type":"Feature","id":"way/207012275","properties":{"station_id":"ax-3-domaines","osm_id":207012275,"feature":"piste","kind":"advanced","name":"Le Mur","length_m":310},"geometry":{"type":"LineString","coordinates":[[1.78744,42.65923],[1.78801,42.65949],[1.78854,42.65948],[1.78897,42.65942],[1.7892,42.65937],[1.78969,42.65928],[1.78996,42.65931],[1.79078,42.65988]]}},
{"type":"Feature","id":"way/494295256","properties":{"station_id":"ax-3-domaines","osm_id":494295256,"feature":"piste","kind":"easy","name":"Ourson","length_m":867},"geometry":{"type":"LineString","coordinates":[[1.79215,42.66474],[1.79283,42.66541],[1.79369,42.66605],[1.79393,42.66627],[1.7941,42.66647],[1.79426,42.66659],[1.79491,42.66704],[1.79517,42.66725],[1.79549,42.66749],[1.79547,42.66756],[1.79535,42.66755],[1.79468,42.66747],[1.79435,42.66746],[1.79382,42.6675],[1.79337,42.66754],[1.79294,42.66757],[1.79266,42.66761],[1.79228,42.66773],[1.79272,42.66787],[1.7942,42.66856]]}},
{"type":"Feature","id":"way/679125743","properties":{"station_id":"ax-3-domaines","osm_id":679125743,"feature":"piste","kind":"novice","name":"Gentiane","length_m":451},"geometry":{"type":"LineString","coordinates":[[1.79689,42.67894],[1.79678,42.67881],[1.79674,42.6787],[1.79629,42.67825],[1.79613,42.67806],[1.79603,42.67784],[1.79599,42.67758],[1.79595,42.67708],[1.79593,42.67664],[1.79585,42.67618],[1.79569,42.67568],[1.79555,42.67509]]}},
{"type":"Feature","id":"way/679608937","properties":{"station_id":"ax-3-domaines","osm_id":679608937,"feature":"piste","kind":"intermediate","name":"Carroutch","length_m":1722},"geometry":{"type":"LineString","coordinates":[[1.81794,42.66396],[1.81796,42.66392],[1.81798,42.66392],[1.81807,42.66396],[1.81812,42.66405],[1.81824,42.6646],[1.81829,42.66515],[1.81813,42.66545],[1.81793,42.66583],[1.81793,42.66602],[1.81799,42.66633],[1.81831,42.6669],[1.81839,42.66723],[1.81839,42.66745],[1.81851,42.66774],[1.81866,42.66794],[1.81887,42.66816],[1.81901,42.66849],[1.81907,42.66905],[1.81897,42.66956],[1.81883,42.66977],[1.81853,42.67],[1.81796,42.67031],[1.81772,42.67063],[1.81743,42.67079],[1.81695,42.67077],[1.81631,42.67053],[1.81578,42.67016],[1.81545,42.66996],[1.81523,42.66989],[1.81508,42.67],[1.81536,42.67091],[1.81523,42.671],[1.81498,42.67087],[1.81426,42.67037],[1.81396,42.67025],[1.81366,42.67028],[1.81327,42.67034],[1.81293,42.67061],[1.81268,42.67094],[1.8126,42.6714],[1.81261,42.67216],[1.81261,42.6727],[1.81248,42.67314]]}},
{"type":"Feature","id":"way/679608938","properties":{"station_id":"ax-3-domaines","osm_id":679608938,"feature":"piste","kind":"easy","name":"Savis","length_m":773},"geometry":{"type":"LineString","coordinates":[[1.80997,42.6668],[1.8102,42.66722],[1.81046,42.66781],[1.81067,42.66841],[1.81085,42.66865],[1.81158,42.66937],[1.81169,42.66966],[1.81172,42.66989],[1.81174,42.67024],[1.81186,42.67058],[1.81243,42.67146],[1.81227,42.67234],[1.81248,42.67314],[1.81252,42.67322],[1.8124,42.67324]]}},
{"type":"Feature","id":"way/679608939","properties":{"station_id":"ax-3-domaines","osm_id":679608939,"feature":"piste","kind":"easy","name":"Prat","length_m":405},"geometry":{"type":"LineString","coordinates":[[1.81182,42.6768],[1.81192,42.67647],[1.8119,42.67583],[1.81184,42.67545],[1.81177,42.67504],[1.81176,42.67461],[1.81188,42.67393],[1.81205,42.67354],[1.81201,42.67338],[1.81206,42.6732]]}},
{"type":"Feature","id":"way/679608941","properties":{"station_id":"ax-3-domaines","osm_id":679608941,"feature":"piste","kind":"easy","name":"Manseille","length_m":546},"geometry":{"type":"LineString","coordinates":[[1.79678,42.67881],[1.79681,42.67878],[1.79688,42.67877],[1.79699,42.67882],[1.79712,42.679],[1.79721,42.67908],[1.79735,42.67916],[1.79797,42.67993],[1.79853,42.68063],[1.79857,42.68076],[1.79857,42.6809],[1.79851,42.68128],[1.79845,42.6815],[1.79843,42.68162],[1.79846,42.68172],[1.79854,42.68186],[1.79875,42.6821],[1.799,42.6823],[1.79923,42.68271],[1.79935,42.68288],[1.79935,42.68301]]}},
{"type":"Feature","id":"way/679608942","properties":{"station_id":"ax-3-domaines","osm_id":679608942,"feature":"piste","kind":"easy","name":"Sapins","length_m":1064},"geometry":{"type":"LineString","coordinates":[[1.79908,42.69204],[1.79936,42.69263],[1.79967,42.69302],[1.80008,42.69349],[1.80029,42.69364],[1.80054,42.69378],[1.80077,42.69383],[1.80127,42.69387],[1.80221,42.69384],[1.80257,42.69383],[1.80385,42.69331],[1.80473,42.69306],[1.80545,42.69286],[1.80595,42.69288],[1.80659,42.69302],[1.80699,42.69303],[1.80749,42.69304],[1.80816,42.69302],[1.80931,42.69341],[1.81015,42.69375]]}},
{"type":"Feature","id":"way/798227614","properties":{"station_id":"ax-3-domaines","osm_id":798227614,"feature":"piste","kind":"easy","name":"Casse","length_m":68},"geometry":{"type":"LineString","coordinates":[[1.79517,42.67431],[1.79512,42.67425],[1.795,42.67414],[1.79496,42.67411],[1.79459,42.67388]]}},
{"type":"Feature","id":"way/798227615","properties":{"station_id":"ax-3-domaines","osm_id":798227615,"feature":"piste","kind":"easy","name":"Casse","length_m":28},"geometry":{"type":"LineString","coordinates":[[1.79551,42.67427],[1.79517,42.67431]]}},
{"type":"Feature","id":"way/1013275320","properties":{"station_id":"ax-3-domaines","osm_id":1013275320,"feature":"piste","kind":"easy","name":"Prat","length_m":25},"geometry":{"type":"LineString","coordinates":[[1.81218,42.67316],[1.81248,42.67314]]}},
{"type":"Feature","id":"way/1013275321","properties":{"station_id":"ax-3-domaines","osm_id":1013275321,"feature":"piste","kind":"easy","name":"Prat","length_m":11},"geometry":{"type":"LineString","coordinates":[[1.81206,42.6732],[1.81218,42.67316]]}},
{"type":"Feature","id":"way/1013279220","properties":{"station_id":"ax-3-domaines","osm_id":1013279220,"feature":"piste","kind":"easy","name":"Savis","length_m":25},"geometry":{"type":"LineString","coordinates":[[1.81252,42.67322],[1.81261,42.67325],[1.81264,42.67326],[1.81266,42.67326],[1.81268,42.67325],[1.8127,42.67324],[1.81271,42.67323],[1.81275,42.67317]]}},
{"type":"Feature","id":"way/1038050278","properties":{"station_id":"ax-3-domaines","osm_id":1038050278,"feature":"piste","kind":null,"name":null,"length_m":34},"geometry":{"type":"LineString","coordinates":[[1.79702,42.67801],[1.79707,42.67808],[1.79713,42.67811],[1.79726,42.67814],[1.79735,42.67818]]}},
{"type":"Feature","id":"way/1038050279","properties":{"station_id":"ax-3-domaines","osm_id":1038050279,"feature":"piste","kind":null,"name":null,"length_m":18},"geometry":{"type":"LineString","coordinates":[[1.79707,42.67808],[1.79706,42.67811],[1.79705,42.67815],[1.79698,42.67822]]}},
{"type":"Feature","id":"way/1038050284","properties":{"station_id":"ax-3-domaines","osm_id":1038050284,"feature":"piste","kind":null,"name":null,"length_m":20},"geometry":{"type":"LineString","coordinates":[[1.79094,42.66347],[1.79093,42.66335],[1.79094,42.66333],[1.79095,42.66332],[1.79098,42.66331]]}},
{"type":"Feature","id":"way/1038099471","properties":{"station_id":"ax-3-domaines","osm_id":1038099471,"feature":"piste","kind":"easy","name":null,"length_m":31},"geometry":{"type":"LineString","coordinates":[[1.80855,42.66275],[1.80848,42.66282],[1.80839,42.66286],[1.80823,42.66287]]}},
{"type":"Feature","id":"way/1038099472","properties":{"station_id":"ax-3-domaines","osm_id":1038099472,"feature":"piste","kind":null,"name":null,"length_m":13},"geometry":{"type":"LineString","coordinates":[[1.79327,42.6566],[1.79319,42.6566],[1.79312,42.65662]]}},
{"type":"Feature","id":"way/1038099474","properties":{"station_id":"ax-3-domaines","osm_id":1038099474,"feature":"piste","kind":"intermediate","name":null,"length_m":65},"geometry":{"type":"LineString","coordinates":[[1.80234,42.66023],[1.8025,42.66025],[1.80257,42.66025],[1.80265,42.66025],[1.80272,42.66022],[1.80274,42.66019],[1.80276,42.66015],[1.80278,42.6601],[1.80277,42.66004],[1.80275,42.66],[1.8027,42.65995]]}},
{"type":"Feature","id":"way/1137896423","properties":{"station_id":"ax-3-domaines","osm_id":1137896423,"feature":"piste","kind":"intermediate","name":null,"length_m":1336},"geometry":{"type":"LineString","coordinates":[[1.79131,42.65989],[1.79173,42.65992],[1.79194,42.66002],[1.79204,42.66027],[1.79215,42.66042],[1.79235,42.66058],[1.79326,42.66089],[1.79354,42.66098],[1.79429,42.66102],[1.79548,42.66085],[1.79612,42.66065],[1.79679,42.65999],[1.79735,42.65954],[1.79796,42.65974],[1.79733,42.66019],[1.79613,42.66095],[1.79493,42.66117],[1.79462,42.6612],[1.7941,42.66124],[1.79311,42.66108],[1.79215,42.66071],[1.79204,42.66059],[1.79177,42.66048],[1.79169,42.66024],[1.79125,42.66004],[1.79131,42.65989]]}},
{"type":"Feature","id":"way/1152849297","properties":{"station_id":"ax-3-domaines","osm_id":1152849297,"feature":"piste","kind":"easy","name":null,"length_m":28},"geometry":{"type":"LineString","coordinates":[[1.81224,42.69934],[1.81217,42.69928],[1.81219,42.69918],[1.81217,42.69911]]}},
{"type":"Feature","id":"way/1152849303","properties":{"station_id":"ax-3-domaines","osm_id":1152849303,"feature":"piste","kind":"easy","name":null,"length_m":72},"geometry":{"type":"LineString","coordinates":[[1.81259,42.69926],[1.81237,42.69935],[1.81224,42.69934],[1.81192,42.69927],[1.81185,42.69927],[1.8118,42.69921]]}},
{"type":"Feature","id":"way/1152849307","properties":{"station_id":"ax-3-domaines","osm_id":1152849307,"feature":"piste","kind":"easy","name":null,"length_m":248},"geometry":{"type":"LineString","coordinates":[[1.81296,42.69811],[1.81366,42.69883],[1.81414,42.6989],[1.81446,42.69926],[1.81501,42.69964]]}},
{"type":"Feature","id":"way/1241336846","properties":{"station_id":"ax-3-domaines","osm_id":1241336846,"feature":"piste","kind":"novice","name":"Chalet","length_m":46},"geometry":{"type":"LineString","coordinates":[[1.79591,42.67405],[1.79565,42.67391],[1.79558,42.67384],[1.7957,42.67385]]}},
{"type":"Feature","id":"way/1241336847","properties":{"station_id":"ax-3-domaines","osm_id":1241336847,"feature":"piste","kind":"easy","name":null,"length_m":11},"geometry":{"type":"LineString","coordinates":[[1.79558,42.67384],[1.7957,42.6738]]}},
{"type":"Feature","id":"way/1241336848","properties":{"station_id":"ax-3-domaines","osm_id":1241336848,"feature":"piste","kind":"novice","name":null,"length_m":39},"geometry":{"type":"LineString","coordinates":[[1.79566,42.67351],[1.79557,42.67366],[1.79555,42.67372],[1.79558,42.67384]]}},
{"type":"Feature","id":"way/1241336849","properties":{"station_id":"ax-3-domaines","osm_id":1241336849,"feature":"piste","kind":"easy","name":"Casse","length_m":635},"geometry":{"type":"LineString","coordinates":[[1.79759,42.66969],[1.79717,42.66983],[1.797,42.67],[1.79684,42.67012],[1.79661,42.67029],[1.79648,42.67039],[1.79629,42.67063],[1.79636,42.67085],[1.79635,42.67096],[1.79623,42.67118],[1.79599,42.67141],[1.79565,42.67173],[1.79545,42.67198],[1.79532,42.67229],[1.79505,42.67259],[1.79459,42.67325],[1.79446,42.67339],[1.79431,42.67351],[1.79377,42.67378],[1.79305,42.6739]]}},
{"type":"Feature","id":"way/1241336850","properties":{"station_id":"ax-3-domaines","osm_id":1241336850,"feature":"piste","kind":"easy","name":"Casse","length_m":159},"geometry":{"type":"LineString","coordinates":[[1.79576,42.66927],[1.79593,42.66949],[1.796,42.66975],[1.79609,42.67014],[1.79615,42.67039],[1.79629,42.67063]]}},
{"type":"Feature","id":"way/1241336851","properties":{"station_id":"ax-3-domaines","osm_id":1241336851,"feature":"piste","kind":"novice","name":null,"length_m":34},"geometry":{"type":"LineString","coordinates":[[1.79964,42.67468],[1.79971,42.67472],[1.79968,42.67478],[1.79944,42.67477]]}},
{"type":"Feature","id":"way/1241339458","properties":{"station_id":"ax-3-domaines","osm_id":1241339458,"feature":"piste","kind":"novice","name":null,"length_m":91},"geometry":{"type":"LineString","coordinates":[[1.81335,42.69974],[1.81346,42.69968],[1.81351,42.69968],[1.81355,42.69968],[1.81356,42.6997],[1.81356,42.69972],[1.81352,42.69979],[1.8135,42.69983],[1.81352,42.69984],[1.81357,42.69984],[1.81363,42.69983],[1.81367,42.69983],[1.81368,42.69985],[1.81364,42.69992],[1.81362,42.69994],[1.81364,42.69996],[1.81367,42.69996],[1.81372,42.69996],[1.81375,42.69999],[1.81368,42.7001]]}},
{"type":"Feature","id":"way/1241339459","properties":{"station_id":"ax-3-domaines","osm_id":1241339459,"feature":"piste","kind":"novice","name":null,"length_m":148},"geometry":{"type":"LineString","coordinates":[[1.81335,42.6989],[1.81328,42.69909],[1.81329,42.6992],[1.81337,42.69929],[1.81348,42.69935],[1.81355,42.69936],[1.8136,42.69942],[1.81362,42.69948],[1.81367,42.69957],[1.81375,42.69964],[1.81387,42.69968],[1.81399,42.69974],[1.8141,42.69976],[1.81431,42.6998]]}},
{"type":"Feature","id":"way/1241339460","properties":{"station_id":"ax-3-domaines","osm_id":1241339460,"feature":"piste","kind":"novice","name":null,"length_m":141},"geometry":{"type":"LineString","coordinates":[[1.81335,42.6989],[1.81359,42.69893],[1.81376,42.69898],[1.81397,42.6991],[1.81404,42.69922],[1.81409,42.69932],[1.81418,42.69943],[1.81421,42.69955],[1.8143,42.69966],[1.81431,42.6998]]}},
{"type":"Feature","id":"way/1241339463","properties":{"station_id":"ax-3-domaines","osm_id":1241339463,"feature":"piste","kind":"novice","name":"Espace évolution","length_m":486},"geometry":{"type":"LineString","coordinates":[[1.81371,42.70011],[1.81335,42.6997],[1.81307,42.69957],[1.81267,42.69926],[1.81313,42.69897],[1.81308,42.69888],[1.81343,42.69877],[1.8135,42.69883],[1.81357,42.69888],[1.81381,42.69894],[1.81388,42.69894],[1.8141,42.69894],[1.81443,42.69927],[1.81467,42.69946],[1.81483,42.69957],[1.8147,42.69969],[1.8145,42.69977],[1.81425,42.69984],[1.8142,42.69983],[1.81405,42.69993],[1.81403,42.69994],[1.81388,42.7],[1.81371,42.70011]]}},
{"type":"Feature","id":"way/1241339464","properties":{"station_id":"ax-3-domaines","osm_id":1241339464,"feature":"piste","kind":"novice","name":null,"length_m":56},"geometry":{"type":"LineString","coordinates":[[1.81292,42.69924],[1.81289,42.6993],[1.81284,42.69938],[1.81288,42.69942],[1.81295,42.69942],[1.81299,42.69942],[1.81303,42.69944],[1.81304,42.69948],[1.81304,42.6995],[1.81308,42.69952],[1.8132,42.69953]]}},
{"type":"Feature","id":"way/1241339465","properties":{"station_id":"ax-3-domaines","osm_id":1241339465,"feature":"piste","kind":"novice","name":null,"length_m":60},"geometry":{"type":"LineString","coordinates":[[1.81292,42.69924],[1.81308,42.69922],[1.81317,42.69924],[1.81325,42.6993],[1.81329,42.69936],[1.8133,42.69944],[1.8132,42.69953]]}},
{"type":"Feature","id":"way/1241346381","properties":{"station_id":"ax-3-domaines","osm_id":1241346381,"feature":"piste","kind":"novice","name":null,"length_m":155},"geometry":{"type":"LineString","coordinates":[[1.79808,42.67727],[1.79814,42.67688],[1.79816,42.67669],[1.79814,42.6765],[1.79799,42.67639],[1.79787,42.67626],[1.79777,42.67622],[1.79747,42.67621]]}},
{"type":"Feature","id":"way/1241346382","properties":{"station_id":"ax-3-domaines","osm_id":1241346382,"feature":"piste","kind":"novice","name":null,"length_m":20},"geometry":{"type":"LineString","coordinates":[[1.79952,42.67513],[1.79929,42.67508]]}},
{"type":"Feature","id":"way/1241396342","properties":{"station_id":"ax-3-domaines","osm_id":1241396342,"feature":"piste","kind":"easy","name":null,"length_m":62},"geometry":{"type":"LineString","coordinates":[[1.79139,42.66368],[1.79127,42.66337],[1.79124,42.66334],[1.79098,42.66331]]}},
{"type":"Feature","id":"way/1241396343","properties":{"station_id":"ax-3-domaines","osm_id":1241396343,"feature":"piste","kind":"intermediate","name":null,"length_m":1156},"geometry":{"type":"LineString","coordinates":[[1.80264,42.66077],[1.80306,42.66064],[1.80315,42.66069],[1.80339,42.66093],[1.80372,42.66121],[1.80381,42.6613],[1.80433,42.6615],[1.80452,42.6616],[1.80493,42.66172],[1.80513,42.66173],[1.80531,42.66175],[1.80565,42.66178],[1.80602,42.66185],[1.80627,42.66179],[1.80654,42.66177],[1.80675,42.66178],[1.8071,42.66188],[1.80743,42.66201],[1.80772,42.66207],[1.80783,42.66211],[1.80803,42.66218],[1.80841,42.66242],[1.8085,42.66248],[1.80871,42.66256],[1.80811,42.66262],[1.80759,42.66252],[1.80723,42.66232],[1.80704,42.66221],[1.80678,42.66209],[1.8067,42.66205],[1.80658,42.66203],[1.80619,42.662],[1.80593,42.66202],[1.80581,42.66205],[1.80573,42.66213],[1.80562,42.6622],[1.80552,42.66223],[1.80539,42.66226],[1.80527,42.66223],[1.80502,42.66219],[1.80479,42.6621],[1.80462,42.66198],[1.80446,42.66188],[1.80436,42.66179],[1.80403,42.66159],[1.80365,42.66137],[1.8035,42.66133],[1.80335,42.66128],[1.80323,42.66121],[1.80316,42.66114],[1.80305,42.66106],[1.80291,42.66098],[1.80264,42.66077]]}},
{"type":"Feature","id":"way/1241396344","properties":{"station_id":"ax-3-domaines","osm_id":1241396344,"feature":"piste","kind":"easy","name":null,"length_m":1555},"geometry":{"type":"LineString","coordinates":[[1.80378,42.65936],[1.80396,42.6593],[1.8042,42.65964],[1.80431,42.65972],[1.80444,42.65976],[1.80488,42.65985],[1.80512,42.65987],[1.80536,42.65981],[1.80583,42.6597],[1.80602,42.65969],[1.80616,42.65969],[1.80632,42.65965],[1.80663,42.65959],[1.80714,42.65948],[1.80768,42.65944],[1.80831,42.65968],[1.80849,42.65981],[1.80854,42.65995],[1.80855,42.66002],[1.80861,42.66006],[1.80895,42.66033],[1.80894,42.66046],[1.80889,42.66069],[1.80889,42.66082],[1.80899,42.66102],[1.80908,42.6611],[1.80915,42.6612],[1.80931,42.66144],[1.80934,42.66157],[1.80933,42.66181],[1.80933,42.66185],[1.80931,42.66206],[1.80925,42.66225],[1.80915,42.66253],[1.8091,42.6627],[1.80898,42.66277],[1.80871,42.66256],[1.8085,42.66248],[1.80861,42.66229],[1.80882,42.66211],[1.80901,42.66203],[1.80907,42.66192],[1.80909,42.66182],[1.80909,42.66173],[1.80894,42.66147],[1.80889,42.66125],[1.80856,42.66085],[1.80794,42.65999],[1.80764,42.65975],[1.80755,42.65968],[1.80729,42.65961],[1.80707,42.6596],[1.80678,42.6597],[1.80632,42.65977],[1.80625,42.65978],[1.80585,42.65984],[1.80557,42.65987],[1.80517,42.65994],[1.80491,42.65995],[1.80464,42.65993],[1.80445,42.65989],[1.80427,42.65984],[1.8041,42.65975],[1.80395,42.65962],[1.80378,42.65936]]}},
{"type":"Feature","id":"way/1241396345","properties":{"station_id":"ax-3-domaines","osm_id":1241396345,"feature":"piste","kind":"easy","name":null,"length_m":1754},"geometry":{"type":"LineString","coordinates":[[1.8179,42.66392],[1.81748,42.66385],[1.81725,42.66379],[1.81699,42.66367],[1.81677,42.66357],[1.81649,42.6635],[1.81596,42.66344],[1.81525,42.66351],[1.81498,42.66359],[1.81456,42.6638],[1.81445,42.66398],[1.81437,42.66407],[1.8138,42.66421],[1.81356,42.66421],[1.81305,42.66415],[1.81279,42.66408],[1.81229,42.66385],[1.81189,42.66359],[1.81139,42.66325],[1.81106,42.66312],[1.81083,42.66303],[1.81043,42.66294],[1.80999,42.66303],[1.80983,42.66307],[1.80927,42.66287],[1.80898,42.66277],[1.8091,42.6627],[1.80915,42.66253],[1.80925,42.66225],[1.80966,42.66241],[1.81,42.66254],[1.81048,42.66265],[1.8111,42.66283],[1.81142,42.66305],[1.81222,42.66361],[1.8127,42.66388],[1.81309,42.66402],[1.81334,42.66405],[1.81355,42.66405],[1.81383,42.66398],[1.81425,42.66387],[1.81434,42.6638],[1.81461,42.66357],[1.81499,42.66342],[1.81533,42.66335],[1.81596,42.66331],[1.81643,42.66334],[1.81672,42.66337],[1.81716,42.66352],[1.81742,42.66364],[1.81761,42.66368],[1.81788,42.66371],[1.81808,42.66374],[1.81816,42.66383],[1.81818,42.66387],[1.81805,42.664],[1.818,42.66397],[1.8179,42.66392]]}},
{"type":"Feature","id":"way/1241396346","properties":{"station_id":"ax-3-domaines","osm_id":1241396346,"feature":"piste","kind":"easy","name":null,"length_m":19},"geometry":{"type":"LineString","coordinates":[[1.80997,42.67928],[1.80976,42.67921]]}},
{"type":"Feature","id":"way/1241396347","properties":{"station_id":"ax-3-domaines","osm_id":1241396347,"feature":"piste","kind":"easy","name":null,"length_m":1984},"geometry":{"type":"LineString","coordinates":[[1.79852,42.67944],[1.79909,42.67942],[1.79952,42.67997],[1.79964,42.68033],[1.79971,42.68056],[1.79977,42.68075],[1.79983,42.68094],[1.79994,42.68116],[1.79999,42.68147],[1.79997,42.68172],[1.79983,42.68226],[1.79984,42.68251],[1.79979,42.68272],[1.79973,42.683],[1.79964,42.68336],[1.79958,42.68364],[1.79955,42.68374],[1.79951,42.6839],[1.79944,42.68422],[1.79942,42.68446],[1.7994,42.68499],[1.79946,42.68523],[1.79956,42.68568],[1.79962,42.68581],[1.79976,42.68609],[1.79987,42.68622],[1.80007,42.68631],[1.80033,42.68654],[1.80046,42.68671],[1.80059,42.68685],[1.80083,42.687],[1.80103,42.68716],[1.80116,42.68736],[1.80076,42.68749],[1.80036,42.68697],[1.79919,42.68567],[1.79916,42.68491],[1.79921,42.68451],[1.79929,42.68422],[1.79932,42.68395],[1.79934,42.68373],[1.79934,42.68353],[1.79938,42.68336],[1.7994,42.68323],[1.7994,42.683],[1.79937,42.68274],[1.79938,42.68257],[1.79937,42.68243],[1.7994,42.68222],[1.79946,42.68203],[1.79953,42.68188],[1.79953,42.68173],[1.79958,42.68151],[1.7995,42.68138],[1.79934,42.68108],[1.7991,42.68051],[1.79901,42.68036],[1.79891,42.68008],[1.7988,42.6798],[1.79852,42.67944]]}},
{"type":"Feature","id":"way/1241396348","properties":{"station_id":"ax-3-domaines","osm_id":1241396348,"feature":"piste","kind":"easy","name":null,"length_m":2654},"geometry":{"type":"LineString","coordinates":[[1.80178,42.68381],[1.80222,42.68359],[1.80259,42.68337],[1.80306,42.68326],[1.8037,42.68315],[1.80411,42.68297],[1.80457,42.68279],[1.80504,42.68271],[1.80583,42.6827],[1.80619,42.68262],[1.80632,42.68252],[1.80706,42.682],[1.80756,42.68171],[1.80785,42.68163],[1.80892,42.68125],[1.80921,42.68115],[1.80951,42.68107],[1.80965,42.68098],[1.80962,42.68087],[1.80962,42.68077],[1.80956,42.68049],[1.8095,42.68025],[1.80954,42.68005],[1.80998,42.67941],[1.81011,42.67922],[1.81001,42.67914],[1.80984,42.67915],[1.80974,42.67931],[1.8095,42.67962],[1.80942,42.67975],[1.80922,42.68006],[1.80918,42.68015],[1.80918,42.68041],[1.80932,42.6806],[1.80937,42.68082],[1.80934,42.6809],[1.80927,42.68094],[1.8091,42.68098],[1.80854,42.68113],[1.8079,42.6813],[1.80764,42.68146],[1.80715,42.68174],[1.80688,42.68194],[1.8067,42.68208],[1.8062,42.6824],[1.80603,42.68246],[1.80589,42.68249],[1.80573,42.6825],[1.80553,42.6825],[1.80508,42.68252],[1.80481,42.68258],[1.80445,42.6826],[1.80417,42.6827],[1.80402,42.68277],[1.80361,42.68297],[1.80342,42.68299],[1.80269,42.68309],[1.8024,42.68318],[1.80215,42.68332],[1.80172,42.68359],[1.80144,42.68367],[1.80123,42.68373],[1.80095,42.68382],[1.80088,42.68381],[1.80084,42.68375],[1.80083,42.68367],[1.80081,42.68355],[1.80087,42.68325],[1.8009,42.68295],[1.80088,42.68283],[1.80084,42.6827],[1.80075,42.68264],[1.80053,42.6826],[1.80042,42.68263],[1.80026,42.6829],[1.80009,42.68316],[1.79989,42.68339],[1.79977,42.68354],[1.79971,42.68361],[1.79963,42.68365],[1.79958,42.68364],[1.79955,42.68374],[1.79951,42.6839],[1.79959,42.68392],[1.79978,42.68384],[1.79983,42.68373],[1.79987,42.68362],[1.80019,42.68328],[1.80032,42.68311],[1.80037,42.68297],[1.80051,42.68291],[1.80058,42.68293],[1.80063,42.68297],[1.80068,42.68301],[1.80067,42.68311],[1.80065,42.68328],[1.80063,42.68341],[1.80059,42.68347],[1.80061,42.68356],[1.80063,42.6837],[1.80067,42.68381],[1.8007,42.68387],[1.80079,42.68393],[1.80091,42.68396],[1.80111,42.684],[1.8014,42.68395],[1.80154,42.68393],[1.80162,42.6839],[1.80178,42.68381]]}},
{"type":"Feature","id":"way/1241634809","properties":{"station_id":"ax-3-domaines","osm_id":1241634809,"feature":"piste","kind":"intermediate","name":null,"length_m":3001},"geometry":{"type":"LineString","coordinates":[[1.81774,42.67085],[1.81708,42.67106],[1.81673,42.67102],[1.81654,42.67108],[1.81639,42.67114],[1.81618,42.67107],[1.81582,42.67058],[1.81557,42.67046],[1.81553,42.67031],[1.81546,42.67029],[1.81547,42.6706],[1.81552,42.67087],[1.81549,42.67103],[1.8153,42.67122],[1.81506,42.6713],[1.81485,42.6712],[1.81466,42.671],[1.81442,42.67066],[1.81396,42.67052],[1.81373,42.67037],[1.8135,42.67038],[1.81333,42.67051],[1.81318,42.67057],[1.81315,42.67069],[1.81303,42.67079],[1.81276,42.67125],[1.81243,42.67085],[1.81283,42.6704],[1.81305,42.67025],[1.81362,42.67017],[1.81403,42.67013],[1.81459,42.67046],[1.81486,42.6706],[1.81493,42.67051],[1.81495,42.67036],[1.81489,42.67003],[1.81498,42.6698],[1.81507,42.66974],[1.81525,42.66971],[1.81546,42.6698],[1.81621,42.67026],[1.81665,42.67047],[1.81697,42.67059],[1.8173,42.67065],[1.81758,42.6706],[1.81767,42.67041],[1.81815,42.66991],[1.81878,42.66957],[1.81888,42.66931],[1.8189,42.66887],[1.81888,42.66852],[1.81878,42.66831],[1.8186,42.66805],[1.81846,42.66793],[1.81832,42.66782],[1.81824,42.66749],[1.81822,42.66706],[1.81804,42.66684],[1.81789,42.66656],[1.81784,42.66633],[1.8178,42.66609],[1.81779,42.66586],[1.81804,42.66536],[1.8181,42.66515],[1.81816,42.66475],[1.81809,42.66448],[1.81807,42.66434],[1.81801,42.66408],[1.818,42.66397],[1.81805,42.664],[1.81818,42.66387],[1.81822,42.66401],[1.81832,42.66441],[1.81834,42.66459],[1.81831,42.66487],[1.81832,42.66501],[1.81839,42.66517],[1.81834,42.66535],[1.81825,42.66547],[1.8181,42.6657],[1.81804,42.66573],[1.818,42.66583],[1.81802,42.66593],[1.81808,42.66613],[1.81839,42.66663],[1.81856,42.66703],[1.81857,42.66708],[1.81853,42.66715],[1.81848,42.6672],[1.81848,42.66723],[1.81849,42.66727],[1.81855,42.66741],[1.81852,42.66755],[1.81854,42.66763],[1.81862,42.66773],[1.81869,42.66786],[1.8188,42.66793],[1.81902,42.66822],[1.81907,42.66832],[1.81912,42.66851],[1.8192,42.66899],[1.81916,42.66931],[1.81914,42.66956],[1.81911,42.66965],[1.81911,42.66971],[1.81904,42.66983],[1.81889,42.66993],[1.81871,42.67006],[1.81843,42.67021],[1.81827,42.67041],[1.81818,42.67057],[1.81806,42.6707],[1.81793,42.67077],[1.81774,42.67085]]}},
{"type":"Feature","id":"way/1241634810","properties":{"station_id":"ax-3-domaines","osm_id":1241634810,"feature":"piste","kind":"easy","name":null,"length_m":282},"geometry":{"type":"LineString","coordinates":[[1.80927,42.66287],[1.80913,42.663],[1.80865,42.6633],[1.80841,42.66318],[1.80829,42.66307],[1.80832,42.66281],[1.80838,42.66273],[1.80811,42.66262],[1.80871,42.66256],[1.80898,42.66277],[1.80927,42.66287]]}},
{"type":"Feature","id":"way/1241634811","properties":{"station_id":"ax-3-domaines","osm_id":1241634811,"feature":"piste","kind":"easy","name":"Savis","length_m":2442},"geometry":{"type":"LineString","coordinates":[[1.80865,42.6633],[1.80903,42.66386],[1.80937,42.66426],[1.8095,42.66467],[1.80959,42.66496],[1.80958,42.66518],[1.80957,42.66538],[1.80964,42.66575],[1.80972,42.66586],[1.80978,42.66599],[1.80978,42.66615],[1.80975,42.66632],[1.80975,42.66636],[1.80971,42.66681],[1.80984,42.66716],[1.80992,42.66732],[1.81017,42.66765],[1.81027,42.6678],[1.81037,42.66816],[1.81059,42.66856],[1.81084,42.66881],[1.81123,42.66912],[1.81145,42.66936],[1.81145,42.66946],[1.81156,42.66968],[1.81159,42.66978],[1.81152,42.67015],[1.81155,42.67035],[1.81204,42.67118],[1.81219,42.67146],[1.81226,42.6717],[1.81212,42.67236],[1.81221,42.67282],[1.81239,42.67319],[1.81255,42.67314],[1.81269,42.67279],[1.81255,42.67233],[1.81276,42.67125],[1.81243,42.67085],[1.81231,42.67078],[1.81225,42.67065],[1.81226,42.6705],[1.81221,42.67035],[1.81218,42.6702],[1.81214,42.66991],[1.81206,42.66976],[1.81183,42.66948],[1.81159,42.66917],[1.81127,42.66889],[1.81107,42.6687],[1.8108,42.66841],[1.8107,42.66817],[1.81059,42.66777],[1.81051,42.66733],[1.81041,42.66706],[1.81038,42.66683],[1.81034,42.66661],[1.81032,42.66651],[1.81025,42.66642],[1.81027,42.66631],[1.81018,42.66608],[1.81011,42.66595],[1.8101,42.66579],[1.81,42.66508],[1.80997,42.66475],[1.80981,42.66433],[1.80975,42.66411],[1.80963,42.66388],[1.80943,42.66351],[1.80928,42.6632],[1.80913,42.663],[1.80865,42.6633]]}},
{"type":"Feature","id":"way/1241634813","properties":{"station_id":"ax-3-domaines","osm_id":1241634813,"feature":"piste","kind":"easy","name":null,"length_m":3086},"geometry":{"type":"LineString","coordinates":[[1.79965,42.69216],[1.79985,42.69193],[1.80028,42.69191],[1.80048,42.69189],[1.80083,42.69172],[1.80141,42.69153],[1.80173,42.69137],[1.80201,42.69134],[1.80265,42.69141],[1.80285,42.69149],[1.80332,42.69158],[1.80375,42.69165],[1.80464,42.69188],[1.80509,42.69194],[1.80598,42.69198],[1.80679,42.69206],[1.80735,42.69213],[1.80793,42.69217],[1.80854,42.69233],[1.80882,42.69232],[1.80929,42.69259],[1.80985,42.693],[1.81003,42.69312],[1.81013,42.69342],[1.81037,42.69372],[1.81069,42.69395],[1.81153,42.69478],[1.81215,42.69537],[1.81266,42.69589],[1.81276,42.69619],[1.81339,42.69809],[1.81271,42.69799],[1.81217,42.6963],[1.81206,42.69593],[1.81166,42.69546],[1.8115,42.69525],[1.81086,42.69477],[1.81045,42.69443],[1.8101,42.69397],[1.80994,42.69383],[1.8096,42.69359],[1.8095,42.69326],[1.80933,42.69299],[1.80905,42.69279],[1.8087,42.69254],[1.80841,42.69248],[1.80803,42.69248],[1.8079,42.69247],[1.80769,42.69245],[1.80742,42.69237],[1.80702,42.69237],[1.80651,42.69231],[1.80616,42.69229],[1.80547,42.69228],[1.80474,42.69227],[1.80423,42.69221],[1.80284,42.69189],[1.80249,42.69179],[1.8019,42.69177],[1.80131,42.69184],[1.80105,42.69192],[1.80066,42.6921],[1.8002,42.69221],[1.79991,42.69222],[1.79965,42.69216]]}},
{"type":"Feature","id":"way/1241634823","properties":{"station_id":"ax-3-domaines","osm_id":1241634823,"feature":"piste","kind":"intermediate","name":null,"length_m":11},"geometry":{"type":"LineString","coordinates":[[1.79474,42.67357],[1.79477,42.67358],[1.7948,42.67359],[1.79483,42.67358],[1.79486,42.67356]]}},
{"type":"Feature","id":"way/1241634824","properties":{"station_id":"ax-3-domaines","osm_id":1241634824,"feature":"piste","kind":"novice","name":null,"length_m":14},"geometry":{"type":"LineString","coordinates":[[1.79498,42.67363],[1.79492,42.67362],[1.79487,42.6736],[1.79486,42.67356]]}},
{"type":"Feature","id":"way/1241634826","properties":{"station_id":"ax-3-domaines","osm_id":1241634826,"feature":"piste","kind":"novice","name":null,"length_m":16},"geometry":{"type":"LineString","coordinates":[[1.79874,42.67733],[1.79855,42.67733]]}},
{"type":"Feature","id":"way/1241895364","properties":{"station_id":"ax-3-domaines","osm_id":1241895364,"feature":"piste","kind":"intermediate","name":null,"length_m":80},"geometry":{"type":"LineString","coordinates":[[1.80307,42.6599],[1.80299,42.66017],[1.80295,42.66041],[1.80293,42.66061]]}},
{"type":"Feature","id":"way/1264815376","properties":{"station_id":"ax-3-domaines","osm_id":1264815376,"feature":"piste","kind":"easy","name":"Casse","length_m":599},"geometry":{"type":"LineString","coordinates":[[1.79459,42.67388],[1.79415,42.67378],[1.79381,42.67365],[1.79359,42.67344],[1.79319,42.67324],[1.79296,42.67321],[1.79246,42.67319],[1.7921,42.67311],[1.79185,42.67308],[1.79118,42.67301],[1.79097,42.67303],[1.79034,42.67312],[1.78986,42.67321],[1.78971,42.67327],[1.7897,42.67333],[1.78975,42.67341],[1.78991,42.67349],[1.79044,42.67381],[1.79115,42.67432]]}},
{"type":"Feature","id":"way/1266442394","properties":{"station_id":"ax-3-domaines","osm_id":1266442394,"feature":"piste","kind":"advanced","name":"Olympique","length_m":778},"geometry":{"type":"LineString","coordinates":[[1.79419,42.6616],[1.79442,42.66147],[1.79467,42.66145],[1.79485,42.66139],[1.79512,42.66134],[1.7953,42.66137],[1.79541,42.66142],[1.79569,42.66141],[1.7961,42.66141],[1.79642,42.66154],[1.79681,42.66164],[1.79697,42.66167],[1.79732,42.66169],[1.79765,42.66168],[1.79781,42.66165],[1.79799,42.66162],[1.79842,42.66147],[1.79892,42.66131],[1.7993,42.66121],[1.79954,42.66115],[1.79969,42.66114],[1.80015,42.6611],[1.80038,42.66108],[1.80073,42.66098],[1.80097,42.66086],[1.80127,42.6607],[1.80155,42.6606],[1.80182,42.6606],[1.80204,42.66065],[1.80226,42.66078],[1.80243,42.66088],[1.80259,42.6609],[1.80307,42.66083]]}},
{"type":"Feature","id":"way/1266442726","properties":{"station_id":"ax-3-domaines","osm_id":1266442726,"feature":"piste","kind":"advanced","name":"Olympique","length_m":603},"geometry":{"type":"LineString","coordinates":[[1.80705,42.66206],[1.80718,42.66215],[1.80727,42.66227],[1.80737,42.66251],[1.80741,42.6627],[1.80741,42.66282],[1.8074,42.66289],[1.80737,42.66296],[1.80732,42.66301],[1.80728,42.66306],[1.80728,42.66312],[1.80732,42.66321],[1.8074,42.66332],[1.80753,42.66346],[1.80763,42.66354],[1.80771,42.66359],[1.80781,42.66367],[1.80793,42.66381],[1.80807,42.66398],[1.80835,42.66427],[1.80851,42.66444],[1.80871,42.66462],[1.80881,42.6648],[1.80892,42.66495],[1.809,42.66508],[1.80908,42.66525],[1.80913,42.66549],[1.80918,42.66576],[1.80924,42.66598],[1.80935,42.66623],[1.80943,42.66634],[1.80959,42.6665],[1.80977,42.66667],[1.80997,42.6668]]}},
{"type":"Feature","id":"way/1356255427","properties":{"station_id":"ax-3-domaines","osm_id":1356255427,"feature":"piste","kind":"easy","name":"Bonascre","length_m":31},"geometry":{"type":"LineString","coordinates":[[1.79935,42.68288],[1.79943,42.683],[1.7995,42.68314]]}},
{"type":"Feature","id":"way/1356255428","properties":{"station_id":"ax-3-domaines","osm_id":1356255428,"feature":"piste","kind":"easy","name":null,"length_m":253},"geometry":{"type":"LineString","coordinates":[[1.80923,42.66218],[1.80938,42.66261],[1.80948,42.66305],[1.80945,42.66342],[1.80942,42.66358],[1.80952,42.66389],[1.80962,42.66442]]}},
{"type":"Feature","id":"way/1356259164","properties":{"station_id":"ax-3-domaines","osm_id":1356259164,"feature":"piste","kind":"novice","name":"Boulevard de la Griole Haut","length_m":17},"geometry":{"type":"LineString","coordinates":[[1.79517,42.67431],[1.79517,42.67446]]}},
{"type":"Feature","id":"way/1356259165","properties":{"station_id":"ax-3-domaines","osm_id":1356259165,"feature":"piste","kind":"novice","name":null,"length_m":18},"geometry":{"type":"LineString","coordinates":[[1.79531,42.67443],[1.79517,42.67431]]}},
{"type":"Feature","id":"way/1442559252","properties":{"station_id":"ax-3-domaines","osm_id":1442559252,"feature":"piste","kind":"advanced","name":null,"length_m":1610},"geometry":{"type":"LineString","coordinates":[[1.7853,42.65649],[1.78522,42.65654],[1.78523,42.65662],[1.78526,42.65683],[1.78531,42.65696],[1.78561,42.65745],[1.78565,42.65757],[1.7857,42.65779],[1.78573,42.65792],[1.78588,42.65809],[1.78597,42.65826],[1.78611,42.65841],[1.7863,42.65855],[1.78681,42.65876],[1.787,42.6588],[1.78709,42.6588],[1.78709,42.65897],[1.78646,42.6588],[1.78615,42.65866],[1.78604,42.65859],[1.78586,42.65847],[1.78571,42.65832],[1.78552,42.65783],[1.78543,42.65765],[1.78527,42.65749],[1.78516,42.65716],[1.78506,42.65687],[1.78499,42.65669],[1.78488,42.65651],[1.78499,42.65637],[1.78519,42.6563],[1.78579,42.65606],[1.78697,42.65561],[1.78756,42.65537],[1.788,42.65523],[1.78842,42.65519],[1.7889,42.65519],[1.78941,42.65526],[1.78967,42.65528],[1.78978,42.65528],[1.79002,42.65534],[1.79015,42.65538],[1.79005,42.65559],[1.78911,42.65546],[1.78854,42.65545],[1.78809,42.65552],[1.78767,42.65563],[1.78739,42.65575],[1.78698,42.65594],[1.7863,42.65619],[1.78597,42.65627],[1.78562,42.65637],[1.7853,42.65649]]}},
{"type":"Feature","id":"way/1547487006","properties":{"station_id":"ax-3-domaines","osm_id":1547487006,"feature":"piste","kind":"novice","name":"Ronde des marmottes","length_m":46},"geometry":{"type":"LineString","coordinates":[[1.80016,42.67317],[1.80023,42.67316],[1.80027,42.67317],[1.80025,42.6732],[1.8002,42.67324],[1.80009,42.67333],[1.80002,42.67344]]}},
{"type":"Feature","id":"way/1547487009","properties":{"station_id":"ax-3-domaines","osm_id":1547487009,"feature":"piste","kind":"easy","name":"Bonascre","length_m":179},"geometry":{"type":"LineString","coordinates":[[1.79735,42.67818],[1.79763,42.67855],[1.79778,42.67869],[1.79813,42.67886],[1.79842,42.67903],[1.79871,42.67928],[1.79876,42.67937]]}},
{"type":"Feature","id":"way/1557726850","properties":{"station_id":"ax-3-domaines","osm_id":1557726850,"feature":"piste","kind":"easy","name":"Jonction Savis","length_m":696},"geometry":{"type":"LineString","coordinates":[[1.80781,42.65965],[1.80867,42.65998],[1.80921,42.66042],[1.80965,42.66084],[1.80973,42.66093],[1.81036,42.66168],[1.81078,42.66225],[1.81089,42.66255],[1.81094,42.66271],[1.81092,42.66288],[1.81084,42.66293],[1.81077,42.6628],[1.81066,42.66265],[1.81046,42.66246],[1.81009,42.6621],[1.80965,42.66185],[1.80954,42.66179],[1.80943,42.66176],[1.80933,42.66181],[1.80928,42.66189],[1.80923,42.66218]]}},
{"type":"Feature","id":"way/10209907","properties":{"station_id":"cauterets","osm_id":10209907,"feature":"lift","kind":"gondola","name":"Lys","length_m":3595},"geometry":{"type":"LineString","coordinates":[[-0.11289,42.89124],[-0.11963,42.88987],[-0.12291,42.8892],[-0.12354,42.88907],[-0.12594,42.88858],[-0.12825,42.88811],[-0.13194,42.88736],[-0.136,42.88654],[-0.13925,42.88588],[-0.14151,42.88541],[-0.14383,42.88494],[-0.14526,42.88464],[-0.14931,42.88381],[-0.1508,42.88351],[-0.15214,42.88323],[-0.15232,42.88319],[-0.15487,42.88267],[-0.15503,42.88264],[-0.15514,42.88262],[-0.15539,42.88256]]}},
{"type":"Feature","id":"way/44939470","properties":{"station_id":"cauterets","osm_id":44939470,"feature":"lift","kind":"chair_lift","name":"Crêtes","length_m":1788},"geometry":{"type":"LineString","coordinates":[[-0.15293,42.88528],[-0.1536,42.88519],[-0.15447,42.88506],[-0.15554,42.8849],[-0.15738,42.88463],[-0.15904,42.88439],[-0.16064,42.88416],[-0.16147,42.88403],[-0.16287,42.88383],[-0.16503,42.88351],[-0.16689,42.88324],[-0.16782,42.8831],[-0.17,42.88278],[-0.1713,42.88259],[-0.17298,42.88235],[-0.17412,42.88218],[-0.17424,42.88216],[-0.17445,42.88213]]}},
{"type":"Feature","id":"way/44939472","properties":{"station_id":"cauterets","osm_id":44939472,"feature":"lift","kind":"chair_lift","name":"Grand Barbat","length_m":1237},"geometry":{"type":"LineString","coordinates":[[-0.15686,42.88206],[-0.15753,42.882],[-0.15883,42.88189],[-0.15931,42.88185],[-0.15952,42.88183],[-0.16043,42.88175],[-0.16163,42.88165],[-0.16341,42.8815],[-0.1649,42.88137],[-0.16552,42.88132],[-0.16654,42.88123],[-0.16744,42.88115],[-0.16804,42.8811],[-0.16864,42.88105],[-0.17024,42.88091],[-0.1704,42.8809],[-0.17171,42.88079],[-0.17194,42.88077]]}},
{"type":"Feature","id":"way/50892949","properties":{"station_id":"cauterets","osm_id":50892949,"feature":"lift","kind":"chair_lift","name":"Brèche","length_m":1239},"geometry":{"type":"LineString","coordinates":[[-0.16283,42.88456],[-0.16305,42.88454],[-0.16452,42.88441],[-0.16575,42.8843],[-0.16635,42.88424],[-0.16814,42.88408],[-0.16837,42.88406],[-0.16946,42.88396],[-0.17033,42.88389],[-0.17146,42.88378],[-0.1732,42.88363],[-0.1748,42.88349],[-0.17532,42.88344],[-0.17633,42.88335],[-0.1775,42.88324],[-0.17764,42.88323],[-0.17792,42.8832]]}},
{"type":"Feature","id":"way/50892950","properties":{"station_id":"cauterets","osm_id":50892950,"feature":"lift","kind":"chair_lift","name":"Touyarolles","length_m":732},"geometry":{"type":"LineString","coordinates":[[-0.16534,42.8865],[-0.16554,42.8865],[-0.16564,42.88651],[-0.16589,42.88651],[-0.16655,42.88654],[-0.16792,42.88658],[-0.16943,42.88663],[-0.17035,42.88666],[-0.17176,42.88671],[-0.17278,42.88675],[-0.17311,42.88676],[-0.17412,42.88679],[-0.17431,42.8868]]}},
{"type":"Feature","id":"way/50929491","properties":{"station_id":"cauterets","osm_id":50929491,"feature":"lift","kind":"gondola","name":"Puntas","length_m":420},"geometry":{"type":"LineString","coordinates":[[-0.13706,42.85182],[-0.13961,42.85205],[-0.13999,42.85209],[-0.14107,42.85218],[-0.14154,42.85222],[-0.14218,42.85228]]}},
{"type":"Feature","id":"way/165287391","properties":{"station_id":"cauterets","osm_id":165287391,"feature":"lift","kind":"chair_lift","name":"Gaube","length_m":622},"geometry":{"type":"LineString","coordinates":[[-0.14279,42.8508],[-0.14306,42.85022],[-0.14331,42.84967],[-0.14373,42.84878],[-0.14416,42.84785],[-0.14451,42.84712],[-0.14504,42.84597],[-0.14517,42.84569],[-0.14525,42.84551]]}},
{"type":"Feature","id":"way/197961801","properties":{"station_id":"cauterets","osm_id":197961801,"feature":"lift","kind":"platter","name":"Baumes","length_m":545},"geometry":{"type":"LineString","coordinates":[[-0.15886,42.88044],[-0.15913,42.88007],[-0.15963,42.87942],[-0.15982,42.87916],[-0.16047,42.8783],[-0.16107,42.87796],[-0.16139,42.87778],[-0.16222,42.87731],[-0.16253,42.87714],[-0.16297,42.87689],[-0.16313,42.8768]]}},
{"type":"Feature","id":"way/217002374","properties":{"station_id":"cauterets","osm_id":217002374,"feature":"lift","kind":"platter","name":"Clot Long","length_m":198},"geometry":{"type":"LineString","coordinates":[[-0.14817,42.85147],[-0.14959,42.85291]]}},
{"type":"Feature","id":"way/217002375","properties":{"station_id":"cauterets","osm_id":217002375,"feature":"lift","kind":"platter","name":"Clot Court","length_m":146},"geometry":{"type":"LineString","coordinates":[[-0.14821,42.85144],[-0.14926,42.8525]]}},
{"type":"Feature","id":"way/217731633","properties":{"station_id":"cauterets","osm_id":217731633,"feature":"lift","kind":"platter","name":"Source","length_m":350},"geometry":{"type":"LineString","coordinates":[[-0.15714,42.88389],[-0.15827,42.88325],[-0.15914,42.88275],[-0.15977,42.8824],[-0.16054,42.88196]]}},
{"type":"Feature","id":"way/701859730","properties":{"station_id":"cauterets","osm_id":701859730,"feature":"lift","kind":"magic_carpet","name":"Big Foot","length_m":129},"geometry":{"type":"LineString","coordinates":[[-0.1566,42.88182],[-0.15765,42.88095]]}},
{"type":"Feature","id":"way/1031645942","properties":{"station_id":"cauterets","osm_id":1031645942,"feature":"lift","kind":"rope_tow","name":"Bambi (École)","length_m":139},"geometry":{"type":"LineString","coordinates":[[-0.16,42.88084],[-0.15845,42.88137]]}},
{"type":"Feature","id":"way/10209894","properties":{"station_id":"cauterets","osm_id":10209894,"feature":"piste","kind":"easy","name":"Crêtes","length_m":45},"geometry":{"type":"LineString","coordinates":[[-0.17442,42.88199],[-0.17416,42.88178],[-0.17407,42.88168]]}},
{"type":"Feature","id":"way/165287392","properties":{"station_id":"cauterets","osm_id":165287392,"feature":"piste","kind":"intermediate","name":"Tremplin","length_m":221},"geometry":{"type":"LineString","coordinates":[[-0.1453,42.84541],[-0.14536,42.84548],[-0.14534,42.84563],[-0.14536,42.8458],[-0.14543,42.84584],[-0.14578,42.84595],[-0.147,42.8465],[-0.14723,42.84659]]}},
{"type":"Feature","id":"way/197961805","properties":{"station_id":"cauterets","osm_id":197961805,"feature":"piste","kind":"intermediate","name":"Edelweiss","length_m":1125},"geometry":{"type":"LineString","coordinates":[[-0.17451,42.88682],[-0.17464,42.88686],[-0.17475,42.88692],[-0.1748,42.88699],[-0.17479,42.88711],[-0.17478,42.88717],[-0.17459,42.88737],[-0.17426,42.88782],[-0.17376,42.88826],[-0.17357,42.88838],[-0.17324,42.88851],[-0.17279,42.88877],[-0.17219,42.88914],[-0.17197,42.88918],[-0.17153,42.88917],[-0.17092,42.88899],[-0.17038,42.88873],[-0.16989,42.88842],[-0.16877,42.8882],[-0.16788,42.88806],[-0.16743,42.88791],[-0.16681,42.88762],[-0.16672,42.88752],[-0.16669,42.88742],[-0.16673,42.8873],[-0.16682,42.88706],[-0.16693,42.8869],[-0.16727,42.88642],[-0.16752,42.88618],[-0.16779,42.88596],[-0.16784,42.88577],[-0.16764,42.88559],[-0.1674,42.8855]]}},
{"type":"Feature","id":"way/197979642","properties":{"station_id":"cauterets","osm_id":197979642,"feature":"piste","kind":"intermediate","name":"Asphodèle","length_m":1036},"geometry":{"type":"LineString","coordinates":[[-0.16532,42.88643],[-0.16485,42.88641],[-0.16395,42.88642],[-0.16288,42.88656],[-0.16222,42.88672],[-0.1616,42.88683],[-0.16107,42.88683],[-0.16079,42.88677],[-0.16008,42.88657],[-0.1595,42.88658],[-0.15909,42.88666],[-0.15865,42.8867],[-0.15795,42.88666],[-0.15755,42.88655],[-0.15722,42.88631],[-0.15687,42.88617],[-0.15646,42.88604],[-0.15614,42.88588],[-0.1558,42.88553],[-0.15546,42.88547],[-0.15523,42.8854],[-0.15505,42.88537],[-0.1548,42.88538],[-0.1545,42.88534],[-0.15413,42.88524],[-0.15357,42.8851],[-0.15343,42.88506]]}},
{"type":"Feature","id":"way/199697383","properties":{"station_id":"cauterets","osm_id":199697383,"feature":"piste","kind":"intermediate","name":"Mahl Blanc","length_m":834},"geometry":{"type":"LineString","coordinates":[[-0.17218,42.88781],[-0.17218,42.88748],[-0.17218,42.88724],[-0.17216,42.88711],[-0.17211,42.88697],[-0.1721,42.88693],[-0.17204,42.88677],[-0.172,42.88675],[-0.17195,42.88675],[-0.17191,42.88678],[-0.1719,42.88691],[-0.17192,42.88699],[-0.17191,42.88705],[-0.1719,42.88708],[-0.17184,42.8873],[-0.17181,42.88733],[-0.17176,42.88734],[-0.17172,42.88731],[-0.1717,42.88728],[-0.17172,42.88711],[-0.1717,42.88706],[-0.17163,42.88698],[-0.17153,42.88689],[-0.17147,42.88681],[-0.17143,42.88668],[-0.17144,42.88657],[-0.17144,42.8865],[-0.17146,42.88647],[-0.1715,42.88645],[-0.17162,42.88642],[-0.17185,42.8864],[-0.17204,42.88633],[-0.17234,42.88626],[-0.17252,42.88617],[-0.17279,42.88591],[-0.17285,42.88587],[-0.17328,42.88577],[-0.17356,42.88556],[-0.1737,42.88542],[-0.17386,42.88514],[-0.17391,42.88491],[-0.17396,42.88444],[-0.17393,42.8841],[-0.17385,42.88387],[-0.17374,42.88376],[-0.17366,42.8837],[-0.17352,42.88358],[-0.1735,42.88354],[-0.17348,42.8835],[-0.17324,42.88282]]}},
{"type":"Feature","id":"way/199697384","properties":{"station_id":"cauterets","osm_id":199697384,"feature":"piste","kind":"easy","name":"Aconit","length_m":304},"geometry":{"type":"LineString","coordinates":[[-0.16532,42.88643],[-0.16535,42.88622],[-0.16532,42.88596],[-0.16527,42.88561],[-0.16524,42.88548],[-0.16518,42.88539],[-0.16507,42.88529],[-0.16493,42.88518],[-0.16477,42.88511],[-0.16402,42.88494],[-0.16373,42.88487],[-0.16334,42.88477],[-0.16313,42.88474]]}},
{"type":"Feature","id":"way/213877957","properties":{"station_id":"cauterets","osm_id":213877957,"feature":"piste","kind":"easy","name":"Gaube","length_m":218},"geometry":{"type":"LineString","coordinates":[[-0.14072,42.84752],[-0.14064,42.84758],[-0.14053,42.8477],[-0.14041,42.84784],[-0.1404,42.84793],[-0.14045,42.8482],[-0.14054,42.84838],[-0.14062,42.84843],[-0.14074,42.84845],[-0.14129,42.84847],[-0.14189,42.8485]]}},
{"type":"Feature","id":"way/213877959","properties":{"station_id":"cauterets","osm_id":213877959,"feature":"piste","kind":"easy","name":"Gaube","length_m":257},"geometry":{"type":"LineString","coordinates":[[-0.14217,42.84895],[-0.14248,42.84899],[-0.14293,42.84909],[-0.14333,42.84923],[-0.14366,42.84932],[-0.14375,42.84939],[-0.14375,42.84951],[-0.14375,42.84962],[-0.14372,42.84968],[-0.14364,42.84974],[-0.14341,42.84983],[-0.14318,42.84997],[-0.14293,42.85017]]}},
{"type":"Feature","id":"way/213877976","properties":{"station_id":"cauterets","osm_id":213877976,"feature":"piste","kind":"easy","name":"Gaube","length_m":910},"geometry":{"type":"LineString","coordinates":[[-0.1453,42.84541],[-0.14527,42.84536],[-0.14515,42.84529],[-0.14456,42.84463],[-0.14405,42.84399],[-0.14378,42.84363],[-0.14349,42.8433],[-0.14331,42.8431],[-0.14318,42.8429],[-0.14302,42.84272],[-0.14293,42.84269],[-0.14286,42.84268],[-0.1428,42.84271],[-0.14276,42.84278],[-0.14277,42.84299],[-0.14281,42.84344],[-0.14284,42.84371],[-0.14286,42.84396],[-0.14284,42.84411],[-0.14278,42.8443],[-0.14264,42.84462],[-0.14252,42.84494],[-0.14247,42.8451],[-0.14246,42.84525],[-0.14245,42.84566],[-0.14242,42.8458],[-0.14233,42.84591],[-0.14217,42.84604],[-0.14206,42.84606],[-0.14194,42.84605],[-0.14175,42.84603],[-0.14167,42.84608],[-0.14161,42.84613],[-0.14156,42.84628],[-0.14154,42.84647],[-0.14147,42.84664],[-0.14137,42.84682],[-0.14131,42.84703]]}},
{"type":"Feature","id":"way/213877999","properties":{"station_id":"cauterets","osm_id":213877999,"feature":"piste","kind":"easy","name":"Gaube","length_m":74},"geometry":{"type":"LineString","coordinates":[[-0.14131,42.84703],[-0.14101,42.84736],[-0.14072,42.84752]]}},
{"type":"Feature","id":"way/213878000","properties":{"station_id":"cauterets","osm_id":213878000,"feature":"piste","kind":"easy","name":"Gaube","length_m":96},"geometry":{"type":"LineString","coordinates":[[-0.14293,42.85017],[-0.14273,42.85041],[-0.14255,42.8508],[-0.14254,42.85087],[-0.14267,42.85091]]}},
{"type":"Feature","id":"way/213878002","properties":{"station_id":"cauterets","osm_id":213878002,"feature":"piste","kind":"easy","name":"Gaube","length_m":64},"geometry":{"type":"LineString","coordinates":[[-0.14189,42.8485],[-0.14198,42.84856],[-0.14196,42.84865],[-0.14192,42.84875],[-0.14194,42.84884],[-0.14202,42.8489],[-0.14217,42.84895]]}},
{"type":"Feature","id":"way/216881604","properties":{"station_id":"cauterets","osm_id":216881604,"feature":"piste","kind":"intermediate","name":"Tremplin","length_m":640},"geometry":{"type":"LineString","coordinates":[[-0.14723,42.84659],[-0.14749,42.84671],[-0.14775,42.84699],[-0.14778,42.84715],[-0.14773,42.8473],[-0.14745,42.84739],[-0.14712,42.84739],[-0.14687,42.84734],[-0.14652,42.84736],[-0.14638,42.84748],[-0.14627,42.84776],[-0.1463,42.84805],[-0.1465,42.84822],[-0.14663,42.84835],[-0.14668,42.84849],[-0.14655,42.84886],[-0.14637,42.84895],[-0.14602,42.84907],[-0.14578,42.84915],[-0.14563,42.84924],[-0.1455,42.84933],[-0.14536,42.84943],[-0.14521,42.8495],[-0.14508,42.8495],[-0.14477,42.84945],[-0.14462,42.84938],[-0.14437,42.84937],[-0.1441,42.84939],[-0.14375,42.84951]]}},
{"type":"Feature","id":"way/217002376","properties":{"station_id":"cauterets","osm_id":217002376,"feature":"piste","kind":"novice","name":null,"length_m":210},"geometry":{"type":"LineString","coordinates":[[-0.14963,42.85281],[-0.14971,42.85248],[-0.14961,42.85233],[-0.14927,42.85204],[-0.1492,42.85198],[-0.14903,42.85183],[-0.1485,42.85141],[-0.14841,42.85138],[-0.1483,42.85139]]}},
{"type":"Feature","id":"way/217008465","properties":{"station_id":"cauterets","osm_id":217008465,"feature":"piste","kind":"novice","name":null,"length_m":156},"geometry":{"type":"LineString","coordinates":[[-0.14926,42.8525],[-0.14878,42.85237],[-0.14848,42.85222],[-0.14815,42.85172],[-0.14812,42.85162],[-0.1481,42.85152]]}},
{"type":"Feature","id":"way/217731603","properties":{"station_id":"cauterets","osm_id":217731603,"feature":"piste","kind":"easy","name":"Aconit","length_m":255},"geometry":{"type":"LineString","coordinates":[[-0.17223,42.88074],[-0.17222,42.88076],[-0.17224,42.8808],[-0.17239,42.88091],[-0.1727,42.88116],[-0.17285,42.88133],[-0.17304,42.88152],[-0.17312,42.88164],[-0.17318,42.88178],[-0.17321,42.8819],[-0.17329,42.88274],[-0.1733,42.88279]]}},
{"type":"Feature","id":"way/217731605","properties":{"station_id":"cauterets","osm_id":217731605,"feature":"piste","kind":"easy","name":"Crêtes","length_m":619},"geometry":{"type":"LineString","coordinates":[[-0.17223,42.88074],[-0.17213,42.88067],[-0.17174,42.88046],[-0.17149,42.8803],[-0.17107,42.88001],[-0.17053,42.87972],[-0.17007,42.87945],[-0.16929,42.879],[-0.16904,42.87891],[-0.16823,42.87836],[-0.16806,42.87825],[-0.16717,42.87756],[-0.16661,42.87714],[-0.16653,42.87709]]}},
{"type":"Feature","id":"way/217731606","properties":{"station_id":"cauterets","osm_id":217731606,"feature":"piste","kind":"easy","name":"Aconit","length_m":199},"geometry":{"type":"LineString","coordinates":[[-0.16313,42.88474],[-0.16299,42.88473],[-0.16283,42.8847],[-0.16276,42.88466],[-0.16271,42.88457],[-0.16272,42.88457],[-0.16271,42.88444],[-0.16267,42.88436],[-0.16262,42.8843],[-0.16249,42.88422],[-0.16228,42.88415],[-0.16177,42.88408],[-0.16165,42.88403],[-0.16145,42.88373]]}},
{"type":"Feature","id":"way/217731608","properties":{"station_id":"cauterets","osm_id":217731608,"feature":"piste","kind":"easy","name":"Sacca","length_m":366},"geometry":{"type":"LineString","coordinates":[[-0.1568,42.88367],[-0.15672,42.88374],[-0.15664,42.88379],[-0.15632,42.88389],[-0.15625,42.88391],[-0.15579,42.88406],[-0.15544,42.88414],[-0.15529,42.88421],[-0.15463,42.88462],[-0.1544,42.88484],[-0.15424,42.88491],[-0.15398,42.88498],[-0.15343,42.88506],[-0.15317,42.88509],[-0.15291,42.88512]]}},
{"type":"Feature","id":"way/217731609","properties":{"station_id":"cauterets","osm_id":217731609,"feature":"piste","kind":"easy","name":"Crêtes","length_m":264},"geometry":{"type":"LineString","coordinates":[[-0.16494,42.87709],[-0.16471,42.87705],[-0.1645,42.87698],[-0.16417,42.87685],[-0.16386,42.87668],[-0.16362,42.8766],[-0.1634,42.87657],[-0.16315,42.87658],[-0.16296,42.87659],[-0.16285,42.87659],[-0.16249,42.87652],[-0.1623,42.87647],[-0.16214,42.87643],[-0.162,42.8764],[-0.16192,42.8764]]}},
{"type":"Feature","id":"way/217731610","properties":{"station_id":"cauterets","osm_id":217731610,"feature":"piste","kind":"easy","name":"Crête","length_m":211},"geometry":{"type":"LineString","coordinates":[[-0.15722,42.88008],[-0.15715,42.88011],[-0.15705,42.88017],[-0.15694,42.88024],[-0.15681,42.88048],[-0.15671,42.88062],[-0.1565,42.88087],[-0.15639,42.88102],[-0.15631,42.88115],[-0.1563,42.88117],[-0.15613,42.88143],[-0.15589,42.88168]]}},
{"type":"Feature","id":"way/217731615","properties":{"station_id":"cauterets","osm_id":217731615,"feature":"piste","kind":"easy","name":"Crêtes","length_m":915},"geometry":{"type":"LineString","coordinates":[[-0.178,42.88323],[-0.178,42.88324],[-0.178,42.88325],[-0.178,42.88326],[-0.17799,42.88326],[-0.17791,42.88331],[-0.17783,42.88347],[-0.17778,42.88364],[-0.17776,42.88406],[-0.17768,42.88426],[-0.17754,42.88437],[-0.17744,42.88449],[-0.1773,42.8847],[-0.17718,42.88492],[-0.17703,42.88509],[-0.17689,42.88515],[-0.1768,42.88515],[-0.17675,42.8851],[-0.17676,42.885],[-0.17681,42.88478],[-0.1768,42.88398],[-0.1768,42.88395],[-0.17675,42.88376],[-0.17658,42.88357],[-0.17619,42.88329],[-0.17605,42.88317],[-0.17557,42.8827],[-0.17544,42.8825],[-0.17494,42.88203],[-0.1747,42.88189],[-0.17407,42.88168],[-0.17396,42.88159],[-0.17346,42.88128],[-0.1731,42.88108],[-0.17276,42.88092],[-0.17262,42.88085],[-0.1724,42.88076],[-0.1723,42.88074],[-0.17223,42.88074]]}},
{"type":"Feature","id":"way/217731618","properties":{"station_id":"cauterets","osm_id":217731618,"feature":"piste","kind":null,"name":null,"length_m":83},"geometry":{"type":"LineString","coordinates":[[-0.16322,42.87678],[-0.16286,42.87671],[-0.16253,42.87659],[-0.1623,42.87647]]}},
{"type":"Feature","id":"way/217731620","properties":{"station_id":"cauterets","osm_id":217731620,"feature":"piste","kind":"easy","name":"Aconit","length_m":857},"geometry":{"type":"LineString","coordinates":[[-0.1733,42.88279],[-0.17338,42.88311],[-0.17342,42.88383],[-0.17315,42.88437],[-0.17283,42.88454],[-0.17246,42.88461],[-0.17169,42.88487],[-0.17121,42.88497],[-0.17074,42.88496],[-0.17006,42.88509],[-0.16921,42.88517],[-0.1687,42.88528],[-0.16811,42.88536],[-0.16752,42.88547],[-0.1674,42.8855],[-0.16686,42.88563],[-0.16624,42.88573],[-0.16581,42.8857],[-0.16547,42.88559],[-0.16524,42.88548]]}},
{"type":"Feature","id":"way/217731622","properties":{"station_id":"cauterets","osm_id":217731622,"feature":"piste","kind":"advanced","name":"Orchis","length_m":54},"geometry":{"type":"LineString","coordinates":[[-0.16667,42.88117],[-0.16662,42.88108],[-0.16652,42.88086],[-0.16647,42.88075],[-0.16646,42.88071]]}},
{"type":"Feature","id":"way/217731628","properties":{"station_id":"cauterets","osm_id":217731628,"feature":"piste","kind":null,"name":"Espace Snowpark","length_m":460},"geometry":{"type":"LineString","coordinates":[[-0.17191,42.88199],[-0.17176,42.88189],[-0.17143,42.88164],[-0.17112,42.88136],[-0.17097,42.88118],[-0.17073,42.88104],[-0.17042,42.88078],[-0.17026,42.88073],[-0.17012,42.88063],[-0.17001,42.88057],[-0.16997,42.88057],[-0.16992,42.88059],[-0.16991,42.88061],[-0.16991,42.88063],[-0.17008,42.88075],[-0.17015,42.88093],[-0.17027,42.88107],[-0.17049,42.88165],[-0.17051,42.88173],[-0.17048,42.8818],[-0.17042,42.88191],[-0.17018,42.8821],[-0.17005,42.88226],[-0.16996,42.88233],[-0.16991,42.88239]]}},
{"type":"Feature","id":"way/217731634","properties":{"station_id":"cauterets","osm_id":217731634,"feature":"piste","kind":"intermediate","name":"Stade de Slalom","length_m":608},"geometry":{"type":"LineString","coordinates":[[-0.16049,42.8784],[-0.16105,42.8781],[-0.16291,42.87699],[-0.16316,42.87696],[-0.16338,42.87709],[-0.16322,42.87738],[-0.16078,42.87849],[-0.16057,42.87859],[-0.1605,42.8785],[-0.16049,42.8784]]}},
{"type":"Feature","id":"way/217731635","properties":{"station_id":"cauterets","osm_id":217731635,"feature":"piste","kind":"easy","name":"Gentiane Variante","length_m":366},"geometry":{"type":"LineString","coordinates":[[-0.16991,42.88239],[-0.16979,42.88225],[-0.16989,42.88193],[-0.16963,42.88178],[-0.16916,42.8818],[-0.16879,42.88175],[-0.16871,42.88174],[-0.16853,42.88176],[-0.16838,42.88181],[-0.16829,42.88187],[-0.1682,42.882],[-0.1682,42.88225],[-0.16814,42.88234],[-0.16803,42.88238],[-0.16771,42.88249],[-0.16742,42.88265],[-0.167,42.88294]]}},
{"type":"Feature","id":"way/217731639","properties":{"station_id":"cauterets","osm_id":217731639,"feature":"piste","kind":"easy","name":"Gentiane","length_m":1993},"geometry":{"type":"LineString","coordinates":[[-0.17276,42.88092],[-0.17297,42.88135],[-0.17312,42.88164],[-0.17287,42.88174],[-0.17239,42.88187],[-0.17202,42.88196],[-0.17191,42.88199],[-0.17124,42.88226],[-0.17076,42.88241],[-0.17039,42.88247],[-0.17009,42.88245],[-0.16991,42.88239],[-0.16963,42.88242],[-0.16938,42.88247],[-0.16912,42.88246],[-0.16884,42.88248],[-0.16856,42.88254],[-0.16808,42.88277],[-0.16784,42.88282],[-0.16748,42.88288],[-0.16716,42.88291],[-0.167,42.88294],[-0.16638,42.88324],[-0.16592,42.88347],[-0.1657,42.88349],[-0.1655,42.88347],[-0.16544,42.8834],[-0.16542,42.88333],[-0.16545,42.88302],[-0.16543,42.88297],[-0.1654,42.88293],[-0.16534,42.8829],[-0.16525,42.88287],[-0.16491,42.8828],[-0.16459,42.88276],[-0.16419,42.88274],[-0.16391,42.8829],[-0.16382,42.88305],[-0.16372,42.88346],[-0.16358,42.88357],[-0.16335,42.88363],[-0.16311,42.88366],[-0.16264,42.88355],[-0.16226,42.88354],[-0.16194,42.88367],[-0.16181,42.88376],[-0.16162,42.8838],[-0.16145,42.88373],[-0.16142,42.88369],[-0.16136,42.88353],[-0.16137,42.88319],[-0.16137,42.88271],[-0.16155,42.88205],[-0.16167,42.88181],[-0.16173,42.88144],[-0.16174,42.88124],[-0.16148,42.88126],[-0.16121,42.88137],[-0.16068,42.88155],[-0.16,42.88188],[-0.15967,42.88211],[-0.15912,42.88239],[-0.15877,42.88259],[-0.15829,42.8829],[-0.15785,42.8831],[-0.15747,42.88331],[-0.15716,42.88356],[-0.15697,42.88366],[-0.1568,42.88367]]}},
{"type":"Feature","id":"way/217731641","properties":{"station_id":"cauterets","osm_id":217731641,"feature":"piste","kind":"novice","name":"Jonction","length_m":217},"geometry":{"type":"LineString","coordinates":[[-0.1563,42.88221],[-0.15646,42.88235],[-0.15652,42.88238],[-0.15659,42.88241],[-0.15662,42.88245],[-0.15664,42.8825],[-0.15654,42.8826],[-0.15641,42.88268],[-0.15574,42.88302],[-0.15522,42.88328],[-0.15514,42.88333],[-0.1551,42.88339],[-0.15514,42.88344],[-0.1552,42.88346]]}},
{"type":"Feature","id":"way/217731644","properties":{"station_id":"cauterets","osm_id":217731644,"feature":"piste","kind":"easy","name":"Crêtes","length_m":622},"geometry":{"type":"LineString","coordinates":[[-0.16192,42.8764],[-0.16167,42.8764],[-0.16141,42.87646],[-0.16077,42.87656],[-0.1603,42.8766],[-0.1599,42.87665],[-0.15951,42.87676],[-0.1594,42.8769],[-0.15904,42.87762],[-0.15853,42.87841],[-0.15848,42.87874],[-0.15829,42.87906],[-0.15803,42.8794],[-0.15774,42.87968],[-0.15722,42.88008]]}},
{"type":"Feature","id":"way/217731645","properties":{"station_id":"cauterets","osm_id":217731645,"feature":"piste","kind":"intermediate","name":"Martagon","length_m":585},"geometry":{"type":"LineString","coordinates":[[-0.16612,42.87698],[-0.1656,42.87721],[-0.16542,42.87729],[-0.165,42.87752],[-0.16375,42.87811],[-0.16327,42.87837],[-0.16224,42.87904],[-0.16191,42.87932],[-0.16156,42.8797],[-0.1614,42.87985],[-0.16117,42.88006],[-0.16082,42.88043]]}},
{"type":"Feature","id":"way/217731647","properties":{"station_id":"cauterets","osm_id":217731647,"feature":"piste","kind":"novice","name":"Stade Débutants","length_m":561},"geometry":{"type":"LineString","coordinates":[[-0.15808,42.8802],[-0.15822,42.88023],[-0.15837,42.8803],[-0.15842,42.88046],[-0.15835,42.88057],[-0.15828,42.88079],[-0.15818,42.88105],[-0.15787,42.8814],[-0.15746,42.88171],[-0.15721,42.8818],[-0.15711,42.88187],[-0.15704,42.88195],[-0.15675,42.88197],[-0.15662,42.88197],[-0.1565,42.88193],[-0.15625,42.88185],[-0.15622,42.88173],[-0.15692,42.8811],[-0.15808,42.8802]]}},
{"type":"Feature","id":"way/217731648","properties":{"station_id":"cauterets","osm_id":217731648,"feature":"piste","kind":"advanced","name":"Combe du Barbart","length_m":515},"geometry":{"type":"LineString","coordinates":[[-0.16823,42.87836],[-0.16767,42.8784],[-0.16728,42.87848],[-0.16674,42.87852],[-0.16626,42.87858],[-0.16563,42.87869],[-0.16468,42.87885],[-0.16441,42.87895],[-0.16426,42.87915],[-0.16419,42.87933],[-0.16399,42.8796],[-0.1638,42.8798],[-0.16345,42.88007],[-0.16315,42.88043]]}},
{"type":"Feature","id":"way/217731649","properties":{"station_id":"cauterets","osm_id":217731649,"feature":"piste","kind":"advanced","name":"Orchis","length_m":816},"geometry":{"type":"LineString","coordinates":[[-0.16904,42.87891],[-0.16866,42.87897],[-0.1685,42.87906],[-0.1683,42.87922],[-0.16802,42.87948],[-0.16793,42.87962],[-0.16785,42.87976],[-0.16775,42.87993],[-0.16768,42.88019],[-0.16757,42.88043],[-0.16744,42.88065],[-0.16719,42.88093],[-0.16692,42.88116],[-0.16671,42.88113],[-0.1666,42.88103],[-0.16652,42.88076],[-0.16646,42.88071],[-0.16609,42.88059],[-0.166,42.88057],[-0.16572,42.88056],[-0.16543,42.88057],[-0.16473,42.88055],[-0.16434,42.88053],[-0.16368,42.88049],[-0.16331,42.88044],[-0.16315,42.88043],[-0.16308,42.88042],[-0.16259,42.88046],[-0.1617,42.88051],[-0.16135,42.88068]]}},
{"type":"Feature","id":"way/217731650","properties":{"station_id":"cauterets","osm_id":217731650,"feature":"piste","kind":"intermediate","name":"Stade de Slalom","length_m":530},"geometry":{"type":"LineString","coordinates":[[-0.16322,42.87678],[-0.16322,42.87687],[-0.16316,42.87696],[-0.1629,42.87724],[-0.16273,42.87738],[-0.16234,42.87766],[-0.16206,42.8778],[-0.16147,42.87809],[-0.16089,42.87843],[-0.16078,42.87849],[-0.16057,42.87859],[-0.16048,42.87864],[-0.16029,42.87885],[-0.16016,42.87906],[-0.15995,42.87935],[-0.15981,42.8795],[-0.15956,42.87981],[-0.15941,42.87996],[-0.15934,42.88015],[-0.15935,42.88027],[-0.15936,42.88038]]}},
{"type":"Feature","id":"way/217731652","properties":{"station_id":"cauterets","osm_id":217731652,"feature":"piste","kind":"easy","name":"Aconit","length_m":474},"geometry":{"type":"LineString","coordinates":[[-0.17342,42.88383],[-0.17288,42.8839],[-0.17214,42.88406],[-0.17166,42.88418],[-0.17117,42.88425],[-0.17083,42.88434],[-0.1702,42.88445],[-0.16974,42.88462],[-0.16925,42.88475],[-0.16891,42.88482],[-0.16864,42.88495],[-0.16837,42.88512],[-0.16811,42.88536]]}},
{"type":"Feature","id":"way/217731655","properties":{"station_id":"cauterets","osm_id":217731655,"feature":"piste","kind":"novice","name":null,"length_m":29},"geometry":{"type":"LineString","coordinates":[[-0.15601,42.88206],[-0.15618,42.88214],[-0.15626,42.88217],[-0.1563,42.88221]]}},
{"type":"Feature","id":"way/217731660","properties":{"station_id":"cauterets","osm_id":217731660,"feature":"piste","kind":"intermediate","name":"Malh Blanc","length_m":660},"geometry":{"type":"LineString","coordinates":[[-0.17451,42.88682],[-0.17446,42.88695],[-0.17435,42.88701],[-0.17424,42.88703],[-0.17397,42.88702],[-0.1732,42.88693],[-0.173,42.88692],[-0.17256,42.8869],[-0.17211,42.88697],[-0.17191,42.88705],[-0.17172,42.88711],[-0.17113,42.88727],[-0.17086,42.88725],[-0.17057,42.88716],[-0.17034,42.88712],[-0.17019,42.88708],[-0.16982,42.8871],[-0.16948,42.88719],[-0.16869,42.88733],[-0.16834,42.88733],[-0.16803,42.88729],[-0.16763,42.8872],[-0.16723,42.88711],[-0.16706,42.88703],[-0.16693,42.8869]]}},
{"type":"Feature","id":"way/217731661","properties":{"station_id":"cauterets","osm_id":217731661,"feature":"piste","kind":"intermediate","name":"Campanule","length_m":692},"geometry":{"type":"LineString","coordinates":[[-0.16313,42.88474],[-0.16317,42.88488],[-0.16315,42.88495],[-0.16307,42.88501],[-0.16294,42.88501],[-0.16271,42.88497],[-0.16255,42.88484],[-0.16229,42.88459],[-0.16213,42.88449],[-0.16189,42.88442],[-0.16157,42.8844],[-0.16125,42.88443],[-0.16083,42.8845],[-0.16054,42.88447],[-0.16019,42.88453],[-0.15983,42.88461],[-0.15922,42.88468],[-0.15885,42.88473],[-0.15838,42.88472],[-0.15795,42.88477],[-0.15786,42.88487],[-0.15778,42.88503],[-0.15774,42.88509],[-0.15764,42.88517],[-0.1574,42.88523],[-0.15679,42.88522],[-0.15638,42.8853],[-0.1558,42.88553]]}},
{"type":"Feature","id":"way/217731662","properties":{"station_id":"cauterets","osm_id":217731662,"feature":"piste","kind":"novice","name":null,"length_m":191},"geometry":{"type":"LineString","coordinates":[[-0.16064,42.88188],[-0.16068,42.88155],[-0.16072,42.88131],[-0.16057,42.8811],[-0.16042,42.88098],[-0.16021,42.88086],[-0.16,42.88084],[-0.15975,42.88096],[-0.15957,42.88107]]}},
{"type":"Feature","id":"way/217731667","properties":{"station_id":"cauterets","osm_id":217731667,"feature":"piste","kind":"easy","name":"Dryade","length_m":942},"geometry":{"type":"LineString","coordinates":[[-0.17324,42.88282],[-0.17302,42.88289],[-0.17267,42.88289],[-0.17195,42.88287],[-0.17145,42.88287],[-0.17084,42.88284],[-0.17047,42.88288],[-0.17032,42.88294],[-0.17009,42.88305],[-0.16977,42.88311],[-0.16931,42.88309],[-0.16882,42.88308],[-0.16853,42.88307],[-0.16832,42.8832],[-0.16804,42.88334],[-0.16773,42.88337],[-0.16723,42.88332],[-0.1667,42.88339],[-0.16648,42.88354],[-0.16638,42.88364],[-0.16635,42.88374],[-0.16623,42.88387],[-0.16603,42.88393],[-0.16578,42.88401],[-0.16547,42.88407],[-0.16508,42.8841],[-0.16466,42.88413],[-0.16442,42.88411],[-0.16424,42.88405],[-0.16383,42.8839],[-0.16353,42.88386],[-0.16321,42.8839],[-0.16307,42.88397],[-0.16287,42.88408],[-0.16262,42.8843]]}},
{"type":"Feature","id":"way/217731671","properties":{"station_id":"cauterets","osm_id":217731671,"feature":"piste","kind":"easy","name":"Gentiane Variante","length_m":1093},"geometry":{"type":"LineString","coordinates":[[-0.16419,42.88274],[-0.16362,42.88282],[-0.16328,42.8829],[-0.16302,42.883],[-0.1628,42.88317],[-0.16254,42.88329],[-0.1622,42.88333],[-0.16191,42.88325],[-0.16177,42.8831],[-0.16171,42.88298],[-0.16167,42.88263],[-0.16177,42.88229],[-0.16195,42.88198],[-0.1621,42.88171],[-0.16214,42.8815],[-0.16195,42.88126],[-0.16174,42.88124],[-0.16162,42.88096],[-0.16151,42.88079],[-0.16135,42.88068],[-0.16121,42.88058],[-0.16109,42.88053],[-0.16082,42.88043],[-0.16056,42.88021],[-0.16041,42.88016],[-0.16004,42.88017],[-0.15965,42.88025],[-0.15936,42.88038],[-0.15916,42.88047],[-0.15902,42.88055],[-0.15887,42.8806],[-0.15878,42.8806],[-0.15875,42.88059],[-0.15865,42.88056],[-0.15846,42.88042],[-0.15837,42.8803],[-0.15822,42.88023],[-0.15808,42.8802],[-0.15778,42.88038],[-0.15745,42.88061],[-0.15726,42.8807],[-0.15692,42.88091],[-0.15659,42.88114],[-0.15643,42.88128],[-0.15625,42.88149],[-0.15611,42.8816],[-0.15589,42.88168]]}},
{"type":"Feature","id":"way/217731676","properties":{"station_id":"cauterets","osm_id":217731676,"feature":"piste","kind":"novice","name":null,"length_m":196},"geometry":{"type":"LineString","coordinates":[[-0.15837,42.8803],[-0.15812,42.88093],[-0.15806,42.88101],[-0.15804,42.88105],[-0.15786,42.88129],[-0.15733,42.88172],[-0.15721,42.8818]]}},
{"type":"Feature","id":"way/217731678","properties":{"station_id":"cauterets","osm_id":217731678,"feature":"piste","kind":"easy","name":"Crêtes","length_m":134},"geometry":{"type":"LineString","coordinates":[[-0.16653,42.87709],[-0.16638,42.87701],[-0.16612,42.87698],[-0.16568,42.87701],[-0.16522,42.87709],[-0.16494,42.87709]]}},
{"type":"Feature","id":"way/217731679","properties":{"station_id":"cauterets","osm_id":217731679,"feature":"piste","kind":"intermediate","name":"Ancolie","length_m":320},"geometry":{"type":"LineString","coordinates":[[-0.17768,42.88426],[-0.17722,42.88409],[-0.1769,42.88399],[-0.1768,42.88398],[-0.1764,42.88396],[-0.17608,42.88393],[-0.17541,42.88389],[-0.17458,42.88386],[-0.17417,42.88385],[-0.17385,42.88387]]}},
{"type":"Feature","id":"way/217731681","properties":{"station_id":"cauterets","osm_id":217731681,"feature":"piste","kind":"intermediate","name":"Mahl Blanc","length_m":152},"geometry":{"type":"LineString","coordinates":[[-0.17451,42.88682],[-0.17428,42.88667],[-0.17412,42.88657],[-0.17395,42.88651],[-0.17373,42.88653],[-0.17352,42.88658],[-0.17327,42.88667],[-0.173,42.88692]]}},
{"type":"Feature","id":"way/217731683","properties":{"station_id":"cauterets","osm_id":217731683,"feature":"piste","kind":"novice","name":"Big foot","length_m":145},"geometry":{"type":"LineString","coordinates":[[-0.15773,42.88091],[-0.15777,42.88099],[-0.15757,42.88113],[-0.15698,42.88166],[-0.1567,42.88192]]}},
{"type":"Feature","id":"way/217731685","properties":{"station_id":"cauterets","osm_id":217731685,"feature":"piste","kind":"novice","name":null,"length_m":289},"geometry":{"type":"LineString","coordinates":[[-0.15889,42.88162],[-0.1588,42.8818],[-0.15825,42.88223],[-0.15768,42.8827],[-0.15704,42.88321],[-0.15694,42.88345],[-0.1568,42.88367]]}},
{"type":"Feature","id":"way/217731687","properties":{"station_id":"cauterets","osm_id":217731687,"feature":"piste","kind":"novice","name":"Sacca","length_m":144},"geometry":{"type":"LineString","coordinates":[[-0.1552,42.88346],[-0.15527,42.88347],[-0.15551,42.88345],[-0.15586,42.88339],[-0.15619,42.88338],[-0.1564,42.8834],[-0.15661,42.8835],[-0.1568,42.88367]]}},
{"type":"Feature","id":"way/217731688","properties":{"station_id":"cauterets","osm_id":217731688,"feature":"piste","kind":"intermediate","name":"Campanule","length_m":200},"geometry":{"type":"LineString","coordinates":[[-0.15774,42.88509],[-0.15759,42.88509],[-0.15743,42.88504],[-0.15723,42.88493],[-0.15701,42.88477],[-0.15689,42.88464],[-0.15676,42.8844],[-0.15672,42.88413],[-0.15673,42.88392],[-0.1568,42.88367]]}},
{"type":"Feature","id":"way/217731689","properties":{"station_id":"cauterets","osm_id":217731689,"feature":"piste","kind":"easy","name":null,"length_m":438},"geometry":{"type":"LineString","coordinates":[[-0.16635,42.88374],[-0.16642,42.88392],[-0.1665,42.88405],[-0.16671,42.88412],[-0.1672,42.88428],[-0.16745,42.8844],[-0.16755,42.88448],[-0.16757,42.88463],[-0.16749,42.88482],[-0.16736,42.88497],[-0.16711,42.88507],[-0.16685,42.88527],[-0.16643,42.88541],[-0.16607,42.88551],[-0.16581,42.8857],[-0.16556,42.88594],[-0.16545,42.88613],[-0.16532,42.88643]]}},
{"type":"Feature","id":"way/217925786","properties":{"station_id":"cauterets","osm_id":217925786,"feature":"piste","kind":"novice","name":null,"length_m":185},"geometry":{"type":"LineString","coordinates":[[-0.15686,42.88233],[-0.15718,42.88227],[-0.15741,42.88224],[-0.1576,42.88219],[-0.15797,42.88203],[-0.15818,42.88195],[-0.15872,42.88171],[-0.15889,42.88162]]}},
{"type":"Feature","id":"way/217925789","properties":{"station_id":"cauterets","osm_id":217925789,"feature":"piste","kind":"advanced","name":"Combe du Barbat","length_m":113},"geometry":{"type":"LineString","coordinates":[[-0.16441,42.87895],[-0.16419,42.87886],[-0.16402,42.87876],[-0.16374,42.87863],[-0.16355,42.87853],[-0.16327,42.87837]]}},
{"type":"Feature","id":"way/217925790","properties":{"station_id":"cauterets","osm_id":217925790,"feature":"piste","kind":"intermediate","name":"Martagon","length_m":362},"geometry":{"type":"LineString","coordinates":[[-0.16327,42.87837],[-0.16206,42.8778],[-0.16078,42.87849],[-0.16057,42.87859],[-0.16012,42.87855],[-0.15979,42.87858],[-0.15943,42.87868]]}},
{"type":"Feature","id":"way/217925791","properties":{"station_id":"cauterets","osm_id":217925791,"feature":"piste","kind":null,"name":null,"length_m":62},"geometry":{"type":"LineString","coordinates":[[-0.1563,42.88221],[-0.15663,42.88219],[-0.15705,42.88215]]}},
{"type":"Feature","id":"way/470698774","properties":{"station_id":"cauterets","osm_id":470698774,"feature":"piste","kind":"intermediate","name":"Campanule","length_m":45},"geometry":{"type":"LineString","coordinates":[[-0.16262,42.8843],[-0.16244,42.88437],[-0.16213,42.88448]]}},
{"type":"Feature","id":"way/470698775","properties":{"station_id":"cauterets","osm_id":470698775,"feature":"piste","kind":"easy","name":"Dryade","length_m":133},"geometry":{"type":"LineString","coordinates":[[-0.16424,42.88405],[-0.164,42.88406],[-0.16375,42.88408],[-0.16355,42.88416],[-0.16344,42.88429],[-0.16342,42.88439],[-0.16331,42.88458],[-0.16319,42.88466],[-0.16313,42.88474]]}},
{"type":"Feature","id":"way/470710046","properties":{"station_id":"cauterets","osm_id":470710046,"feature":"piste","kind":"easy","name":"Chardon","length_m":559},"geometry":{"type":"LineString","coordinates":[[-0.1623,42.87647],[-0.16214,42.87653],[-0.1618,42.87684],[-0.16145,42.87702],[-0.16103,42.87731],[-0.1606,42.87752],[-0.16032,42.87776],[-0.16002,42.878],[-0.15979,42.87815],[-0.15954,42.87844],[-0.15943,42.87868],[-0.15928,42.87895],[-0.15904,42.87925],[-0.15888,42.87948],[-0.15872,42.8797],[-0.15863,42.88],[-0.15867,42.88016],[-0.15864,42.88023],[-0.15857,42.88029],[-0.15847,42.88031],[-0.15837,42.8803]]}},
{"type":"Feature","id":"way/470712698","properties":{"station_id":"cauterets","osm_id":470712698,"feature":"piste","kind":"easy","name":"Chardon","length_m":116},"geometry":{"type":"LineString","coordinates":[[-0.15904,42.87925],[-0.15857,42.87938],[-0.15813,42.87952],[-0.15774,42.87968]]}},
{"type":"Feature","id":"way/470714274","properties":{"station_id":"cauterets","osm_id":470714274,"feature":"piste","kind":"easy","name":"Crêtes","length_m":584},"geometry":{"type":"LineString","coordinates":[[-0.15553,42.88202],[-0.1553,42.88213],[-0.15511,42.88219],[-0.1549,42.8822],[-0.15454,42.88213],[-0.15383,42.882],[-0.15343,42.88198],[-0.15326,42.88201],[-0.15318,42.88205],[-0.15317,42.88214],[-0.15324,42.88248],[-0.1534,42.88272],[-0.15352,42.88305],[-0.15357,42.88329],[-0.15357,42.88353],[-0.15351,42.88387],[-0.15344,42.88405],[-0.15323,42.8843],[-0.15318,42.88455],[-0.15318,42.88476],[-0.15309,42.88493],[-0.15296,42.88507],[-0.15291,42.88512],[-0.15279,42.88517],[-0.15273,42.88522],[-0.1527,42.88526]]}},
{"type":"Feature","id":"way/470714275","properties":{"station_id":"cauterets","osm_id":470714275,"feature":"piste","kind":"easy","name":"Gentiane Variante","length_m":88},"geometry":{"type":"LineString","coordinates":[[-0.15589,42.88168],[-0.15578,42.88177],[-0.15564,42.8819],[-0.15553,42.88202],[-0.15559,42.88203],[-0.15565,42.88204],[-0.1558,42.88206],[-0.15601,42.88206]]}},
{"type":"Feature","id":"way/541780458","properties":{"station_id":"cauterets","osm_id":541780458,"feature":"piste","kind":"novice","name":null,"length_m":35},"geometry":{"type":"LineString","coordinates":[[-0.15694,42.88227],[-0.15686,42.88233],[-0.15682,42.88236],[-0.15664,42.8825]]}},
{"type":"Feature","id":"way/686906273","properties":{"station_id":"cauterets","osm_id":686906273,"feature":"piste","kind":"easy","name":null,"length_m":35},"geometry":{"type":"LineString","coordinates":[[-0.17445,42.88213],[-0.17459,42.88211],[-0.1746,42.88211],[-0.17462,42.8821],[-0.17462,42.8821],[-0.17462,42.88209],[-0.17461,42.88208],[-0.17442,42.88199]]}},
{"type":"Feature","id":"way/686906276","properties":{"station_id":"cauterets","osm_id":686906276,"feature":"piste","kind":"intermediate","name":null,"length_m":16},"geometry":{"type":"LineString","coordinates":[[-0.17431,42.8868],[-0.17448,42.88682],[-0.17451,42.88682]]}},
{"type":"Feature","id":"way/686906280","properties":{"station_id":"cauterets","osm_id":686906280,"feature":"piste","kind":null,"name":null,"length_m":41},"geometry":{"type":"LineString","coordinates":[[-0.1568,42.88367],[-0.15714,42.8834]]}},
{"type":"Feature","id":"way/686906282","properties":{"station_id":"cauterets","osm_id":686906282,"feature":"piste","kind":null,"name":null,"length_m":37},"geometry":{"type":"LineString","coordinates":[[-0.1568,42.88367],[-0.15714,42.88389]]}},
{"type":"Feature","id":"way/686906284","properties":{"station_id":"cauterets","osm_id":686906284,"feature":"piste","kind":"easy","name":null,"length_m":25},"geometry":{"type":"LineString","coordinates":[[-0.1527,42.88526],[-0.15269,42.88528],[-0.15269,42.88529],[-0.1527,42.88531],[-0.15272,42.88531],[-0.15275,42.88531],[-0.15293,42.88528]]}},
{"type":"Feature","id":"way/686906285","properties":{"station_id":"cauterets","osm_id":686906285,"feature":"piste","kind":null,"name":null,"length_m":8},"geometry":{"type":"LineString","coordinates":[[-0.16532,42.88643],[-0.16534,42.8865]]}},
{"type":"Feature","id":"way/686906286","properties":{"station_id":"cauterets","osm_id":686906286,"feature":"piste","kind":null,"name":null,"length_m":9},"geometry":{"type":"LineString","coordinates":[[-0.16272,42.88457],[-0.16283,42.88456]]}},
{"type":"Feature","id":"way/686906287","properties":{"station_id":"cauterets","osm_id":686906287,"feature":"piste","kind":null,"name":null,"length_m":49},"geometry":{"type":"LineString","coordinates":[[-0.1563,42.88221],[-0.15665,42.88208],[-0.15686,42.88206]]}},
{"type":"Feature","id":"way/1031645933","properties":{"station_id":"cauterets","osm_id":1031645933,"feature":"piste","kind":null,"name":null,"length_m":113},"geometry":{"type":"LineString","coordinates":[[-0.16441,42.87895],[-0.16327,42.87837]]}},
{"type":"Feature","id":"way/1031645934","properties":{"station_id":"cauterets","osm_id":1031645934,"feature":"piste","kind":null,"name":"Espace snowpark","length_m":431},"geometry":{"type":"LineString","coordinates":[[-0.16879,42.88175],[-0.16824,42.88157],[-0.16804,42.8811],[-0.16788,42.88104],[-0.16769,42.88106],[-0.16754,42.88109],[-0.16693,42.88176],[-0.1666,42.88199],[-0.16559,42.88232],[-0.16534,42.8829]]}},
{"type":"Feature","id":"way/1031645935","properties":{"station_id":"cauterets","osm_id":1031645935,"feature":"piste","kind":null,"name":null,"length_m":210},"geometry":{"type":"LineString","coordinates":[[-0.16695,42.88295],[-0.16694,42.88291],[-0.16687,42.88284],[-0.16685,42.8827],[-0.16686,42.88251],[-0.16689,42.88247],[-0.16699,42.88226],[-0.16708,42.88204],[-0.16707,42.88198],[-0.16707,42.88193],[-0.16699,42.88183],[-0.16693,42.88176],[-0.16684,42.88166],[-0.16678,42.8815],[-0.16667,42.88117]]}},
{"type":"Feature","id":"way/1031645936","properties":{"station_id":"cauterets","osm_id":1031645936,"feature":"piste","kind":null,"name":null,"length_m":154},"geometry":{"type":"LineString","coordinates":[[-0.1733,42.88279],[-0.17327,42.88281],[-0.17324,42.88282],[-0.17319,42.88282],[-0.17316,42.88279],[-0.17299,42.88256],[-0.17275,42.88232],[-0.17254,42.88221],[-0.17191,42.88199]]}},
{"type":"Feature","id":"way/1031645937","properties":{"station_id":"cauterets","osm_id":1031645937,"feature":"piste","kind":null,"name":null,"length_m":135},"geometry":{"type":"LineString","coordinates":[[-0.17324,42.88851],[-0.17294,42.88854],[-0.1728,42.8885],[-0.17252,42.88836],[-0.17226,42.88817],[-0.17222,42.88801],[-0.17218,42.88781]]}},
{"type":"Feature","id":"way/1031645939","properties":{"station_id":"cauterets","osm_id":1031645939,"feature":"piste","kind":"intermediate","name":"Mahl Blanc","length_m":133},"geometry":{"type":"LineString","coordinates":[[-0.17144,42.88657],[-0.17131,42.88645],[-0.17106,42.88646],[-0.17092,42.88662],[-0.17075,42.88685],[-0.17052,42.88705],[-0.17034,42.88712]]}},
{"type":"Feature","id":"way/1031645940","properties":{"station_id":"cauterets","osm_id":1031645940,"feature":"piste","kind":null,"name":null,"length_m":56},"geometry":{"type":"LineString","coordinates":[[-0.16638,42.88324],[-0.16635,42.88374]]}},
{"type":"Feature","id":"way/1031645941","properties":{"station_id":"cauterets","osm_id":1031645941,"feature":"piste","kind":null,"name":"Dryade","length_m":94},"geometry":{"type":"LineString","coordinates":[[-0.16424,42.88405],[-0.16388,42.88371],[-0.16373,42.88363],[-0.16335,42.88363]]}},
{"type":"Feature","id":"way/1031645943","properties":{"station_id":"cauterets","osm_id":1031645943,"feature":"piste","kind":null,"name":null,"length_m":63},"geometry":{"type":"LineString","coordinates":[[-0.15845,42.88137],[-0.15783,42.88171]]}},
{"type":"Feature","id":"way/1031645944","properties":{"station_id":"cauterets","osm_id":1031645944,"feature":"piste","kind":null,"name":null,"length_m":87},"geometry":{"type":"LineString","coordinates":[[-0.15783,42.88171],[-0.15753,42.88207],[-0.15705,42.88215]]}},
{"type":"Feature","id":"way/1031645945","properties":{"station_id":"cauterets","osm_id":1031645945,"feature":"piste","kind":null,"name":null,"length_m":85},"geometry":{"type":"LineString","coordinates":[[-0.15845,42.88137],[-0.15946,42.88117]]}},
{"type":"Feature","id":"way/1031645946","properties":{"station_id":"cauterets","osm_id":1031645946,"feature":"piste","kind":"novice","name":null,"length_m":83},"geometry":{"type":"LineString","coordinates":[[-0.15957,42.88107],[-0.15946,42.88117],[-0.15937,42.88125],[-0.15909,42.88143],[-0.15899,42.88153],[-0.15889,42.88162]]}},
{"type":"Feature","id":"way/1031645947","properties":{"station_id":"cauterets","osm_id":1031645947,"feature":"piste","kind":null,"name":null,"length_m":52},"geometry":{"type":"LineString","coordinates":[[-0.15783,42.88171],[-0.15721,42.8818]]}},
{"type":"Feature","id":"way/1031645951","properties":{"station_id":"cauterets","osm_id":1031645951,"feature":"piste","kind":"novice","name":null,"length_m":105},"geometry":{"type":"LineString","coordinates":[[-0.15721,42.8818],[-0.15716,42.88183],[-0.15712,42.88186],[-0.15698,42.88191],[-0.15697,42.88191],[-0.15693,42.88193],[-0.15683,42.88193],[-0.1567,42.88192],[-0.1565,42.88193],[-0.15623,42.88198],[-0.15601,42.88206]]}},
{"type":"Feature","id":"way/1031645952","properties":{"station_id":"cauterets","osm_id":1031645952,"feature":"piste","kind":null,"name":null,"length_m":28},"geometry":{"type":"LineString","coordinates":[[-0.15652,42.88238],[-0.15686,42.88233]]}},
{"type":"Feature","id":"way/1031645953","properties":{"station_id":"cauterets","osm_id":1031645953,"feature":"piste","kind":null,"name":"Orchis","length_m":141},"geometry":{"type":"LineString","coordinates":[[-0.16667,42.88117],[-0.16652,42.88086],[-0.16646,42.88071],[-0.166,42.88057],[-0.16572,42.88056],[-0.16543,42.88057]]}},
{"type":"Feature","id":"way/1036129863","properties":{"station_id":"cauterets","osm_id":1036129863,"feature":"piste","kind":null,"name":null,"length_m":16},"geometry":{"type":"LineString","coordinates":[[-0.15705,42.88215],[-0.15694,42.88227]]}},
{"type":"Feature","id":"way/1469140589","properties":{"station_id":"cauterets","osm_id":1469140589,"feature":"piste","kind":"novice","name":"Club piou piou","length_m":180},"geometry":{"type":"LineString","coordinates":[[-0.15773,42.88091],[-0.15752,42.88087],[-0.15732,42.88101],[-0.15673,42.88154],[-0.15623,42.88198]]}},
{"type":"Feature","id":"way/31051486","properties":{"station_id":"font-romeu","osm_id":31051486,"feature":"lift","kind":"platter","name":"Tremplin","length_m":496},"geometry":{"type":"LineString","coordinates":[[2.03254,42.52057],[2.02908,42.52423]]}},
{"type":"Feature","id":"way/31051488","properties":{"station_id":"font-romeu","osm_id":31051488,"feature":"lift","kind":"chair_lift","name":"Roc de la Calme","length_m":662},"geometry":{"type":"LineString","coordinates":[[2.02032,42.53038],[2.02,42.53072],[2.01921,42.53151],[2.0182,42.53252],[2.01767,42.53305],[2.01713,42.53359],[2.01625,42.53448],[2.01606,42.53468],[2.01555,42.53519]]}},
{"type":"Feature","id":"way/31051489","properties":{"station_id":"font-romeu","osm_id":31051489,"feature":"lift","kind":"platter","name":"Perdrix","length_m":548},"geometry":{"type":"LineString","coordinates":[[2.0208,42.53058],[2.01887,42.5353]]}},
{"type":"Feature","id":"way/31051567","properties":{"station_id":"font-romeu","osm_id":31051567,"feature":"lift","kind":"gondola","name":"Airelles Express","length_m":1756},"geometry":{"type":"LineString","coordinates":[[2.04198,42.50533],[2.04142,42.50635],[2.04093,42.50723],[2.03935,42.51006],[2.03887,42.51092],[2.03732,42.51371],[2.0358,42.51645],[2.03466,42.5185],[2.03426,42.51922],[2.03385,42.51994]]}},
{"type":"Feature","id":"way/47435668","properties":{"station_id":"font-romeu","osm_id":47435668,"feature":"lift","kind":"chair_lift","name":"Belvédère","length_m":2005},"geometry":{"type":"LineString","coordinates":[[2.05984,42.52146],[2.05952,42.5217],[2.05876,42.52227],[2.05796,42.52287],[2.05652,42.52394],[2.05531,42.52484],[2.05442,42.52551],[2.05423,42.52565],[2.05391,42.52589],[2.05249,42.52695],[2.05177,42.52749],[2.0503,42.52859],[2.0489,42.52963],[2.04785,42.53041],[2.04674,42.53124],[2.0454,42.53224],[2.04455,42.53288],[2.04344,42.53371],[2.04285,42.53414],[2.04265,42.53429]]}},
{"type":"Feature","id":"way/47435670","properties":{"station_id":"font-romeu","osm_id":47435670,"feature":"lift","kind":"platter","name":"Levant","length_m":498},"geometry":{"type":"LineString","coordinates":[[2.04155,42.53381],[2.03628,42.53157]]}},
{"type":"Feature","id":"way/47435673","properties":{"station_id":"font-romeu","osm_id":47435673,"feature":"lift","kind":"platter","name":"Liaison","length_m":245},"geometry":{"type":"LineString","coordinates":[[2.04425,42.53396],[2.04155,42.5349]]}},
{"type":"Feature","id":"way/47436388","properties":{"station_id":"font-romeu","osm_id":47436388,"feature":"lift","kind":"chair_lift","name":"Col del Pam","length_m":829},"geometry":{"type":"LineString","coordinates":[[2.04137,42.53394],[2.04066,42.53376],[2.03952,42.53349],[2.0383,42.5332],[2.03745,42.533],[2.03659,42.53279],[2.03567,42.53257],[2.03489,42.53238],[2.03354,42.53206],[2.03175,42.53163]]}},
{"type":"Feature","id":"way/67558625","properties":{"station_id":"font-romeu","osm_id":67558625,"feature":"lift","kind":"chair_lift","name":"Calme Nord","length_m":1162},"geometry":{"type":"LineString","coordinates":[[2.00533,42.54281],[2.00578,42.54249],[2.00632,42.5421],[2.00751,42.54124],[2.00838,42.54063],[2.00938,42.53991],[2.01043,42.53916],[2.01129,42.53854],[2.0126,42.5376],[2.01336,42.53706],[2.01402,42.53659],[2.01495,42.53592],[2.01526,42.5357],[2.0155,42.53553]]}},
{"type":"Feature","id":"way/80417696","properties":{"station_id":"font-romeu","osm_id":80417696,"feature":"lift","kind":"drag_lift","name":"Baby Pyrénées","length_m":201},"geometry":{"type":"LineString","coordinates":[[2.0585,42.52067],[2.05651,42.51961]]}},
{"type":"Feature","id":"way/80417716","properties":{"station_id":"font-romeu","osm_id":80417716,"feature":"lift","kind":"chair_lift","name":"Nord","length_m":628},"geometry":{"type":"LineString","coordinates":[[2.05497,42.5353],[2.05489,42.53524],[2.05456,42.53502],[2.05332,42.53419],[2.05221,42.53344],[2.05147,42.53294],[2.05034,42.53218],[2.04954,42.53164],[2.04932,42.53149]]}},
{"type":"Feature","id":"way/88196055","properties":{"station_id":"font-romeu","osm_id":88196055,"feature":"lift","kind":"drag_lift","name":"Colchiques","length_m":867},"geometry":{"type":"LineString","coordinates":[[2.05974,42.52173],[2.05934,42.52404],[2.05728,42.52566],[2.05604,42.52705],[2.05466,42.52827]]}},
{"type":"Feature","id":"way/88196060","properties":{"station_id":"font-romeu","osm_id":88196060,"feature":"lift","kind":"chair_lift","name":"Col Rouge","length_m":815},"geometry":{"type":"LineString","coordinates":[[2.03646,42.53979],[2.03636,42.53971],[2.03569,42.53914],[2.03527,42.53879],[2.03458,42.53822],[2.03388,42.53763],[2.03301,42.5369],[2.03176,42.53586],[2.03107,42.53528],[2.03047,42.53478],[2.03016,42.53452],[2.02989,42.53429]]}},
{"type":"Feature","id":"way/88196061","properties":{"station_id":"font-romeu","osm_id":88196061,"feature":"lift","kind":"platter","name":"Sud 1","length_m":1184},"geometry":{"type":"LineString","coordinates":[[2.03551,42.5213],[2.03103,42.53142]]}},
{"type":"Feature","id":"way/187376582","properties":{"station_id":"font-romeu","osm_id":187376582,"feature":"lift","kind":"chair_lift","name":"Airelles","length_m":1175},"geometry":{"type":"LineString","coordinates":[[2.03617,42.52135],[2.03598,42.52176],[2.0358,42.52214],[2.03552,42.52272],[2.0352,42.52341],[2.03485,42.52414],[2.03453,42.52481],[2.03416,42.52561],[2.03375,42.52647],[2.03343,42.52714],[2.03303,42.52799],[2.03245,42.5292],[2.03194,42.5303],[2.03167,42.53085],[2.03145,42.53133]]}},
{"type":"Feature","id":"way/187376584","properties":{"station_id":"font-romeu","osm_id":187376584,"feature":"lift","kind":"chair_lift","name":"Aveillans","length_m":1477},"geometry":{"type":"LineString","coordinates":[[2.03954,42.54394],[2.03922,42.54346],[2.03883,42.54289],[2.03827,42.54206],[2.03782,42.5414],[2.03711,42.54034],[2.03675,42.53981],[2.0361,42.53883],[2.03564,42.53815],[2.03494,42.53711],[2.03443,42.53636],[2.0341,42.53587],[2.03387,42.53554],[2.03324,42.53459],[2.03265,42.53371],[2.03206,42.53283],[2.03168,42.53226],[2.03153,42.53204]]}},
{"type":"Feature","id":"way/265436532","properties":{"station_id":"font-romeu","osm_id":265436532,"feature":"lift","kind":"magic_carpet","name":"Airelles","length_m":44},"geometry":{"type":"LineString","coordinates":[[2.03279,42.52077],[2.03276,42.52117]]}},
{"type":"Feature","id":"way/265436533","properties":{"station_id":"font-romeu","osm_id":265436533,"feature":"lift","kind":"magic_carpet","name":"Marmottes","length_m":50},"geometry":{"type":"LineString","coordinates":[[2.03394,42.52125],[2.0338,42.52169]]}},
{"type":"Feature","id":"way/265436534","properties":{"station_id":"font-romeu","osm_id":265436534,"feature":"lift","kind":"magic_carpet","name":"Marmotton","length_m":22},"geometry":{"type":"LineString","coordinates":[[2.03417,42.52121],[2.03412,42.5214]]}},
{"type":"Feature","id":"way/265436672","properties":{"station_id":"font-romeu","osm_id":265436672,"feature":"lift","kind":"platter","name":"Isard","length_m":225},"geometry":{"type":"LineString","coordinates":[[2.03353,42.52145],[2.03245,42.52202],[2.03138,42.5227]]}},
{"type":"Feature","id":"way/265436718","properties":{"station_id":"font-romeu","osm_id":265436718,"feature":"lift","kind":"drag_lift","name":"Baby Airelles","length_m":78},"geometry":{"type":"LineString","coordinates":[[2.03341,42.52104],[2.0326,42.5214]]}},
{"type":"Feature","id":"way/265437403","properties":{"station_id":"font-romeu","osm_id":265437403,"feature":"lift","kind":"magic_carpet","name":"Débutants","length_m":83},"geometry":{"type":"LineString","coordinates":[[2.05886,42.52112],[2.0579,42.52089]]}},
{"type":"Feature","id":"way/1037802628","properties":{"station_id":"font-romeu","osm_id":1037802628,"feature":"lift","kind":"platter","name":"Sud 2","length_m":1185},"geometry":{"type":"LineString","coordinates":[[2.03562,42.52131],[2.03114,42.53144]]}},
{"type":"Feature","id":"way/1368071927","properties":{"station_id":"font-romeu","osm_id":1368071927,"feature":"lift","kind":"chair_lift","name":"Gentianes","length_m":616},"geometry":{"type":"LineString","coordinates":[[2.05917,42.52132],[2.05909,42.52139],[2.05857,42.52178],[2.05758,42.52251],[2.05662,42.52326],[2.05572,42.52394],[2.0546,42.52479],[2.0541,42.52518],[2.05395,42.5253]]}},
{"type":"Feature","id":"way/47435669","properties":{"station_id":"font-romeu","osm_id":47435669,"feature":"piste","kind":"intermediate","name":"Gentianes","length_m":615},"geometry":{"type":"LineString","coordinates":[[2.05409,42.52536],[2.05454,42.52511],[2.05592,42.52415],[2.0592,42.52167],[2.05938,42.52145]]}},
{"type":"Feature","id":"way/47435671","properties":{"station_id":"font-romeu","osm_id":47435671,"feature":"piste","kind":"novice","name":"Ski plan du levant","length_m":551},"geometry":{"type":"LineString","coordinates":[[2.03628,42.53157],[2.0363,42.53156],[2.03681,42.53145],[2.0376,42.53164],[2.04003,42.53261],[2.04106,42.53305],[2.04147,42.53338],[2.04171,42.53371],[2.04168,42.5338],[2.04166,42.53381],[2.04162,42.53382],[2.04155,42.53381]]}},
{"type":"Feature","id":"way/47435672","properties":{"station_id":"font-romeu","osm_id":47435672,"feature":"piste","kind":"easy","name":"Sapinettes","length_m":664},"geometry":{"type":"LineString","coordinates":[[2.03628,42.53157],[2.03625,42.53165],[2.03624,42.53169],[2.03626,42.53173],[2.03676,42.53257],[2.03707,42.53278],[2.03714,42.53284],[2.03775,42.53312],[2.03882,42.53386],[2.03965,42.53444],[2.03997,42.53468],[2.04035,42.53481],[2.0406,42.53478],[2.04079,42.5347],[2.0411,42.53446],[2.04153,42.53409],[2.04155,42.53403],[2.04153,42.53399],[2.04146,42.53396],[2.04137,42.53394]]}},
{"type":"Feature","id":"way/47435675","properties":{"station_id":"font-romeu","osm_id":47435675,"feature":"piste","kind":"easy","name":"Belvédère haut","length_m":816},"geometry":{"type":"LineString","coordinates":[[2.03159,42.5318],[2.03197,42.53207],[2.03244,42.53225],[2.03262,42.53223],[2.03276,42.53222],[2.03316,42.53238],[2.03355,42.53264],[2.03392,42.53302],[2.03423,42.53319],[2.03459,42.53334],[2.03557,42.53365],[2.03595,42.53374],[2.03646,42.53377],[2.0369,42.53383],[2.03719,42.5339],[2.03811,42.53424],[2.03848,42.53442],[2.03913,42.53463],[2.0396,42.53475],[2.03999,42.53481],[2.04035,42.53481]]}},
{"type":"Feature","id":"way/47435676","properties":{"station_id":"font-romeu","osm_id":47435676,"feature":"piste","kind":"easy","name":"Grand Tétras haut","length_m":636},"geometry":{"type":"LineString","coordinates":[[2.03244,42.53225],[2.03281,42.53256],[2.0332,42.53297],[2.03339,42.53314],[2.03418,42.53388],[2.03449,42.5341],[2.03473,42.5342],[2.03508,42.53429],[2.03536,42.53439],[2.03586,42.53471],[2.03614,42.53489],[2.03653,42.53494],[2.0367,42.53493],[2.03688,42.5349],[2.03705,42.53483],[2.03731,42.53469],[2.0376,42.53458],[2.03795,42.53445],[2.0382,42.53442],[2.03848,42.53442]]}},
{"type":"Feature","id":"way/80410177","properties":{"station_id":"font-romeu","osm_id":80410177,"feature":"piste","kind":"novice","name":"Bois Joli","length_m":253},"geometry":{"type":"LineString","coordinates":[[2.05651,42.51961],[2.05648,42.51958],[2.05652,42.51955],[2.05656,42.51954],[2.0567,42.51954],[2.05697,42.51965],[2.05783,42.52018],[2.05833,42.52044],[2.05867,42.52062],[2.05871,42.52066],[2.05871,42.52068],[2.05865,42.52071],[2.05859,42.52071],[2.0585,42.52067]]}},
{"type":"Feature","id":"way/80417673","properties":{"station_id":"font-romeu","osm_id":80417673,"feature":"piste","kind":"easy","name":null,"length_m":276},"geometry":{"type":"LineString","coordinates":[[2.05371,42.52558],[2.05372,42.52568],[2.05378,42.52585],[2.05386,42.52597],[2.0539,42.52615],[2.05393,42.52636],[2.05399,42.52652],[2.05407,42.52665],[2.05419,42.52672],[2.05436,42.52676],[2.0547,42.52682],[2.05504,42.52692],[2.05533,42.52707],[2.05548,42.52712],[2.05562,42.52713],[2.05576,42.5271]]}},
{"type":"Feature","id":"way/80417675","properties":{"station_id":"font-romeu","osm_id":80417675,"feature":"piste","kind":"intermediate","name":"Ski Bob","length_m":549},"geometry":{"type":"LineString","coordinates":[[2.05409,42.52536],[2.05428,42.52539],[2.05457,42.52544],[2.05498,42.52544],[2.05543,42.52542],[2.05571,42.52536],[2.05588,42.5253],[2.05603,42.52515],[2.05624,42.52486],[2.05662,42.52452],[2.05698,42.52431],[2.0573,42.52419],[2.05763,42.52417],[2.05802,42.52415],[2.05834,42.52406],[2.05864,42.52383],[2.05897,42.52341],[2.0593,42.52304]]}},
{"type":"Feature","id":"way/80417683","properties":{"station_id":"font-romeu","osm_id":80417683,"feature":"piste","kind":"advanced","name":"Bouton d'Or","length_m":936},"geometry":{"type":"LineString","coordinates":[[2.04932,42.53149],[2.04922,42.53144],[2.04921,42.53139],[2.04925,42.53136],[2.04939,42.53137],[2.04952,42.53141],[2.04972,42.53142],[2.05004,42.53138],[2.05057,42.53117],[2.0508,42.53113],[2.05117,42.53117],[2.05177,42.53119],[2.0524,42.53115],[2.05313,42.53122],[2.05388,42.53136],[2.05445,42.53166],[2.05504,42.53206],[2.05527,42.53235],[2.05525,42.53261],[2.05518,42.53288],[2.05486,42.53326],[2.05454,42.53397],[2.05451,42.53438],[2.05456,42.53462],[2.0547,42.53486],[2.05488,42.53505],[2.05523,42.53528],[2.05528,42.53533]]}},
{"type":"Feature","id":"way/80417714","properties":{"station_id":"font-romeu","osm_id":80417714,"feature":"piste","kind":"intermediate","name":"Perce Neige","length_m":115},"geometry":{"type":"LineString","coordinates":[[2.05243,42.52938],[2.05257,42.52928],[2.05285,42.52913],[2.05324,42.52894],[2.05359,42.5288]]}},
{"type":"Feature","id":"way/88196038","properties":{"station_id":"font-romeu","osm_id":88196038,"feature":"piste","kind":"intermediate","name":"Stade de Slalom","length_m":809},"geometry":{"type":"LineString","coordinates":[[2.01573,42.53536],[2.01603,42.53536],[2.01642,42.5354],[2.01706,42.53548],[2.01745,42.53542],[2.01803,42.53516],[2.01827,42.53476],[2.01838,42.53427],[2.01858,42.53349],[2.01861,42.53294],[2.01864,42.53269],[2.01866,42.53247],[2.01872,42.53212],[2.01886,42.53177],[2.01911,42.53151],[2.01922,42.53124],[2.01988,42.53053],[2.02015,42.53018],[2.02033,42.53009]]}},
{"type":"Feature","id":"way/88196039","properties":{"station_id":"font-romeu","osm_id":88196039,"feature":"piste","kind":"intermediate","name":"Pradeilles","length_m":1442},"geometry":{"type":"LineString","coordinates":[[2.01573,42.53536],[2.01598,42.5355],[2.01621,42.53574],[2.01633,42.53593],[2.0164,42.53613],[2.01639,42.53631],[2.01632,42.53648],[2.01609,42.53668],[2.01526,42.53728],[2.01479,42.5377],[2.01369,42.53872],[2.01315,42.53915],[2.01247,42.53983],[2.01224,42.54007],[2.01215,42.54023],[2.01212,42.54038],[2.01212,42.54062],[2.01206,42.54074],[2.01192,42.54088],[2.01164,42.54099],[2.01084,42.54123],[2.01025,42.54149],[2.01004,42.54163],[2.00967,42.54201],[2.00937,42.5423],[2.00914,42.54243],[2.00874,42.54261],[2.00859,42.54272],[2.00849,42.54289],[2.00837,42.54297],[2.00809,42.54301],[2.00741,42.54314],[2.00678,42.54335],[2.00643,42.54339],[2.00618,42.54339],[2.00586,42.54332],[2.00558,42.54319],[2.00536,42.54299],[2.00528,42.54296],[2.00525,42.54292],[2.00525,42.54288],[2.00527,42.54285],[2.00533,42.54281]]}},
{"type":"Feature","id":"way/88196041","properties":{"station_id":"font-romeu","osm_id":88196041,"feature":"piste","kind":"novice","name":"Tremplin","length_m":1315},"geometry":{"type":"LineString","coordinates":[[2.03075,42.53151],[2.03047,42.53089],[2.03043,42.53028],[2.03047,42.52983],[2.0308,42.52892],[2.03089,42.52851],[2.0309,42.52825],[2.03093,42.52785],[2.03091,42.52752],[2.0308,42.52701],[2.03049,42.52618],[2.03033,42.52574],[2.03,42.52502],[2.02997,42.52459],[2.02994,42.52419],[2.02996,42.52408],[2.02999,42.52391],[2.03022,42.52351],[2.03072,42.52307],[2.03087,42.52285],[2.03097,42.5227],[2.03115,42.5225],[2.03124,42.52244],[2.03143,42.52233],[2.03221,42.52185],[2.03303,42.52154],[2.03335,42.52137],[2.03353,42.52124],[2.03367,42.52104]]}},
{"type":"Feature","id":"way/88196043","properties":{"station_id":"font-romeu","osm_id":88196043,"feature":"piste","kind":"advanced","name":"Competition","length_m":461},"geometry":{"type":"LineString","coordinates":[[2.0329,42.53738],[2.03262,42.53768],[2.0323,42.53801],[2.03199,42.53846],[2.03199,42.53864],[2.03204,42.53881],[2.03213,42.53896],[2.03232,42.53914],[2.03252,42.5393],[2.03265,42.53945],[2.03293,42.53957],[2.03318,42.53972],[2.03334,42.53984],[2.0335,42.5399],[2.03366,42.53993],[2.03413,42.53994],[2.03479,42.53991]]}},
{"type":"Feature","id":"way/88196045","properties":{"station_id":"font-romeu","osm_id":88196045,"feature":"piste","kind":"advanced","name":"Championnat","length_m":503},"geometry":{"type":"LineString","coordinates":[[2.02644,42.53538],[2.02695,42.53547],[2.02765,42.53562],[2.028,42.53566],[2.02856,42.53566],[2.02906,42.53565],[2.02961,42.53571],[2.03033,42.53577],[2.03073,42.53577],[2.03116,42.53574],[2.03155,42.53572],[2.03192,42.53564],[2.03248,42.53552]]}},
{"type":"Feature","id":"way/88196046","properties":{"station_id":"font-romeu","osm_id":88196046,"feature":"piste","kind":"intermediate","name":"Perdrix","length_m":603},"geometry":{"type":"LineString","coordinates":[[2.01884,42.5354],[2.01869,42.53537],[2.01864,42.53531],[2.01864,42.53518],[2.01875,42.53502],[2.01904,42.53428],[2.01934,42.53353],[2.01985,42.53222],[2.02041,42.531],[2.02067,42.5303]]}},
{"type":"Feature","id":"way/88196047","properties":{"station_id":"font-romeu","osm_id":88196047,"feature":"piste","kind":"intermediate","name":null,"length_m":222},"geometry":{"type":"LineString","coordinates":[[2.01238,42.53729],[2.01246,42.53752],[2.01253,42.53787],[2.01267,42.53822],[2.01284,42.5384],[2.01307,42.5386],[2.01313,42.53879],[2.01315,42.53915]]}},
{"type":"Feature","id":"way/88196048","properties":{"station_id":"font-romeu","osm_id":88196048,"feature":"piste","kind":"easy","name":"Colchiques","length_m":668},"geometry":{"type":"LineString","coordinates":[[2.05611,42.52674],[2.05662,42.52622],[2.05725,42.52554],[2.05795,42.52496],[2.05865,42.52447],[2.05899,42.52407],[2.05914,42.52374],[2.0593,42.52304],[2.05938,42.5227],[2.05945,42.52247],[2.05949,42.5222],[2.05953,42.52188],[2.05949,42.52153]]}},
{"type":"Feature","id":"way/88196050","properties":{"station_id":"font-romeu","osm_id":88196050,"feature":"piste","kind":"advanced","name":null,"length_m":214},"geometry":{"type":"LineString","coordinates":[[2.03465,42.53942],[2.03483,42.53949],[2.03527,42.53937],[2.0359,42.53935],[2.03615,42.5394],[2.03627,42.53949],[2.03624,42.53955],[2.03598,42.53987],[2.0359,42.54],[2.03589,42.54007]]}},
{"type":"Feature","id":"way/88196051","properties":{"station_id":"font-romeu","osm_id":88196051,"feature":"piste","kind":"novice","name":"Retour Airelles","length_m":1012},"geometry":{"type":"LineString","coordinates":[[2.01573,42.53536],[2.01669,42.5355],[2.01701,42.53555],[2.01737,42.5356],[2.0178,42.53564],[2.01816,42.53563],[2.01886,42.5355],[2.01936,42.53542],[2.01988,42.53529],[2.02058,42.53508],[2.02117,42.53496],[2.02181,42.53492],[2.02232,42.53493],[2.02314,42.53506],[2.02391,42.5352],[2.0249,42.53529],[2.02644,42.53538],[2.02657,42.53531],[2.02667,42.53525],[2.02677,42.53506],[2.02691,42.53453],[2.02696,42.53446]]}},
{"type":"Feature","id":"way/88196053","properties":{"station_id":"font-romeu","osm_id":88196053,"feature":"piste","kind":"intermediate","name":null,"length_m":420},"geometry":{"type":"LineString","coordinates":[[2.00891,42.54092],[2.00873,42.54131],[2.00861,42.54172],[2.00834,42.54197],[2.00788,42.54235],[2.00752,42.54269],[2.007,42.54294],[2.00672,42.54296],[2.00625,42.54289],[2.00536,42.54299]]}},
{"type":"Feature","id":"way/88196054","properties":{"station_id":"font-romeu","osm_id":88196054,"feature":"piste","kind":"novice","name":"Mouillères","length_m":809},"geometry":{"type":"LineString","coordinates":[[2.03072,42.53157],[2.02885,42.53132],[2.02765,42.53111],[2.02634,42.53089],[2.02505,42.53067],[2.02398,42.53053],[2.02342,42.5305],[2.02275,42.5305],[2.02198,42.53055],[2.02151,42.53053],[2.02102,42.53042]]}},
{"type":"Feature","id":"way/88196057","properties":{"station_id":"font-romeu","osm_id":88196057,"feature":"piste","kind":"intermediate","name":"Ski plan du Roc","length_m":643},"geometry":{"type":"LineString","coordinates":[[2.01573,42.53536],[2.01579,42.53523],[2.01576,42.53508],[2.01541,42.53483],[2.01508,42.5345],[2.01492,42.53422],[2.01493,42.53408],[2.01502,42.53396],[2.01541,42.53371],[2.01588,42.53334],[2.01682,42.5328],[2.01763,42.53224],[2.01816,42.53187],[2.01827,42.53179],[2.01855,42.53152],[2.01922,42.53124]]}},
{"type":"Feature","id":"way/88196063","properties":{"station_id":"font-romeu","osm_id":88196063,"feature":"piste","kind":"easy","name":"Belvédère bas","length_m":784},"geometry":{"type":"LineString","coordinates":[[2.04035,42.53481],[2.04089,42.53483],[2.04105,42.5349],[2.04115,42.53498],[2.04116,42.53509],[2.04109,42.53523],[2.04084,42.53542],[2.03984,42.53595],[2.0394,42.53621],[2.03918,42.53645],[2.03885,42.53683],[2.03828,42.53722],[2.03802,42.53745],[2.0378,42.53771],[2.0375,42.53822],[2.03724,42.53855],[2.03691,42.53889],[2.0365,42.53925],[2.03627,42.53949],[2.03628,42.53953],[2.03631,42.53957],[2.03642,42.53963],[2.03654,42.53974],[2.03657,42.53979],[2.03656,42.53983],[2.03653,42.53984],[2.03651,42.53984],[2.03646,42.53979]]}},
{"type":"Feature","id":"way/88196066","properties":{"station_id":"font-romeu","osm_id":88196066,"feature":"piste","kind":"easy","name":"Tabaries","length_m":996},"geometry":{"type":"LineString","coordinates":[[2.03157,42.53151],[2.03179,42.5312],[2.03192,42.53091],[2.03213,42.53057],[2.03244,42.53025],[2.03316,42.52954],[2.03357,42.5291],[2.03389,42.52867],[2.03418,42.52828],[2.03437,42.52791],[2.03457,42.52746],[2.03468,42.52708],[2.03471,42.52661],[2.03473,42.52636],[2.03483,42.52609],[2.03519,42.52537],[2.03543,42.52485],[2.0355,42.52453],[2.03554,42.52397],[2.03557,42.52359],[2.03564,42.52325]]}},
{"type":"Feature","id":"way/88196067","properties":{"station_id":"font-romeu","osm_id":88196067,"feature":"piste","kind":"advanced","name":"Grand Tétras","length_m":416},"geometry":{"type":"LineString","coordinates":[[2.03614,42.53489],[2.03622,42.53506],[2.03626,42.53517],[2.03623,42.53534],[2.03607,42.53562],[2.03591,42.53587],[2.03572,42.53601],[2.03536,42.5362],[2.03464,42.53656],[2.03407,42.53677],[2.03382,42.53685],[2.03359,42.53697],[2.03336,42.5371],[2.03307,42.53726],[2.0329,42.53738]]}},
{"type":"Feature","id":"way/88196068","properties":{"station_id":"font-romeu","osm_id":88196068,"feature":"piste","kind":"novice","name":"Retour Airelles","length_m":844},"geometry":{"type":"LineString","coordinates":[[2.02989,42.53429],[2.02983,42.53421],[2.02961,42.53388],[2.02953,42.5337],[2.02947,42.53345],[2.02943,42.53329],[2.02924,42.53264],[2.0292,42.53246],[2.02892,42.53213],[2.02883,42.53196],[2.02881,42.5317],[2.02883,42.53143],[2.02885,42.53132],[2.02886,42.53077],[2.0289,42.53045],[2.02899,42.53011],[2.02908,42.52992],[2.02931,42.52966],[2.03,42.52904],[2.03046,42.52863],[2.0309,42.52825],[2.03105,42.52807],[2.03117,42.528],[2.03159,42.52782],[2.03182,42.52768]]}},
{"type":"Feature","id":"way/88196069","properties":{"station_id":"font-romeu","osm_id":88196069,"feature":"piste","kind":"novice","name":"Poule au pot","length_m":1202},"geometry":{"type":"LineString","coordinates":[[2.03086,42.53152],[2.03073,42.53118],[2.03071,42.53074],[2.03086,42.53042],[2.0311,42.53005],[2.0314,42.52911],[2.0318,42.52776],[2.03182,42.52768],[2.03206,42.52649],[2.03253,42.52547],[2.0329,42.52462],[2.03305,42.5237],[2.03329,42.52308],[2.03332,42.52299],[2.0338,42.52235],[2.03428,42.52173],[2.03465,42.52124]]}},
{"type":"Feature","id":"way/88196071","properties":{"station_id":"font-romeu","osm_id":88196071,"feature":"piste","kind":"advanced","name":"Paul Ribell","length_m":1337},"geometry":{"type":"LineString","coordinates":[[2.01573,42.53536],[2.01565,42.53564],[2.01558,42.53573],[2.01552,42.53577],[2.0154,42.5358],[2.01527,42.53579],[2.01505,42.53571],[2.01481,42.53567],[2.01446,42.5357],[2.01386,42.53577],[2.01343,42.5359],[2.01297,42.53619],[2.01263,42.53671],[2.01238,42.53729],[2.0119,42.53794],[2.01177,42.53813],[2.0116,42.53846],[2.01147,42.53915],[2.01137,42.53942],[2.01123,42.5396],[2.01105,42.53974],[2.01029,42.54031],[2.01001,42.54048],[2.00934,42.54077],[2.00891,42.54092],[2.00771,42.54125],[2.00719,42.54157],[2.00657,42.54196],[2.00616,42.54207],[2.00557,42.54217],[2.00527,42.54237],[2.00514,42.54266],[2.00517,42.54283],[2.0052,42.54287],[2.00525,42.54288]]}},
{"type":"Feature","id":"way/88196072","properties":{"station_id":"font-romeu","osm_id":88196072,"feature":"piste","kind":"advanced","name":"Myrtilles","length_m":361},"geometry":{"type":"LineString","coordinates":[[2.02975,42.5345],[2.0298,42.53473],[2.02996,42.53493],[2.03009,42.53498],[2.03031,42.53501],[2.03041,42.53509],[2.03046,42.5352],[2.03053,42.53531],[2.03095,42.53561],[2.03116,42.53574],[2.03155,42.53572],[2.03175,42.53588],[2.03202,42.53611],[2.03241,42.5364],[2.03268,42.53664]]}},
{"type":"Feature","id":"way/88196073","properties":{"station_id":"font-romeu","osm_id":88196073,"feature":"piste","kind":"easy","name":"Genêts","length_m":608},"geometry":{"type":"LineString","coordinates":[[2.01884,42.5354],[2.01905,42.53536],[2.01917,42.53531],[2.01943,42.53516],[2.01963,42.53492],[2.01983,42.53459],[2.02003,42.53387],[2.02025,42.53324],[2.02055,42.53293],[2.02066,42.53264],[2.02075,42.53197],[2.02081,42.53147],[2.02081,42.53092],[2.02102,42.53042]]}},
{"type":"Feature","id":"way/88196075","properties":{"station_id":"font-romeu","osm_id":88196075,"feature":"piste","kind":"advanced","name":"Record","length_m":1584},"geometry":{"type":"LineString","coordinates":[[2.03002,42.53414],[2.03008,42.53423],[2.03016,42.53437],[2.03033,42.53453],[2.03059,42.5347],[2.03161,42.53509],[2.03248,42.53552],[2.03263,42.53563],[2.0328,42.53583],[2.03277,42.5363],[2.03268,42.53664],[2.0327,42.53706],[2.0329,42.53738],[2.03325,42.53751],[2.0336,42.5375],[2.03398,42.53752],[2.03413,42.53769],[2.03416,42.53799],[2.03416,42.53847],[2.03428,42.53885],[2.0345,42.53914],[2.03465,42.53942],[2.03467,42.53966],[2.03471,42.53979],[2.03479,42.53991],[2.03494,42.53994],[2.03538,42.53995],[2.03563,42.54],[2.03589,42.54007],[2.03624,42.54031],[2.03706,42.54061],[2.03722,42.54074],[2.03728,42.54088],[2.03729,42.54104],[2.03726,42.54135],[2.0371,42.542],[2.0371,42.54219],[2.03716,42.54236],[2.03735,42.54258],[2.03851,42.54338],[2.03892,42.54354],[2.03939,42.54366],[2.03953,42.54373],[2.03961,42.54378],[2.03971,42.54388],[2.03976,42.54399],[2.03974,42.54406],[2.0397,42.54409],[2.03964,42.54409],[2.0396,42.54405],[2.03954,42.54394]]}},
{"type":"Feature","id":"way/88196076","properties":{"station_id":"font-romeu","osm_id":88196076,"feature":"piste","kind":"novice","name":"Ceinture","length_m":1511},"geometry":{"type":"LineString","coordinates":[[2.0316,42.53152],[2.03188,42.53147],[2.03255,42.53144],[2.03316,42.5314],[2.03395,42.53128],[2.03445,42.53117],[2.03484,42.53104],[2.03541,42.53072],[2.03554,42.53065],[2.03668,42.52973],[2.03757,42.52925],[2.03768,42.5291],[2.03792,42.52839],[2.03799,42.52793],[2.03794,42.52769],[2.03761,42.52703],[2.03727,42.5264],[2.03707,42.52588],[2.03687,42.52507],[2.03676,42.52472],[2.03656,42.5241],[2.03623,42.5237],[2.03601,42.52354],[2.03578,42.5234],[2.03564,42.52325],[2.03576,42.52295],[2.03585,42.52268],[2.03592,42.52238],[2.03592,42.52216],[2.0359,42.522],[2.03573,42.5216],[2.03572,42.52148],[2.03572,42.52131]]}},
{"type":"Feature","id":"way/117332974","properties":{"station_id":"font-romeu","osm_id":117332974,"feature":"piste","kind":"novice","name":"Galipette","length_m":566},"geometry":{"type":"LineString","coordinates":[[2.02908,42.52423],[2.02906,42.52424],[2.02904,42.52424],[2.029,42.52422],[2.029,42.52415],[2.02901,42.52405],[2.02911,42.52375],[2.02925,42.52351],[2.02943,42.52315],[2.02955,42.52281],[2.02964,42.52235],[2.02966,42.52212],[2.02973,42.52196],[2.02987,42.52184],[2.03018,42.52166],[2.0305,42.52157],[2.03074,42.52153],[2.0309,42.52152],[2.03111,42.52147],[2.03125,42.52138],[2.03139,42.52117],[2.03166,42.52099],[2.03188,42.52089],[2.03193,42.52077],[2.03199,42.52069],[2.03213,42.52062],[2.03243,42.5205],[2.03256,42.5205]]}},
{"type":"Feature","id":"way/117348067","properties":{"station_id":"font-romeu","osm_id":117348067,"feature":"piste","kind":"intermediate","name":null,"length_m":294},"geometry":{"type":"LineString","coordinates":[[2.05611,42.52674],[2.05615,42.5265],[2.05618,42.52609],[2.05626,42.52562],[2.05627,42.52514],[2.05624,42.52486],[2.05618,42.52473],[2.05615,42.52455],[2.05609,42.52442],[2.05601,42.5243],[2.05592,42.52415]]}},
{"type":"Feature","id":"way/187376569","properties":{"station_id":"font-romeu","osm_id":187376569,"feature":"piste","kind":"easy","name":"Liaison","length_m":916},"geometry":{"type":"LineString","coordinates":[[2.04089,42.53483],[2.04141,42.53478],[2.04183,42.53471],[2.04219,42.53463],[2.04259,42.53451],[2.04275,42.53446],[2.04286,42.53441],[2.04318,42.5343],[2.04339,42.53419],[2.0438,42.53393],[2.04418,42.53374],[2.04447,42.53359],[2.04461,42.53355],[2.04482,42.53347],[2.04537,42.53306],[2.04563,42.53289],[2.04594,42.53275],[2.04616,42.53267],[2.04665,42.53255],[2.04686,42.53253],[2.04714,42.53253],[2.04735,42.53254],[2.04753,42.53254],[2.04774,42.53251],[2.04812,42.5324],[2.04858,42.53223],[2.04922,42.53196],[2.04968,42.53178],[2.04994,42.53163],[2.05023,42.53147],[2.05057,42.53117]]}},
{"type":"Feature","id":"way/187376573","properties":{"station_id":"font-romeu","osm_id":187376573,"feature":"piste","kind":"intermediate","name":"Perce Neige","length_m":877},"geometry":{"type":"LineString","coordinates":[[2.05359,42.5288],[2.0538,42.52883],[2.05396,42.52891],[2.0542,42.52911],[2.05441,42.52931],[2.05446,42.5294],[2.05444,42.52969],[2.05445,42.52987],[2.05459,42.53009],[2.05485,42.53038],[2.05514,42.53069],[2.0554,42.53102],[2.05562,42.53118],[2.05599,42.53143],[2.05617,42.53163],[2.05633,42.53186],[2.05645,42.53211],[2.05651,42.53236],[2.05655,42.53289],[2.05656,42.53368],[2.05648,42.53402],[2.05639,42.53425],[2.05618,42.53449],[2.05599,42.53467],[2.05571,42.53487],[2.0555,42.53509],[2.05528,42.53533],[2.05523,42.53537],[2.05515,42.53538],[2.05507,42.53535],[2.05497,42.5353]]}},
{"type":"Feature","id":"way/187376577","properties":{"station_id":"font-romeu","osm_id":187376577,"feature":"piste","kind":"easy","name":"Primevères","length_m":829},"geometry":{"type":"LineString","coordinates":[[2.04932,42.53149],[2.04922,42.53144],[2.04921,42.53139],[2.04925,42.53136],[2.04939,42.53137],[2.04952,42.53141],[2.04972,42.53142],[2.05004,42.53138],[2.05057,42.53117],[2.0509,42.53081],[2.05143,42.53012],[2.05158,42.53002],[2.05187,42.52988],[2.05205,42.52978],[2.0522,42.52966],[2.05243,42.52938],[2.05247,42.52909],[2.05255,42.52895],[2.05266,42.52882],[2.05298,42.52863],[2.05337,42.52842],[2.05371,42.52829],[2.0544,42.52805],[2.05469,42.52797],[2.05493,42.52782],[2.05567,42.5272],[2.05576,42.5271],[2.05611,42.52674]]}},
{"type":"Feature","id":"way/187376578","properties":{"station_id":"font-romeu","osm_id":187376578,"feature":"piste","kind":"novice","name":"Retour Airelles","length_m":235},"geometry":{"type":"LineString","coordinates":[[2.02696,42.53446],[2.0279,42.53411],[2.02848,42.53387],[2.0286,42.53383],[2.02866,42.5338],[2.029,42.53363],[2.02947,42.53345]]}},
{"type":"Feature","id":"way/187376694","properties":{"station_id":"font-romeu","osm_id":187376694,"feature":"piste","kind":"easy","name":null,"length_m":131},"geometry":{"type":"LineString","coordinates":[[2.05359,42.5288],[2.05382,42.52868],[2.0541,42.52852],[2.05428,42.52839],[2.0545,42.52825],[2.05469,42.52797]]}},
{"type":"Feature","id":"way/204405000","properties":{"station_id":"font-romeu","osm_id":204405000,"feature":"piste","kind":"easy","name":null,"length_m":331},"geometry":{"type":"LineString","coordinates":[[2.02947,42.53345],[2.0296,42.53347],[2.03052,42.53362],[2.03074,42.53362],[2.03104,42.5336],[2.0313,42.53356],[2.03146,42.53353],[2.03163,42.5335],[2.03208,42.53342],[2.0328,42.53324],[2.03306,42.53317],[2.03319,42.53315],[2.03339,42.53314]]}},
{"type":"Feature","id":"way/255841430","properties":{"station_id":"font-romeu","osm_id":255841430,"feature":"piste","kind":"advanced","name":null,"length_m":333},"geometry":{"type":"LineString","coordinates":[[2.03294,42.5348],[2.03334,42.53512],[2.03354,42.53545],[2.0336,42.53563],[2.03339,42.53591],[2.03346,42.53625],[2.03364,42.53655],[2.03382,42.53685],[2.03395,42.53709],[2.03399,42.53734],[2.03398,42.53752]]}},
{"type":"Feature","id":"way/1245648547","properties":{"station_id":"font-romeu","osm_id":1245648547,"feature":"piste","kind":"novice","name":"Fornells","length_m":2305},"geometry":{"type":"LineString","coordinates":[[2.0438,42.53393],[2.04391,42.53369],[2.0439,42.5336],[2.04372,42.5333],[2.04363,42.53318],[2.0436,42.53306],[2.04361,42.53288],[2.04369,42.53243],[2.04372,42.53231],[2.04378,42.53211],[2.04386,42.53191],[2.04388,42.53185],[2.04392,42.53172],[2.044,42.53164],[2.04406,42.53159],[2.04416,42.53155],[2.0444,42.53145],[2.04454,42.53137],[2.04475,42.53121],[2.04486,42.53108],[2.04501,42.53089],[2.04512,42.53078],[2.04543,42.53046],[2.04557,42.53029],[2.04573,42.53008],[2.0459,42.52986],[2.04622,42.52938],[2.04635,42.52925],[2.04647,42.52915],[2.04678,42.52897],[2.04706,42.52883],[2.04732,42.5287],[2.04769,42.52845],[2.04814,42.52826],[2.04849,42.52807],[2.0488,42.52784],[2.04894,42.52777],[2.04916,42.52768],[2.04944,42.52748],[2.04973,42.5272],[2.04988,42.52705],[2.05027,42.52679],[2.05054,42.52646],[2.05066,42.5263],[2.05087,42.52605],[2.05109,42.52575],[2.0512,42.52566],[2.05125,42.5256],[2.05128,42.52536],[2.05128,42.52514],[2.05126,42.52501],[2.05127,42.5248],[2.0513,42.52448],[2.0513,42.52435],[2.05132,42.52414],[2.0514,42.52394],[2.05153,42.52375],[2.05168,42.52353],[2.05171,42.52342],[2.05172,42.52331],[2.05185,42.52318],[2.05197,42.52299],[2.0521,42.52269],[2.05221,42.52257],[2.05229,42.52244],[2.05256,42.52211],[2.05315,42.52167],[2.05373,42.52122],[2.0539,42.52109],[2.05405,42.52098],[2.05416,42.52083],[2.05431,42.52056],[2.05504,42.51958],[2.05526,42.5194],[2.0555,42.5193],[2.05576,42.51927],[2.05598,42.51931],[2.05643,42.51943],[2.0567,42.51954],[2.05697,42.51965],[2.05783,42.52018],[2.05833,42.52044],[2.05867,42.52062],[2.05871,42.52066]]}},
{"type":"Feature","id":"way/1245652466","properties":{"station_id":"font-romeu","osm_id":1245652466,"feature":"piste","kind":"advanced","name":"Rhodos","length_m":470},"geometry":{"type":"LineString","coordinates":[[2.03129,42.53187],[2.03134,42.5321],[2.03152,42.53244],[2.03208,42.53342],[2.03284,42.53454],[2.03294,42.5348],[2.03296,42.53507],[2.03296,42.5354],[2.0328,42.53583]]}},
{"type":"Feature","id":"way/1342694765","properties":{"station_id":"font-romeu","osm_id":1342694765,"feature":"piste","kind":"easy","name":null,"length_m":13},"geometry":{"type":"LineString","coordinates":[[2.05466,42.52827],[2.0545,42.52825]]}},
{"type":"Feature","id":"way/1342694766","properties":{"station_id":"font-romeu","osm_id":1342694766,"feature":"piste","kind":"intermediate","name":"Perce Neige","length_m":129},"geometry":{"type":"LineString","coordinates":[[2.0545,42.52825],[2.05453,42.52839],[2.05456,42.52905],[2.05453,42.52925],[2.05446,42.5294]]}},
{"type":"Feature","id":"way/1342694767","properties":{"station_id":"font-romeu","osm_id":1342694767,"feature":"piste","kind":"easy","name":null,"length_m":247},"geometry":{"type":"LineString","coordinates":[[2.05393,42.52636],[2.05386,42.52653],[2.05366,42.52682],[2.0536,42.52696],[2.0536,42.52704],[2.05371,42.52711],[2.05396,42.52717],[2.05411,42.52725],[2.05419,42.52735],[2.0543,42.52766],[2.05433,42.52792],[2.0544,42.52805],[2.0545,42.52825]]}},
{"type":"Feature","id":"way/1342694769","properties":{"station_id":"font-romeu","osm_id":1342694769,"feature":"piste","kind":"intermediate","name":null,"length_m":27},"geometry":{"type":"LineString","coordinates":[[2.05382,42.52549],[2.05393,42.52542],[2.05409,42.52536]]}},
{"type":"Feature","id":"way/1342694770","properties":{"station_id":"font-romeu","osm_id":1342694770,"feature":"piste","kind":"easy","name":null,"length_m":64},"geometry":{"type":"LineString","coordinates":[[2.05385,42.52551],[2.05382,42.52549],[2.05376,42.52546],[2.05369,42.52542],[2.05365,42.52541],[2.0536,42.52543],[2.05358,42.52548],[2.05361,42.52555],[2.05371,42.52558],[2.05377,42.52559],[2.05385,42.52551]]}},
{"type":"Feature","id":"way/1342764570","properties":{"station_id":"font-romeu","osm_id":1342764570,"feature":"piste","kind":"intermediate","name":null,"length_m":62},"geometry":{"type":"LineString","coordinates":[[2.01803,42.53516],[2.01844,42.53514],[2.01875,42.53502]]}},
{"type":"Feature","id":"way/1342764571","properties":{"station_id":"font-romeu","osm_id":1342764571,"feature":"piste","kind":"novice","name":"Retour Airelles","length_m":194},"geometry":{"type":"LineString","coordinates":[[2.01701,42.53555],[2.0174,42.5355],[2.01828,42.53546],[2.01884,42.5354],[2.01918,42.53539],[2.01936,42.53542]]}},
{"type":"Feature","id":"way/1342764572","properties":{"station_id":"font-romeu","osm_id":1342764572,"feature":"piste","kind":"novice","name":null,"length_m":23},"geometry":{"type":"LineString","coordinates":[[2.01887,42.5353],[2.01884,42.5354],[2.01886,42.5355]]}},
{"type":"Feature","id":"way/1342764573","properties":{"station_id":"font-romeu","osm_id":1342764573,"feature":"piste","kind":"novice","name":null,"length_m":31},"geometry":{"type":"LineString","coordinates":[[2.01555,42.53519],[2.0155,42.53523],[2.0155,42.53525],[2.01552,42.53528],[2.01573,42.53536]]}},
{"type":"Feature","id":"way/1342764574","properties":{"station_id":"font-romeu","osm_id":1342764574,"feature":"piste","kind":"novice","name":null,"length_m":27},"geometry":{"type":"LineString","coordinates":[[2.0155,42.53553],[2.01573,42.53536]]}},
{"type":"Feature","id":"way/1342764575","properties":{"station_id":"font-romeu","osm_id":1342764575,"feature":"piste","kind":"novice","name":null,"length_m":9},"geometry":{"type":"LineString","coordinates":[[2.03103,42.53142],[2.03101,42.5315]]}},
{"type":"Feature","id":"way/1342764576","properties":{"station_id":"font-romeu","osm_id":1342764576,"feature":"piste","kind":"novice","name":null,"length_m":6},"geometry":{"type":"LineString","coordinates":[[2.03114,42.53144],[2.03112,42.53149]]}},
{"type":"Feature","id":"way/1342764577","properties":{"station_id":"font-romeu","osm_id":1342764577,"feature":"piste","kind":"novice","name":null,"length_m":15},"geometry":{"type":"LineString","coordinates":[[2.03145,42.53133],[2.03139,42.53146]]}},
{"type":"Feature","id":"way/1342764578","properties":{"station_id":"font-romeu","osm_id":1342764578,"feature":"piste","kind":"novice","name":null,"length_m":8},"geometry":{"type":"LineString","coordinates":[[2.03175,42.53163],[2.03165,42.53161]]}},
{"type":"Feature","id":"way/1342764579","properties":{"station_id":"font-romeu","osm_id":1342764579,"feature":"piste","kind":"novice","name":null,"length_m":16},"geometry":{"type":"LineString","coordinates":[[2.03153,42.53204],[2.03144,42.53191]]}},
{"type":"Feature","id":"way/1342764580","properties":{"station_id":"font-romeu","osm_id":1342764580,"feature":"piste","kind":"novice","name":"Gallinera","length_m":205},"geometry":{"type":"LineString","coordinates":[[2.03071,42.53164],[2.03129,42.53187],[2.03144,42.53191],[2.03159,42.5318],[2.03165,42.53161],[2.03167,42.53158],[2.03162,42.53154],[2.0316,42.53152],[2.03157,42.53151],[2.03139,42.53146],[2.03112,42.53149],[2.03101,42.5315],[2.03086,42.53152],[2.03075,42.53151],[2.03072,42.53157],[2.03071,42.53164]]}},
{"type":"Feature","id":"way/1342764582","properties":{"station_id":"font-romeu","osm_id":1342764582,"feature":"piste","kind":"novice","name":null,"length_m":407},"geometry":{"type":"LineString","coordinates":[[2.03331,42.53188],[2.03349,42.53189],[2.03373,42.53187],[2.03414,42.53182],[2.03465,42.53176],[2.03495,42.53166],[2.03528,42.53149],[2.03578,42.53129],[2.03601,42.53121],[2.03642,42.53106],[2.03664,42.53102],[2.03681,42.53102],[2.03698,42.53105],[2.03711,42.53111],[2.03724,42.53121],[2.03735,42.53135],[2.0376,42.53164]]}},
{"type":"Feature","id":"way/1342764583","properties":{"station_id":"font-romeu","osm_id":1342764583,"feature":"piste","kind":"easy","name":null,"length_m":476},"geometry":{"type":"LineString","coordinates":[[2.03162,42.53154],[2.03186,42.5315],[2.03215,42.53154],[2.03251,42.53161],[2.03299,42.53177],[2.03331,42.53188],[2.03393,42.53213],[2.03477,42.53245],[2.03553,42.53265],[2.03595,42.53271],[2.03645,42.53272],[2.03676,42.53273],[2.03707,42.53278]]}},
{"type":"Feature","id":"way/1342764584","properties":{"station_id":"font-romeu","osm_id":1342764584,"feature":"piste","kind":"easy","name":null,"length_m":237},"geometry":{"type":"LineString","coordinates":[[2.03541,42.53072],[2.03524,42.5306],[2.03412,42.5298],[2.03392,42.52959],[2.03378,42.52936],[2.03367,42.52922],[2.03357,42.5291]]}},
{"type":"Feature","id":"way/1342764585","properties":{"station_id":"font-romeu","osm_id":1342764585,"feature":"piste","kind":"novice","name":null,"length_m":119},"geometry":{"type":"LineString","coordinates":[[2.03628,42.53157],[2.03601,42.53121],[2.03597,42.53115],[2.03541,42.53072]]}},
{"type":"Feature","id":"way/1343078206","properties":{"station_id":"font-romeu","osm_id":1343078206,"feature":"piste","kind":"easy","name":null,"length_m":19},"geometry":{"type":"LineString","coordinates":[[2.04155,42.5349],[2.04148,42.53492],[2.04145,42.53491],[2.04134,42.53487]]}},
{"type":"Feature","id":"way/1343078207","properties":{"station_id":"font-romeu","osm_id":1343078207,"feature":"piste","kind":"easy","name":null,"length_m":34},"geometry":{"type":"LineString","coordinates":[[2.04265,42.53429],[2.04254,42.53438],[2.04248,42.53444],[2.04249,42.53447],[2.04251,42.53448],[2.04259,42.53451]]}},
{"type":"Feature","id":"way/1343078208","properties":{"station_id":"font-romeu","osm_id":1343078208,"feature":"piste","kind":"easy","name":null,"length_m":71},"geometry":{"type":"LineString","coordinates":[[2.04177,42.53409],[2.04245,42.5344],[2.04248,42.53444]]}},
{"type":"Feature","id":"way/1343078209","properties":{"station_id":"font-romeu","osm_id":1343078209,"feature":"piste","kind":"easy","name":null,"length_m":121},"geometry":{"type":"LineString","coordinates":[[2.04175,42.53413],[2.04176,42.53434],[2.04162,42.53458],[2.04141,42.53478],[2.04134,42.53487],[2.04116,42.53509]]}},
{"type":"Feature","id":"way/1343078210","properties":{"station_id":"font-romeu","osm_id":1343078210,"feature":"piste","kind":"novice","name":null,"length_m":98},"geometry":{"type":"LineString","coordinates":[[2.04162,42.53382],[2.04153,42.53399],[2.04155,42.53403],[2.04175,42.53413],[2.04177,42.53409],[2.0418,42.534],[2.04181,42.5338],[2.04168,42.5338],[2.04166,42.53381],[2.04162,42.53382]]}},
{"type":"Feature","id":"way/1343078211","properties":{"station_id":"font-romeu","osm_id":1343078211,"feature":"piste","kind":"novice","name":"Fornells","length_m":239},"geometry":{"type":"LineString","coordinates":[[2.04106,42.53305],[2.04146,42.53305],[2.04233,42.53285],[2.04273,42.5328],[2.04289,42.53275],[2.04336,42.53249],[2.04372,42.53231]]}},
{"type":"Feature","id":"way/1343078212","properties":{"station_id":"font-romeu","osm_id":1343078212,"feature":"piste","kind":"easy","name":null,"length_m":66},"geometry":{"type":"LineString","coordinates":[[2.04461,42.53355],[2.04468,42.53355],[2.0447,42.53358],[2.04435,42.53385],[2.04425,42.53396]]}},
{"type":"Feature","id":"way/1343078213","properties":{"station_id":"font-romeu","osm_id":1343078213,"feature":"piste","kind":"advanced","name":"Compétition","length_m":386},"geometry":{"type":"LineString","coordinates":[[2.02983,42.53421],[2.02974,42.53425],[2.0297,42.53432],[2.02969,42.5344],[2.02975,42.5345],[2.02993,42.53464],[2.03039,42.53484],[2.03105,42.53512],[2.03149,42.53535],[2.03192,42.53564],[2.03222,42.53595],[2.03257,42.53637],[2.03268,42.53664]]}},
{"type":"Feature","id":"way/1343078214","properties":{"station_id":"font-romeu","osm_id":1343078214,"feature":"piste","kind":"easy","name":null,"length_m":146},"geometry":{"type":"LineString","coordinates":[[2.02983,42.53421],[2.02985,42.53417],[2.02989,42.53415],[2.03002,42.53414],[2.03023,42.53411],[2.03046,42.53406],[2.03065,42.53399],[2.03086,42.53389],[2.03109,42.53369],[2.0313,42.53356]]}},
{"type":"Feature","id":"way/1343078215","properties":{"station_id":"font-romeu","osm_id":1343078215,"feature":"piste","kind":"novice","name":null,"length_m":22},"geometry":{"type":"LineString","coordinates":[[2.03335,42.52137],[2.03345,42.52138],[2.03352,42.5214],[2.03355,42.52142],[2.03353,42.52145]]}},
{"type":"Feature","id":"way/1343078216","properties":{"station_id":"font-romeu","osm_id":1343078216,"feature":"piste","kind":"novice","name":null,"length_m":7},"geometry":{"type":"LineString","coordinates":[[2.03358,42.52146],[2.03358,42.52144],[2.03356,42.52144],[2.03353,42.52145]]}},
{"type":"Feature","id":"way/1343078217","properties":{"station_id":"font-romeu","osm_id":1343078217,"feature":"piste","kind":"novice","name":null,"length_m":41},"geometry":{"type":"LineString","coordinates":[[2.03138,42.5227],[2.03134,42.52271],[2.03129,42.52271],[2.03124,42.52268],[2.03119,42.52262],[2.03119,42.52257],[2.03124,42.52244]]}},
{"type":"Feature","id":"way/1343078218","properties":{"station_id":"font-romeu","osm_id":1343078218,"feature":"piste","kind":"novice","name":null,"length_m":15},"geometry":{"type":"LineString","coordinates":[[2.03138,42.5227],[2.03135,42.52273],[2.03133,42.52276],[2.03134,42.52279],[2.03137,42.52282]]}},
{"type":"Feature","id":"way/1343078219","properties":{"station_id":"font-romeu","osm_id":1343078219,"feature":"piste","kind":"novice","name":null,"length_m":349},"geometry":{"type":"LineString","coordinates":[[2.03087,42.52285],[2.03109,42.52283],[2.03126,42.52282],[2.03137,42.52282],[2.03144,42.52282],[2.03169,42.52286],[2.03189,42.52284],[2.032,42.52281],[2.03206,42.52275],[2.03221,42.52257],[2.03233,42.52247],[2.0324,42.52245],[2.03252,42.52244],[2.03263,42.52242],[2.03267,42.52239],[2.03271,42.52234],[2.03273,42.52225],[2.03277,42.52217],[2.03282,42.52212],[2.03311,42.52195],[2.03322,42.52185],[2.03333,42.52172],[2.03347,42.52162],[2.03354,42.52154],[2.03358,42.52146],[2.03367,42.52104]]}},
{"type":"Feature","id":"way/1343078220","properties":{"station_id":"font-romeu","osm_id":1343078220,"feature":"piste","kind":"novice","name":null,"length_m":20},"geometry":{"type":"LineString","coordinates":[[2.03615,42.52121],[2.0362,42.52122],[2.03622,42.52124],[2.03617,42.52135]]}},
{"type":"Feature","id":"way/1343078221","properties":{"station_id":"font-romeu","osm_id":1343078221,"feature":"piste","kind":"novice","name":null,"length_m":675},"geometry":{"type":"LineString","coordinates":[[2.03257,42.52045],[2.03256,42.5205],[2.03254,42.52057],[2.03272,42.52062],[2.03279,42.52077],[2.03317,42.52084],[2.0334,42.52093],[2.03341,42.52104],[2.03367,42.52104],[2.03394,42.52125],[2.03417,42.52121],[2.03465,42.52124],[2.03497,42.52131],[2.03526,42.52129],[2.03551,42.5213],[2.03562,42.52131],[2.03572,42.52131],[2.03594,42.5213],[2.03612,42.52127],[2.03615,42.52121],[2.03619,42.52113],[2.03475,42.52091],[2.03391,42.52054],[2.0336,42.52052],[2.03257,42.52045]]}},
{"type":"Feature","id":"way/1343078222","properties":{"station_id":"font-romeu","osm_id":1343078222,"feature":"piste","kind":"novice","name":null,"length_m":219},"geometry":{"type":"LineString","coordinates":[[2.03143,42.52233],[2.03222,42.52127],[2.03243,42.52087],[2.03254,42.52075],[2.03272,42.52062]]}},
{"type":"Feature","id":"way/1343078223","properties":{"station_id":"font-romeu","osm_id":1343078223,"feature":"piste","kind":"novice","name":null,"length_m":387},"geometry":{"type":"LineString","coordinates":[[2.03033,42.52574],[2.03051,42.52541],[2.03088,42.52507],[2.03125,42.52482],[2.03147,42.52462],[2.03161,42.52448],[2.03201,42.52425],[2.03232,42.52403],[2.0327,42.52367],[2.03298,42.52332],[2.03329,42.52308]]}},
{"type":"Feature","id":"way/1343078224","properties":{"station_id":"font-romeu","osm_id":1343078224,"feature":"piste","kind":"novice","name":null,"length_m":78},"geometry":{"type":"LineString","coordinates":[[2.02908,42.52423],[2.02911,42.52424],[2.02915,42.52426],[2.0293,42.52427],[2.02951,42.52425],[2.02981,42.52417],[2.02996,42.52408]]}},
{"type":"Feature","id":"way/1343078225","properties":{"station_id":"font-romeu","osm_id":1343078225,"feature":"piste","kind":"novice","name":"Boarder Cross","length_m":480},"geometry":{"type":"LineString","coordinates":[[2.02925,42.52351],[2.02916,42.52338],[2.02871,42.52288],[2.02841,42.52268],[2.02814,42.52248],[2.02799,42.52233],[2.02791,42.5222],[2.02795,42.52211],[2.02799,42.52209],[2.02809,42.52207],[2.02822,42.52203],[2.02827,42.522],[2.02844,42.5218],[2.02849,42.52175],[2.0285,42.52169],[2.02848,42.52164],[2.0285,42.52159],[2.02854,42.52156],[2.02862,42.52153],[2.02876,42.52155],[2.02887,42.52156],[2.02905,42.52153],[2.02951,42.52139],[2.02966,42.52137],[2.02981,42.52137],[2.03023,42.5214],[2.03052,42.52143],[2.03065,42.52147],[2.0309,42.52152]]}},
{"type":"Feature","id":"way/1365808542","properties":{"station_id":"font-romeu","osm_id":1365808542,"feature":"piste","kind":"novice","name":null,"length_m":219},"geometry":{"type":"LineString","coordinates":[[2.02033,42.53009],[2.02032,42.53038],[2.02067,42.5303],[2.0208,42.53058],[2.02102,42.53042],[2.02105,42.53027],[2.02041,42.52994],[2.02033,42.53009]]}},
{"type":"Feature","id":"way/87788761","properties":{"station_id":"formigueres","osm_id":87788761,"feature":"lift","kind":"drag_lift","name":"Bosc Negre","length_m":819},"geometry":{"type":"LineString","coordinates":[[2.06742,42.65524],[2.05887,42.65141]]}},
{"type":"Feature","id":"way/87788762","properties":{"station_id":"formigueres","osm_id":87788762,"feature":"lift","kind":"drag_lift","name":"Ginèvre 1","length_m":1373},"geometry":{"type":"LineString","coordinates":[[2.0596,42.65531],[2.05899,42.65572],[2.05826,42.65622],[2.05749,42.65675],[2.05668,42.65731],[2.05584,42.65788],[2.05459,42.65873],[2.05336,42.65958],[2.05233,42.66028],[2.05108,42.66114],[2.04991,42.66193],[2.04903,42.66254],[2.04773,42.66343],[2.0473,42.66372]]}},
{"type":"Feature","id":"way/87788763","properties":{"station_id":"formigueres","osm_id":87788763,"feature":"lift","kind":"drag_lift","name":"Écureuils","length_m":77},"geometry":{"type":"LineString","coordinates":[[2.07803,42.64871],[2.07831,42.64805]]}},
{"type":"Feature","id":"way/87788766","properties":{"station_id":"formigueres","osm_id":87788766,"feature":"lift","kind":"drag_lift","name":"Baby 1","length_m":199},"geometry":{"type":"LineString","coordinates":[[2.07779,42.64869],[2.07592,42.64755]]}},
{"type":"Feature","id":"way/87788767","properties":{"station_id":"formigueres","osm_id":87788767,"feature":"lift","kind":"drag_lift","name":"Ginèvre 2","length_m":1219},"geometry":{"type":"LineString","coordinates":[[2.05962,42.65534],[2.05902,42.65575],[2.05831,42.65625],[2.05753,42.65678],[2.05672,42.65734],[2.05588,42.65791],[2.05463,42.65877],[2.05341,42.65961],[2.05238,42.66032],[2.05114,42.66117],[2.04997,42.66198],[2.04907,42.66259],[2.04878,42.66279],[2.04873,42.66283]]}},
{"type":"Feature","id":"way/87788770","properties":{"station_id":"formigueres","osm_id":87788770,"feature":"lift","kind":"drag_lift","name":"Genêts","length_m":418},"geometry":{"type":"LineString","coordinates":[[2.07671,42.64927],[2.07373,42.64932],[2.07172,42.6488]]}},
{"type":"Feature","id":"way/87788773","properties":{"station_id":"formigueres","osm_id":87788773,"feature":"lift","kind":"chair_lift","name":"Bosc Negre","length_m":1408},"geometry":{"type":"LineString","coordinates":[[2.07727,42.64895],[2.07687,42.64901],[2.07546,42.64921],[2.07445,42.64936],[2.07326,42.64953],[2.07199,42.64971],[2.0709,42.64987],[2.07007,42.64999],[2.06817,42.65026],[2.06646,42.6505],[2.06513,42.6507],[2.0647,42.65076],[2.0634,42.65095],[2.06204,42.65114],[2.06118,42.65126],[2.06038,42.65138]]}},
{"type":"Feature","id":"way/87938101","properties":{"station_id":"formigueres","osm_id":87938101,"feature":"lift","kind":"drag_lift","name":"Chapelle","length_m":408},"geometry":{"type":"LineString","coordinates":[[2.06919,42.6226],[2.06827,42.62258],[2.06731,42.62256],[2.06626,42.62254],[2.06546,42.62252],[2.06456,42.6225],[2.0642,42.62249]]}},
{"type":"Feature","id":"way/87938102","properties":{"station_id":"formigueres","osm_id":87938102,"feature":"lift","kind":"mixed_lift","name":"Calmazeille","length_m":1398},"geometry":{"type":"LineString","coordinates":[[2.06873,42.62324],[2.06845,42.62327],[2.06773,42.62334],[2.06568,42.62355],[2.06224,42.62389],[2.05982,42.62412],[2.05742,42.62436],[2.05564,42.62454],[2.05542,42.62456],[2.05299,42.6248],[2.0522,42.62488],[2.0518,42.62491]]}},
{"type":"Feature","id":"way/87938103","properties":{"station_id":"formigueres","osm_id":87938103,"feature":"lift","kind":"drag_lift","name":"Perches Blanches 1","length_m":1051},"geometry":{"type":"LineString","coordinates":[[2.06999,42.62271],[2.05983,42.61747],[2.05948,42.61728]]}},
{"type":"Feature","id":"way/87938107","properties":{"station_id":"formigueres","osm_id":87938107,"feature":"lift","kind":"chair_lift","name":"Serre de Maury","length_m":1587},"geometry":{"type":"LineString","coordinates":[[2.05149,42.62932],[2.0513,42.62931],[2.05073,42.62927],[2.04987,42.62921],[2.04869,42.62912],[2.04808,42.62908],[2.04705,42.629],[2.04607,42.62893],[2.04524,42.62887],[2.04425,42.6288],[2.04334,42.62874],[2.04203,42.62864],[2.04028,42.62852],[2.03893,42.62842],[2.0378,42.62834],[2.03685,42.62827],[2.03587,42.6282],[2.03512,42.62815],[2.03415,42.62808],[2.03326,42.62801],[2.03239,42.62795],[2.03218,42.62793]]}},
{"type":"Feature","id":"way/87938109","properties":{"station_id":"formigueres","osm_id":87938109,"feature":"lift","kind":"drag_lift","name":"Perches Blanches 2","length_m":1050},"geometry":{"type":"LineString","coordinates":[[2.06995,42.62274],[2.05979,42.61751],[2.05943,42.61733]]}},
{"type":"Feature","id":"way/448144876","properties":{"station_id":"formigueres","osm_id":448144876,"feature":"lift","kind":"magic_carpet","name":"Axurit","length_m":78},"geometry":{"type":"LineString","coordinates":[[2.06881,42.6234],[2.06786,42.62345]]}},
{"type":"Feature","id":"way/1037839841","properties":{"station_id":"formigueres","osm_id":1037839841,"feature":"lift","kind":"drag_lift","name":"Baby 2","length_m":199},"geometry":{"type":"LineString","coordinates":[[2.07776,42.64872],[2.07589,42.64758]]}},
{"type":"Feature","id":"way/1037839844","properties":{"station_id":"formigueres","osm_id":1037839844,"feature":"lift","kind":"rope_tow","name":"Bambi Kid","length_m":68},"geometry":{"type":"LineString","coordinates":[[2.07772,42.64977],[2.07708,42.64938]]}},
{"type":"Feature","id":"way/1361790195","properties":{"station_id":"formigueres","osm_id":1361790195,"feature":"lift","kind":"magic_carpet","name":null,"length_m":30},"geometry":{"type":"LineString","coordinates":[[2.06835,42.6237],[2.06799,42.62373]]}},
{"type":"Feature","id":"way/1553065122","properties":{"station_id":"formigueres","osm_id":1553065122,"feature":"lift","kind":"chair_lift","name":"TSF2 du Refuge","length_m":1382},"geometry":{"type":"LineString","coordinates":[[2.07705,42.64985],[2.06331,42.65709]]}},
{"type":"Feature","id":"way/87801966","properties":{"station_id":"formigueres","osm_id":87801966,"feature":"piste","kind":"easy","name":"Crocus","length_m":922},"geometry":{"type":"LineString","coordinates":[[2.05867,42.6514],[2.05911,42.6517],[2.05929,42.65195],[2.05951,42.65211],[2.05963,42.6523],[2.05963,42.65249],[2.0596,42.65278],[2.05972,42.65296],[2.05991,42.65325],[2.06015,42.65356],[2.06088,42.65396],[2.06135,42.65413],[2.06217,42.65442],[2.06289,42.65464],[2.06414,42.65499],[2.06486,42.65516],[2.06599,42.65538],[2.06653,42.65544],[2.06673,42.65548],[2.06704,42.65553],[2.06742,42.6556]]}},
{"type":"Feature","id":"way/87801969","properties":{"station_id":"formigueres","osm_id":87801969,"feature":"piste","kind":"intermediate","name":"Sorbiers","length_m":380},"geometry":{"type":"LineString","coordinates":[[2.06678,42.64795],[2.06697,42.6481],[2.0673,42.64841],[2.06755,42.64875],[2.06809,42.64939],[2.06854,42.64979],[2.06897,42.65005],[2.06932,42.65032],[2.06952,42.65043],[2.06977,42.6505]]}},
{"type":"Feature","id":"way/87801971","properties":{"station_id":"formigueres","osm_id":87801971,"feature":"piste","kind":"easy","name":"Perce Neige","length_m":271},"geometry":{"type":"LineString","coordinates":[[2.05973,42.65527],[2.06013,42.65551],[2.06058,42.65577],[2.06111,42.65615],[2.06143,42.65644],[2.06174,42.65675],[2.0621,42.65695]]}},
{"type":"Feature","id":"way/87801980","properties":{"station_id":"formigueres","osm_id":87801980,"feature":"piste","kind":"easy","name":null,"length_m":363},"geometry":{"type":"LineString","coordinates":[[2.05946,42.6583],[2.05938,42.65805],[2.0592,42.65756],[2.05904,42.6573],[2.0589,42.65705],[2.05888,42.65688],[2.05896,42.65654],[2.0594,42.6561],[2.05961,42.65579],[2.05973,42.65552],[2.05973,42.65527]]}},
{"type":"Feature","id":"way/87801990","properties":{"station_id":"formigueres","osm_id":87801990,"feature":"piste","kind":"advanced","name":"Lys","length_m":682},"geometry":{"type":"LineString","coordinates":[[2.06031,42.65138],[2.06028,42.65137],[2.06027,42.65136],[2.06028,42.65134],[2.0603,42.65134],[2.06061,42.65128],[2.06105,42.65141],[2.06153,42.65151],[2.06181,42.65169],[2.06206,42.65184],[2.06247,42.65188],[2.06322,42.65182],[2.06365,42.65179],[2.06415,42.65182],[2.06527,42.65182],[2.06593,42.6519],[2.06648,42.65193],[2.06709,42.65189],[2.06744,42.65182],[2.06776,42.65176],[2.06804,42.65176],[2.06827,42.65176]]}},
{"type":"Feature","id":"way/87802008","properties":{"station_id":"formigueres","osm_id":87802008,"feature":"piste","kind":"easy","name":"Marmottes","length_m":3627},"geometry":{"type":"LineString","coordinates":[[2.0473,42.66372],[2.04743,42.66371],[2.0475,42.66366],[2.04759,42.66363],[2.04772,42.66364],[2.04781,42.6637],[2.04843,42.66373],[2.04869,42.66367],[2.04895,42.66366],[2.04918,42.66371],[2.04952,42.66394],[2.04965,42.66399],[2.05012,42.66398],[2.05068,42.66396],[2.05101,42.66404],[2.05153,42.66413],[2.05203,42.66426],[2.05229,42.6645],[2.05253,42.66459],[2.05274,42.66453],[2.05294,42.66423],[2.05299,42.66391],[2.05303,42.66307],[2.05321,42.66264],[2.05367,42.66229],[2.05411,42.66211],[2.05454,42.66209],[2.05508,42.66206],[2.05557,42.66186],[2.05586,42.66164],[2.05608,42.66146],[2.05645,42.66117],[2.05689,42.66092],[2.05762,42.66081],[2.05791,42.66073],[2.05835,42.66049],[2.05854,42.66018],[2.05866,42.65972],[2.05873,42.65947],[2.05885,42.65929],[2.05904,42.65905],[2.05921,42.65864],[2.05946,42.6583],[2.05954,42.65805],[2.05988,42.65768],[2.06028,42.6573],[2.06076,42.65716],[2.06142,42.65699],[2.0621,42.65695],[2.06293,42.65722],[2.06344,42.65729],[2.06399,42.65724],[2.0646,42.65717],[2.06511,42.65697],[2.06566,42.65679],[2.06616,42.65671],[2.0667,42.65669],[2.06692,42.6566],[2.06704,42.65645],[2.06699,42.65625],[2.06675,42.65602],[2.06674,42.65585],[2.06692,42.65576],[2.06742,42.6556],[2.06788,42.65525],[2.06837,42.65472],[2.06864,42.65433],[2.06875,42.65406],[2.06875,42.65381],[2.06855,42.6536],[2.06796,42.65309],[2.06765,42.65271],[2.06767,42.65254],[2.06794,42.65204],[2.06827,42.65176],[2.06855,42.65178],[2.06927,42.65165],[2.06989,42.65144],[2.07086,42.65105],[2.07142,42.65074],[2.07185,42.65059],[2.0726,42.65038],[2.07351,42.65011],[2.07466,42.64993],[2.07527,42.64979],[2.07581,42.64941],[2.07629,42.64933],[2.07697,42.64933],[2.07701,42.64934],[2.07704,42.64934],[2.07706,42.64933],[2.07707,42.64932],[2.07707,42.64931],[2.07705,42.64929],[2.07702,42.64928],[2.07697,42.64928]]}},
{"type":"Feature","id":"way/87802016","properties":{"station_id":"formigueres","osm_id":87802016,"feature":"piste","kind":"novice","name":"Baby","length_m":204},"geometry":{"type":"LineString","coordinates":[[2.07592,42.64755],[2.07605,42.64756],[2.07642,42.64776],[2.07688,42.648],[2.07737,42.64831],[2.07756,42.64845],[2.07771,42.64854],[2.07779,42.64863],[2.07779,42.64869]]}},
{"type":"Feature","id":"way/87802019","properties":{"station_id":"formigueres","osm_id":87802019,"feature":"piste","kind":"intermediate","name":"Crêtes","length_m":1125},"geometry":{"type":"LineString","coordinates":[[2.06031,42.65138],[2.06028,42.65137],[2.06027,42.65136],[2.06028,42.65134],[2.0603,42.65134],[2.06061,42.65128],[2.06104,42.65117],[2.0613,42.65101],[2.06171,42.65067],[2.0622,42.65025],[2.06253,42.64993],[2.0629,42.64971],[2.06335,42.64957],[2.06362,42.64944],[2.06395,42.6492],[2.06417,42.64889],[2.06476,42.64854],[2.0651,42.64833],[2.06538,42.64823],[2.06589,42.64813],[2.06637,42.64801],[2.06678,42.64795],[2.06714,42.64796],[2.06757,42.64804],[2.06799,42.64804],[2.06843,42.64801],[2.06894,42.64802],[2.06963,42.6481],[2.07019,42.64823],[2.07062,42.64839],[2.07109,42.64854],[2.0716,42.64861],[2.07204,42.6487]]}},
{"type":"Feature","id":"way/87802025","properties":{"station_id":"formigueres","osm_id":87802025,"feature":"piste","kind":"intermediate","name":"Liaison","length_m":526},"geometry":{"type":"LineString","coordinates":[[2.05218,42.65744],[2.05209,42.65702],[2.0522,42.65668],[2.05245,42.65642],[2.05279,42.65603],[2.05334,42.65553],[2.05382,42.65518],[2.05402,42.65479],[2.05422,42.65443],[2.05444,42.6541],[2.05467,42.6538],[2.05494,42.65364],[2.05511,42.65341]]}},
{"type":"Feature","id":"way/87802027","properties":{"station_id":"formigueres","osm_id":87802027,"feature":"piste","kind":"novice","name":"Écureuils","length_m":272},"geometry":{"type":"LineString","coordinates":[[2.07605,42.64756],[2.0766,42.64766],[2.07711,42.64778],[2.0775,42.64785],[2.07774,42.64794],[2.07803,42.64798],[2.07812,42.6482],[2.07805,42.64837],[2.07801,42.6485],[2.078,42.64852],[2.07795,42.64861],[2.07788,42.64875],[2.07787,42.64876],[2.07786,42.64877],[2.07784,42.64877],[2.07782,42.64876],[2.0778,42.64875],[2.07776,42.64872]]}},
{"type":"Feature","id":"way/87802032","properties":{"station_id":"formigueres","osm_id":87802032,"feature":"piste","kind":"easy","name":"Liaison","length_m":483},"geometry":{"type":"LineString","coordinates":[[2.05511,42.65341],[2.05575,42.65343],[2.05654,42.65337],[2.05713,42.65344],[2.05812,42.65351],[2.05851,42.6536],[2.05879,42.65373],[2.05919,42.6538],[2.05968,42.65374],[2.06088,42.65396]]}},
{"type":"Feature","id":"way/87802034","properties":{"station_id":"formigueres","osm_id":87802034,"feature":"piste","kind":"novice","name":"Perce Neige","length_m":987},"geometry":{"type":"LineString","coordinates":[[2.06038,42.65138],[2.06031,42.65138],[2.06023,42.65138],[2.05982,42.6514],[2.05965,42.65139],[2.05944,42.65133],[2.05912,42.65131],[2.05885,42.65133],[2.05871,42.65138],[2.05867,42.6514],[2.05811,42.65135],[2.05745,42.65145],[2.05712,42.6516],[2.05675,42.65185],[2.05638,42.65221],[2.05586,42.65261],[2.05531,42.65309],[2.05511,42.65341],[2.0552,42.65359],[2.05536,42.65381],[2.05563,42.65401],[2.05626,42.65416],[2.05697,42.65435],[2.05781,42.65447],[2.05816,42.65458],[2.05841,42.65469],[2.05913,42.65491],[2.05957,42.65514],[2.05973,42.65527]]}},
{"type":"Feature","id":"way/87802038","properties":{"station_id":"formigueres","osm_id":87802038,"feature":"piste","kind":"intermediate","name":"Rhododendrons","length_m":1534},"geometry":{"type":"LineString","coordinates":[[2.0473,42.66372],[2.04732,42.66364],[2.04736,42.6635],[2.04738,42.66341],[2.04739,42.66323],[2.04782,42.66279],[2.04843,42.66228],[2.04887,42.66203],[2.04958,42.6619],[2.05041,42.66107],[2.05066,42.66028],[2.05094,42.65995],[2.05129,42.65903],[2.05163,42.65824],[2.05218,42.65744],[2.05371,42.65689],[2.05446,42.65645],[2.05492,42.65609],[2.05565,42.65561],[2.05619,42.65536],[2.05656,42.65524],[2.05689,42.65511],[2.05751,42.65509],[2.05824,42.65506],[2.05877,42.65501],[2.05919,42.65501],[2.05957,42.65514]]}},
{"type":"Feature","id":"way/87968307","properties":{"station_id":"formigueres","osm_id":87968307,"feature":"piste","kind":"easy","name":"Le Berger","length_m":1818},"geometry":{"type":"LineString","coordinates":[[2.03218,42.62793],[2.03206,42.62793],[2.03201,42.62787],[2.03208,42.62777],[2.03276,42.62755],[2.03353,42.62743],[2.03405,42.62733],[2.03462,42.62699],[2.03484,42.62695],[2.03545,42.62683],[2.03578,42.62672],[2.0364,42.62647],[2.03676,42.62631],[2.03731,42.62626],[2.03799,42.62623],[2.03871,42.62635],[2.03958,42.62653],[2.04033,42.62664],[2.04098,42.62665],[2.04137,42.62667],[2.0416,42.62675],[2.04205,42.62682],[2.04222,42.62696],[2.04249,42.62731],[2.04272,42.6275],[2.04324,42.62775],[2.0435,42.62783],[2.04379,42.62782],[2.04401,42.62776],[2.04447,42.62757],[2.04474,42.62739],[2.04536,42.62719],[2.04598,42.62699],[2.04612,42.62685],[2.04623,42.62664],[2.04647,42.62632],[2.04675,42.62606],[2.04696,42.62588],[2.04729,42.62576],[2.04756,42.62577],[2.04837,42.62584],[2.04873,42.62583],[2.04892,42.62575],[2.04905,42.62564],[2.04929,42.62547],[2.04969,42.62531],[2.05034,42.62517],[2.05071,42.62512],[2.05089,42.62512],[2.05103,42.62512],[2.05131,42.62511]]}},
{"type":"Feature","id":"way/87968315","properties":{"station_id":"formigueres","osm_id":87968315,"feature":"piste","kind":"intermediate","name":"L'Aigle","length_m":642},"geometry":{"type":"LineString","coordinates":[[2.03405,42.62733],[2.03477,42.62734],[2.0356,42.62732],[2.03614,42.62727],[2.03643,42.62721],[2.03672,42.62726],[2.03698,42.62741],[2.03752,42.62789],[2.03799,42.62819],[2.03838,42.62852],[2.03865,42.62875],[2.03908,42.62897],[2.03958,42.62917],[2.04002,42.62924],[2.04036,42.62932],[2.04061,42.62959]]}},
{"type":"Feature","id":"way/87968317","properties":{"station_id":"formigueres","osm_id":87968317,"feature":"piste","kind":"intermediate","name":"Le Bac","length_m":1125},"geometry":{"type":"LineString","coordinates":[[2.05983,42.61747],[2.05988,42.61737],[2.06,42.61732],[2.06013,42.61729],[2.0603,42.6173],[2.06048,42.61734],[2.06304,42.61821],[2.06768,42.6206],[2.06887,42.62112],[2.06908,42.62125],[2.06931,42.62147],[2.06973,42.62196],[2.07012,42.62234],[2.07024,42.62255],[2.0703,42.62267],[2.0703,42.62276],[2.07029,42.6228],[2.07025,42.62281],[2.0702,42.62282],[2.07011,42.6228],[2.06999,42.62271]]}},
{"type":"Feature","id":"way/87968321","properties":{"station_id":"formigueres","osm_id":87968321,"feature":"piste","kind":"advanced","name":"Le Lièvre","length_m":441},"geometry":{"type":"LineString","coordinates":[[2.05088,42.6256],[2.05092,42.62599],[2.05096,42.62631],[2.05114,42.62659],[2.05169,42.62725],[2.05179,42.6274],[2.05179,42.62757],[2.05185,42.62777],[2.05193,42.62799],[2.05197,42.62823],[2.0519,42.62897],[2.05182,42.62922],[2.05175,42.62937]]}},
{"type":"Feature","id":"way/87968328","properties":{"station_id":"formigueres","osm_id":87968328,"feature":"piste","kind":"intermediate","name":"Le Grand Tétras","length_m":562},"geometry":{"type":"LineString","coordinates":[[2.0597,42.61771],[2.06032,42.61808],[2.06071,42.61835],[2.061,42.61871],[2.06132,42.61916],[2.0618,42.62002],[2.0622,42.6208],[2.06243,42.62147],[2.06263,42.62215]]}},
{"type":"Feature","id":"way/87968330","properties":{"station_id":"formigueres","osm_id":87968330,"feature":"piste","kind":"intermediate","name":"Les Lacs","length_m":1604},"geometry":{"type":"LineString","coordinates":[[2.03206,42.62793],[2.03208,42.62798],[2.03215,42.62804],[2.03232,42.62808],[2.03261,42.62799],[2.0328,42.62787],[2.03297,42.62777],[2.03323,42.62774],[2.03345,42.62779],[2.03369,42.62793],[2.03417,42.6282],[2.03465,42.6285],[2.03489,42.62859],[2.03545,42.62873],[2.03575,42.62884],[2.03591,42.62903],[2.03613,42.62923],[2.03638,42.62933],[2.03666,42.62939],[2.03686,42.62939],[2.03717,42.62943],[2.03742,42.62949],[2.03803,42.62971],[2.03865,42.62989],[2.03911,42.62997],[2.03942,42.62996],[2.03963,42.6299],[2.03985,42.6298],[2.03999,42.62967],[2.04019,42.6296],[2.04061,42.62959],[2.04139,42.6297],[2.04191,42.62971],[2.04226,42.62965],[2.04264,42.6295],[2.04304,42.62936],[2.04338,42.62921],[2.04364,42.62913],[2.04383,42.62912],[2.04419,42.62915],[2.04457,42.6292],[2.04496,42.62924],[2.0453,42.62926],[2.04554,42.62925],[2.04593,42.62932],[2.04636,42.62938],[2.04673,42.62941],[2.047,42.6294],[2.0473,42.62941],[2.04748,42.62943],[2.0477,42.62952],[2.04793,42.62966],[2.04824,42.62981],[2.04863,42.62987],[2.04901,42.6299],[2.0493,42.62987],[2.04989,42.62967]]}},
{"type":"Feature","id":"way/87968338","properties":{"station_id":"formigueres","osm_id":87968338,"feature":"piste","kind":"intermediate","name":"L'Ours","length_m":270},"geometry":{"type":"LineString","coordinates":[[2.04106,42.62755],[2.04158,42.62776],[2.04195,42.62802],[2.0421,42.62829],[2.04216,42.62855],[2.04216,42.62895],[2.04225,42.62915],[2.04248,42.62935],[2.04264,42.6295]]}},
{"type":"Feature","id":"way/87968346","properties":{"station_id":"formigueres","osm_id":87968346,"feature":"piste","kind":"easy","name":"Le Faon","length_m":1827},"geometry":{"type":"LineString","coordinates":[[2.05175,42.62937],[2.0518,42.62939],[2.05187,42.62939],[2.05193,42.62938],[2.05204,42.62933],[2.05244,42.62908],[2.05358,42.62854],[2.05422,42.62826],[2.05505,42.62799],[2.05603,42.62779],[2.05725,42.62746],[2.05871,42.62709],[2.05924,42.627],[2.05981,42.62697],[2.06094,42.62697],[2.0614,42.62693],[2.06182,42.62682],[2.06264,42.62642],[2.06302,42.6263],[2.06345,42.62624],[2.06382,42.62604],[2.06426,42.62604],[2.06537,42.62624],[2.06633,42.62638],[2.06694,42.62641],[2.06763,42.62636],[2.06793,42.62625],[2.06832,42.62585],[2.06853,42.62558],[2.06867,42.62522],[2.06867,42.62498],[2.06844,42.62472],[2.06821,42.6245],[2.06785,42.62433],[2.06763,42.62421],[2.06756,42.62407],[2.06755,42.62393],[2.06752,42.62364],[2.06757,42.62345],[2.06762,42.62335],[2.0677,42.62326],[2.06784,42.62315]]}},
{"type":"Feature","id":"way/87968352","properties":{"station_id":"formigueres","osm_id":87968352,"feature":"piste","kind":"easy","name":"Les Papillons","length_m":932},"geometry":{"type":"LineString","coordinates":[[2.05131,42.62511],[2.05088,42.6256],[2.05042,42.62595],[2.04955,42.6266],[2.0488,42.62694],[2.04833,42.62721],[2.04815,42.62735],[2.04813,42.62743],[2.04815,42.62748],[2.04819,42.62751],[2.04833,42.62751],[2.04849,42.62749],[2.04877,42.62748],[2.04905,42.6275],[2.04937,42.62758],[2.04984,42.62778],[2.04996,42.62795],[2.04994,42.62815],[2.04955,42.62874],[2.04944,42.62901],[2.04937,42.62921],[2.04938,42.62938],[2.04944,42.62953],[2.0496,42.6296],[2.04989,42.62967],[2.0503,42.62965],[2.05068,42.62962],[2.051,42.62959],[2.05124,42.62956],[2.05145,42.62952],[2.05159,42.62948],[2.0517,42.62943],[2.05175,42.62937]]}},
{"type":"Feature","id":"way/87968361","properties":{"station_id":"formigueres","osm_id":87968361,"feature":"piste","kind":"intermediate","name":"Les Crêtes","length_m":750},"geometry":{"type":"LineString","coordinates":[[2.05515,42.62424],[2.05561,42.62438],[2.0564,42.62465],[2.05741,42.62487],[2.05829,42.62502],[2.05932,42.62538],[2.05969,42.62537],[2.06011,42.62529],[2.06049,42.62532],[2.06123,42.62546],[2.06197,42.62552],[2.06255,42.62559],[2.06303,42.62577],[2.06337,42.62593],[2.06382,42.62604]]}},
{"type":"Feature","id":"way/87968365","properties":{"station_id":"formigueres","osm_id":87968365,"feature":"piste","kind":"easy","name":"La Panoramique","length_m":694},"geometry":{"type":"LineString","coordinates":[[2.05302,42.62454],[2.05341,42.62469],[2.05403,42.62516],[2.05437,42.62531],[2.05459,42.62534],[2.05488,42.62524],[2.05521,42.6251],[2.0557,42.62501],[2.05601,42.62493],[2.05622,42.62483],[2.0564,42.62465],[2.05648,42.62443],[2.05648,42.62409],[2.05625,42.62376],[2.05602,42.6233],[2.05573,42.62284],[2.05551,42.62249],[2.05529,42.62207],[2.05519,42.62158]]}},
{"type":"Feature","id":"way/87968372","properties":{"station_id":"formigueres","osm_id":87968372,"feature":"piste","kind":"intermediate","name":"Couillade Bas","length_m":566},"geometry":{"type":"LineString","coordinates":[[2.05776,42.6203],[2.05811,42.62036],[2.05878,42.62044],[2.05923,42.62046],[2.05949,42.62049],[2.05963,42.62053],[2.05983,42.62068],[2.06013,42.62105],[2.06026,42.62126],[2.06044,42.62142],[2.06068,42.62156],[2.06129,42.62169],[2.06194,42.62191],[2.06226,42.62203],[2.06263,42.62215],[2.06268,42.62242],[2.06274,42.62272],[2.06291,42.62294]]}},
{"type":"Feature","id":"way/87968387","properties":{"station_id":"formigueres","osm_id":87968387,"feature":"piste","kind":"intermediate","name":"Le Renard","length_m":358},"geometry":{"type":"LineString","coordinates":[[2.04447,42.62757],[2.04492,42.62771],[2.04533,42.62779],[2.04559,42.62788],[2.04585,42.62801],[2.04611,42.62815],[2.04637,42.62827],[2.04662,42.62832],[2.04679,42.62843],[2.04697,42.62858],[2.04724,42.62887],[2.04743,42.62916],[2.04755,42.62933],[2.0477,42.62952]]}},
{"type":"Feature","id":"way/87968390","properties":{"station_id":"formigueres","osm_id":87968390,"feature":"piste","kind":"novice","name":"La Jasse","length_m":629},"geometry":{"type":"LineString","coordinates":[[2.06263,42.62215],[2.06287,42.62229],[2.06334,42.62254],[2.0639,42.62291],[2.06424,42.62303],[2.0645,42.62317],[2.06468,42.62325],[2.0649,42.62326],[2.06561,42.6232],[2.06621,42.62316],[2.06724,42.62297],[2.06804,42.62295],[2.06865,42.62295],[2.06876,42.62297],[2.06899,42.62301],[2.06913,42.62308],[2.06915,42.6232],[2.06913,42.62323],[2.06901,42.62325],[2.06873,42.62324]]}},
{"type":"Feature","id":"way/87968391","properties":{"station_id":"formigueres","osm_id":87968391,"feature":"piste","kind":"easy","name":"Les Marmottes","length_m":498},"geometry":{"type":"LineString","coordinates":[[2.03731,42.62626],[2.03748,42.62635],[2.03757,42.62649],[2.03772,42.62665],[2.03796,42.62675],[2.03821,42.62679],[2.03882,42.62683],[2.03921,42.62689],[2.03969,42.62704],[2.04015,42.62724],[2.04106,42.62755],[2.04132,42.62751],[2.04158,42.62738],[2.04183,42.6273],[2.04204,42.62729],[2.04231,42.62735],[2.04272,42.6275]]}},
{"type":"Feature","id":"way/87968396","properties":{"station_id":"formigueres","osm_id":87968396,"feature":"piste","kind":"novice","name":"La Panoramique","length_m":2144},"geometry":{"type":"LineString","coordinates":[[2.05131,42.62511],[2.05167,42.6251],[2.05194,42.62508],[2.05206,42.62506],[2.05209,42.62505],[2.05212,42.62503],[2.05238,42.62483],[2.05272,42.62466],[2.05302,42.62454],[2.05376,42.62443],[2.05418,42.62433],[2.05476,42.62425],[2.05515,42.62424],[2.05532,42.62418],[2.05539,42.62406],[2.0554,42.6239],[2.05522,42.62299],[2.05514,42.6223],[2.05514,42.62198],[2.05519,42.62158],[2.05586,42.62113],[2.05695,42.62062],[2.05776,42.6203],[2.05779,42.6212],[2.05777,42.62148],[2.05772,42.62166],[2.05761,42.62192],[2.05757,42.62208],[2.05757,42.62221],[2.05765,42.62229],[2.0578,42.62235],[2.05812,42.62238],[2.05867,42.62233],[2.05955,42.6222],[2.05994,42.62221],[2.06053,42.62231],[2.06148,42.62255],[2.06234,42.62281],[2.06291,42.62294],[2.06316,42.62301],[2.0634,42.62314],[2.06355,42.62335],[2.0638,42.62362],[2.06408,42.62377],[2.06451,42.6238],[2.06594,42.62365],[2.06652,42.62357],[2.0673,42.62336],[2.0676,42.62322],[2.06784,42.62315],[2.06819,42.62308],[2.06876,42.62297],[2.06915,42.62284]]}},
{"type":"Feature","id":"way/204514287","properties":{"station_id":"formigueres","osm_id":204514287,"feature":"piste","kind":"novice","name":"Grand Tétras","length_m":2274},"geometry":{"type":"LineString","coordinates":[[2.05946,42.6583],[2.05954,42.65805],[2.05988,42.65768],[2.06028,42.6573],[2.06076,42.65716],[2.06142,42.65699],[2.0621,42.65695],[2.06293,42.65722],[2.06344,42.65729],[2.06399,42.65724],[2.0646,42.65717],[2.06511,42.65697],[2.06566,42.65679],[2.06616,42.65671],[2.0667,42.65669],[2.06692,42.6566],[2.06704,42.65645],[2.06699,42.65625],[2.06675,42.65602],[2.06674,42.65585],[2.06692,42.65576],[2.06742,42.6556],[2.06788,42.65525],[2.06837,42.65472],[2.06864,42.65433],[2.06875,42.65406],[2.06875,42.65381],[2.06855,42.6536],[2.06796,42.65309],[2.06765,42.65271],[2.06767,42.65254],[2.06794,42.65204],[2.06827,42.65176],[2.06849,42.65162],[2.06872,42.65133],[2.06891,42.65095],[2.06923,42.65075],[2.06977,42.6505],[2.07031,42.65035],[2.07081,42.65035],[2.07138,42.65047],[2.07191,42.65047],[2.0726,42.65038],[2.07351,42.65011],[2.07466,42.64993],[2.07527,42.64979],[2.07557,42.64951],[2.07597,42.64908],[2.0763,42.649],[2.07671,42.64904],[2.07686,42.64907],[2.07719,42.64911],[2.07726,42.64912],[2.07733,42.64911],[2.0774,42.6491],[2.07744,42.64908],[2.07746,42.64905],[2.07747,42.64902],[2.07748,42.649],[2.07747,42.64897],[2.07745,42.64896],[2.07743,42.64895],[2.07739,42.64894],[2.07736,42.64894],[2.07727,42.64895]]}},
{"type":"Feature","id":"way/1037839842","properties":{"station_id":"formigueres","osm_id":1037839842,"feature":"piste","kind":null,"name":null,"length_m":42},"geometry":{"type":"LineString","coordinates":[[2.07831,42.64805],[2.07812,42.6482],[2.07805,42.64837]]}},
{"type":"Feature","id":"way/1037839843","properties":{"station_id":"formigueres","osm_id":1037839843,"feature":"piste","kind":null,"name":null,"length_m":49},"geometry":{"type":"LineString","coordinates":[[2.07756,42.64845],[2.0777,42.64849],[2.07803,42.64871]]}},
{"type":"Feature","id":"way/1037839845","properties":{"station_id":"formigueres","osm_id":1037839845,"feature":"piste","kind":"novice","name":null,"length_m":73},"geometry":{"type":"LineString","coordinates":[[2.07708,42.64938],[2.07717,42.64938],[2.07732,42.64943],[2.07745,42.6495],[2.07763,42.64961],[2.07771,42.64969],[2.07772,42.64977]]}},
{"type":"Feature","id":"way/1037839846","properties":{"station_id":"formigueres","osm_id":1037839846,"feature":"piste","kind":null,"name":null,"length_m":93},"geometry":{"type":"LineString","coordinates":[[2.07708,42.64938],[2.07706,42.64947],[2.07705,42.64956],[2.07709,42.64963],[2.07713,42.64964],[2.07717,42.64961],[2.07727,42.64958],[2.07731,42.64961],[2.07733,42.64966],[2.07736,42.64972],[2.07743,42.64974],[2.07772,42.64977]]}},
{"type":"Feature","id":"way/1037839847","properties":{"station_id":"formigueres","osm_id":1037839847,"feature":"piste","kind":null,"name":null,"length_m":26},"geometry":{"type":"LineString","coordinates":[[2.07801,42.6485],[2.07795,42.64861],[2.07803,42.64871]]}},
{"type":"Feature","id":"way/1037839849","properties":{"station_id":"formigueres","osm_id":1037839849,"feature":"piste","kind":"intermediate","name":"Crêtes","length_m":502},"geometry":{"type":"LineString","coordinates":[[2.07172,42.6488],[2.07185,42.64872],[2.07204,42.6487],[2.07234,42.64877],[2.07301,42.649],[2.07344,42.64912],[2.07377,42.6492],[2.07413,42.64923],[2.07442,42.64917],[2.07476,42.64906],[2.07513,42.64904],[2.07571,42.64905],[2.07597,42.64908],[2.07643,42.64915],[2.07703,42.6492],[2.07709,42.64921],[2.07712,42.64922],[2.07713,42.64924],[2.07713,42.64926],[2.07711,42.64928],[2.07709,42.64929],[2.07707,42.64929],[2.07702,42.64928],[2.07697,42.64928],[2.07671,42.64927]]}},
{"type":"Feature","id":"way/1037839851","properties":{"station_id":"formigueres","osm_id":1037839851,"feature":"piste","kind":null,"name":null,"length_m":14},"geometry":{"type":"LineString","coordinates":[[2.05887,42.65141],[2.05878,42.65138],[2.05876,42.65137],[2.05871,42.65138]]}},
{"type":"Feature","id":"way/1096333023","properties":{"station_id":"formigueres","osm_id":1096333023,"feature":"piste","kind":"novice","name":"Chapelle","length_m":445},"geometry":{"type":"LineString","coordinates":[[2.06456,42.6225],[2.06451,42.62256],[2.06449,42.62266],[2.06452,42.62272],[2.06458,42.62279],[2.06466,42.62284],[2.06478,42.62285],[2.06499,42.62283],[2.06515,42.62281],[2.06562,42.62279],[2.06724,42.62297],[2.06804,42.62295],[2.06887,42.62289],[2.06915,42.62284],[2.06921,42.6228],[2.06924,42.62271],[2.06923,42.62263],[2.06919,42.6226]]}},
{"type":"Feature","id":"way/1096333024","properties":{"station_id":"formigueres","osm_id":1096333024,"feature":"piste","kind":"intermediate","name":null,"length_m":15},"geometry":{"type":"LineString","coordinates":[[2.07011,42.6228],[2.06995,42.62274]]}},
{"type":"Feature","id":"way/1096333028","properties":{"station_id":"formigueres","osm_id":1096333028,"feature":"piste","kind":"novice","name":null,"length_m":107},"geometry":{"type":"LineString","coordinates":[[2.06786,42.62345],[2.0678,42.62346],[2.06779,42.62349],[2.06781,42.62352],[2.06793,42.62354],[2.06849,42.62352],[2.06882,42.62347],[2.06885,42.62345],[2.06885,42.62342],[2.06884,42.6234],[2.06881,42.6234]]}},
{"type":"Feature","id":"way/1096333030","properties":{"station_id":"formigueres","osm_id":1096333030,"feature":"piste","kind":"easy","name":null,"length_m":6},"geometry":{"type":"LineString","coordinates":[[2.05979,42.61751],[2.05983,42.61747]]}},
{"type":"Feature","id":"way/1096333032","properties":{"station_id":"formigueres","osm_id":1096333032,"feature":"piste","kind":"easy","name":null,"length_m":22},"geometry":{"type":"LineString","coordinates":[[2.05175,42.62937],[2.05159,42.62933],[2.05155,42.62933],[2.05149,42.62932]]}},
{"type":"Feature","id":"way/1361966700","properties":{"station_id":"formigueres","osm_id":1361966700,"feature":"piste","kind":"novice","name":"Front de neige","length_m":170},"geometry":{"type":"LineString","coordinates":[[2.06915,42.6232],[2.06913,42.62323],[2.06905,42.62328],[2.06885,42.62342],[2.06885,42.62345],[2.06882,42.62347],[2.06885,42.62362],[2.06936,42.62358],[2.06937,42.62344],[2.06952,42.62337],[2.06935,42.62321],[2.06915,42.6232]]}},
{"type":"Feature","id":"way/1361966701","properties":{"station_id":"formigueres","osm_id":1361966701,"feature":"piste","kind":"novice","name":null,"length_m":155},"geometry":{"type":"LineString","coordinates":[[2.06316,42.62301],[2.06345,42.62295],[2.06369,42.62291],[2.0639,42.62291],[2.06434,42.62297],[2.06457,42.62296],[2.06476,42.62292],[2.06499,42.62283]]}},
{"type":"Feature","id":"way/1361966702","properties":{"station_id":"formigueres","osm_id":1361966702,"feature":"piste","kind":"novice","name":null,"length_m":106},"geometry":{"type":"LineString","coordinates":[[2.0634,42.62314],[2.0639,42.62322],[2.06447,42.62326],[2.06468,42.62325]]}},
{"type":"Feature","id":"way/1361966703","properties":{"station_id":"formigueres","osm_id":1361966703,"feature":"piste","kind":"intermediate","name":null,"length_m":124},"geometry":{"type":"LineString","coordinates":[[2.06876,42.62297],[2.06934,42.62298],[2.06984,42.62297],[2.07003,42.62295],[2.07009,42.62292],[2.07013,42.62286],[2.07011,42.6228]]}},
{"type":"Feature","id":"way/1361966705","properties":{"station_id":"formigueres","osm_id":1361966705,"feature":"piste","kind":"easy","name":"Couillade Haut","length_m":378},"geometry":{"type":"LineString","coordinates":[[2.05979,42.61751],[2.05976,42.61755],[2.05973,42.61761],[2.0597,42.61771],[2.05957,42.61783],[2.05943,42.61793],[2.05927,42.61805],[2.05857,42.61838],[2.05826,42.61878],[2.05781,42.61926],[2.05764,42.61959],[2.05765,42.61992],[2.05776,42.6203]]}},
{"type":"Feature","id":"way/1361966706","properties":{"station_id":"formigueres","osm_id":1361966706,"feature":"piste","kind":"easy","name":null,"length_m":24},"geometry":{"type":"LineString","coordinates":[[2.05153,42.62497],[2.05131,42.62511]]}},
{"type":"Feature","id":"way/1361966707","properties":{"station_id":"formigueres","osm_id":1361966707,"feature":"piste","kind":"novice","name":null,"length_m":44},"geometry":{"type":"LineString","coordinates":[[2.0518,42.62491],[2.05158,42.62493],[2.05153,42.62497],[2.05153,42.62502],[2.05156,42.62505],[2.05167,42.6251]]}},
{"type":"Feature","id":"way/1361966710","properties":{"station_id":"formigueres","osm_id":1361966710,"feature":"piste","kind":"easy","name":"La Serre de Maury","length_m":378},"geometry":{"type":"LineString","coordinates":[[2.05302,42.62454],[2.05339,42.62429],[2.0536,42.62395],[2.05443,42.62278],[2.05476,42.62204],[2.05519,42.62158]]}},
{"type":"Feature","id":"way/1361966711","properties":{"station_id":"formigueres","osm_id":1361966711,"feature":"piste","kind":"intermediate","name":"Entraînement","length_m":384},"geometry":{"type":"LineString","coordinates":[[2.05932,42.62538],[2.05993,42.62567],[2.06066,42.62584],[2.06133,42.626],[2.06177,42.62607],[2.06224,42.62609],[2.06296,42.62607],[2.06382,42.62604]]}},
{"type":"Feature","id":"way/1361966713","properties":{"station_id":"formigueres","osm_id":1361966713,"feature":"piste","kind":"intermediate","name":"Boarder cross","length_m":504},"geometry":{"type":"LineString","coordinates":[[2.03578,42.62672],[2.03611,42.62686],[2.03622,42.62689],[2.03646,42.6269],[2.0367,42.62687],[2.03681,42.62684],[2.03712,42.62671],[2.03723,42.62669],[2.03735,42.62669],[2.03746,42.62672],[2.0376,42.62686],[2.03769,42.62692],[2.0378,42.62695],[2.03792,42.62696],[2.03815,42.62702],[2.03824,42.62708],[2.03832,42.62714],[2.03839,42.62721],[2.03857,42.62732],[2.03868,42.62735],[2.03882,42.62749],[2.03887,42.62758],[2.03888,42.62767],[2.03896,42.62774],[2.03906,42.62779],[2.03917,42.62781],[2.03929,42.62782],[2.0394,42.6278],[2.03962,42.62773],[2.03985,42.62769],[2.04029,42.62771],[2.04042,42.6277],[2.04053,42.62767],[2.04077,42.6276],[2.04106,42.62755]]}},
{"type":"Feature","id":"way/156041281","properties":{"station_id":"gourette","osm_id":156041281,"feature":"lift","kind":"chair_lift","name":"Sarrière","length_m":1323},"geometry":{"type":"LineString","coordinates":[[-0.33331,42.9495],[-0.33294,42.94893],[-0.33256,42.94835],[-0.3322,42.9478],[-0.33164,42.94694],[-0.3311,42.94611],[-0.33053,42.94523],[-0.33003,42.94447],[-0.32934,42.94344],[-0.32873,42.94244],[-0.32829,42.94179],[-0.32737,42.94036],[-0.3266,42.93919],[-0.32644,42.93895],[-0.32631,42.93876]]}},
{"type":"Feature","id":"way/197483307","properties":{"station_id":"gourette","osm_id":197483307,"feature":"lift","kind":"chair_lift","name":"Plaa Ségouné","length_m":1748},"geometry":{"type":"LineString","coordinates":[[-0.33511,42.95142],[-0.33522,42.95122],[-0.33549,42.95071],[-0.33563,42.95044],[-0.33608,42.94958],[-0.33646,42.94888],[-0.33704,42.94777],[-0.33781,42.94631],[-0.33835,42.9453],[-0.33861,42.9448],[-0.33928,42.94353],[-0.33968,42.94277],[-0.34051,42.94119],[-0.34114,42.94],[-0.34174,42.93888],[-0.34244,42.93755],[-0.3427,42.93705],[-0.34278,42.9369],[-0.34285,42.93676]]}},
{"type":"Feature","id":"way/197589741","properties":{"station_id":"gourette","osm_id":197589741,"feature":"lift","kind":"gondola","name":"Ley","length_m":545},"geometry":{"type":"LineString","coordinates":[[-0.33842,42.9616],[-0.33619,42.95932],[-0.33564,42.95877],[-0.33469,42.9578],[-0.33452,42.95762]]}},
{"type":"Feature","id":"way/197595790","properties":{"station_id":"gourette","osm_id":197595790,"feature":"lift","kind":"gondola","name":"Bézou","length_m":793},"geometry":{"type":"LineString","coordinates":[[-0.33416,42.95741],[-0.33426,42.95727],[-0.33431,42.95719],[-0.33451,42.95689],[-0.33477,42.95651],[-0.33551,42.9554],[-0.33612,42.9545],[-0.33712,42.95299],[-0.33746,42.9525],[-0.33789,42.95185],[-0.3383,42.95123],[-0.33845,42.95101]]}},
{"type":"Feature","id":"way/197595792","properties":{"station_id":"gourette","osm_id":197595792,"feature":"lift","kind":"chair_lift","name":"Pitchounes","length_m":510},"geometry":{"type":"LineString","coordinates":[[-0.34144,42.95157],[-0.34104,42.95086],[-0.34059,42.9501],[-0.33992,42.94892],[-0.3391,42.9475],[-0.33901,42.94734]]}},
{"type":"Feature","id":"way/197595793","properties":{"station_id":"gourette","osm_id":197595793,"feature":"lift","kind":"chair_lift","name":"Anglas","length_m":1088},"geometry":{"type":"LineString","coordinates":[[-0.34382,42.93673],[-0.34359,42.93639],[-0.34306,42.93563],[-0.34249,42.9348],[-0.34161,42.93352],[-0.34153,42.93341],[-0.3409,42.93251],[-0.34082,42.93239],[-0.34055,42.932],[-0.34026,42.93158],[-0.34004,42.93126],[-0.33976,42.93085],[-0.3392,42.93004],[-0.33915,42.92996],[-0.33887,42.92956],[-0.33874,42.92937],[-0.33797,42.92826],[-0.33791,42.92817],[-0.33779,42.928]]}},
{"type":"Feature","id":"way/197595849","properties":{"station_id":"gourette","osm_id":197595849,"feature":"lift","kind":"magic_carpet","name":"Lièvre","length_m":76},"geometry":{"type":"LineString","coordinates":[[-0.33819,42.95027],[-0.3383,42.94959]]}},
{"type":"Feature","id":"way/263564494","properties":{"station_id":"gourette","osm_id":263564494,"feature":"lift","kind":"drag_lift","name":"Cinto","length_m":394},"geometry":{"type":"LineString","coordinates":[[-0.32794,42.94069],[-0.32826,42.9403],[-0.3285,42.93996],[-0.32904,42.9392],[-0.32936,42.93876],[-0.32974,42.93823],[-0.33014,42.93767],[-0.33022,42.93756]]}},
{"type":"Feature","id":"way/1014883732","properties":{"station_id":"gourette","osm_id":1014883732,"feature":"lift","kind":"zip_line","name":"Tyrolienne","length_m":166},"geometry":{"type":"LineString","coordinates":[[-0.32627,42.95524],[-0.3266,42.95671]]}},
{"type":"Feature","id":"way/1038025282","properties":{"station_id":"gourette","osm_id":1038025282,"feature":"lift","kind":"magic_carpet","name":"Tetras","length_m":127},"geometry":{"type":"LineString","coordinates":[[-0.34029,42.95115],[-0.33912,42.9504]]}},
{"type":"Feature","id":"way/1124637571","properties":{"station_id":"gourette","osm_id":1124637571,"feature":"lift","kind":"chair_lift","name":"Les Bosses","length_m":891},"geometry":{"type":"LineString","coordinates":[[-0.33442,42.95242],[-0.33448,42.95228],[-0.33466,42.95192],[-0.33502,42.95117],[-0.33541,42.95035],[-0.33595,42.94922],[-0.33659,42.94789],[-0.33685,42.94734],[-0.33738,42.94625],[-0.33788,42.94519],[-0.33804,42.94486]]}},
{"type":"Feature","id":"way/1277840856","properties":{"station_id":"gourette","osm_id":1277840856,"feature":"lift","kind":"gondola","name":"Cotch","length_m":746},"geometry":{"type":"LineString","coordinates":[[-0.33182,42.95664],[-0.33173,42.95644],[-0.33166,42.95626],[-0.33135,42.95555],[-0.33016,42.95252],[-0.32975,42.95145],[-0.32937,42.95048],[-0.32926,42.9502]]}},
{"type":"Feature","id":"way/1347330731","properties":{"station_id":"gourette","osm_id":1347330731,"feature":"lift","kind":"magic_carpet","name":null,"length_m":35},"geometry":{"type":"LineString","coordinates":[[-0.33138,42.95667],[-0.33124,42.95637]]}},
{"type":"Feature","id":"way/197595799","properties":{"station_id":"gourette","osm_id":197595799,"feature":"piste","kind":"intermediate","name":"Pène Medaa","length_m":275},"geometry":{"type":"LineString","coordinates":[[-0.34435,42.93674],[-0.34405,42.9371],[-0.34375,42.93731],[-0.34334,42.93754],[-0.34282,42.9378],[-0.34201,42.93798],[-0.34165,42.93809]]}},
{"type":"Feature","id":"way/197595823","properties":{"station_id":"gourette","osm_id":197595823,"feature":"piste","kind":"easy","name":"Los Biroulets","length_m":591},"geometry":{"type":"LineString","coordinates":[[-0.33797,42.94446],[-0.33818,42.94455],[-0.33834,42.94458],[-0.33844,42.94463],[-0.33847,42.94472],[-0.33847,42.94487],[-0.33847,42.94503],[-0.33845,42.94512],[-0.33837,42.94522],[-0.33826,42.9453],[-0.3381,42.94537],[-0.33793,42.94542],[-0.33767,42.94546],[-0.33747,42.94555],[-0.33735,42.94562],[-0.3373,42.94568],[-0.3373,42.94574],[-0.33732,42.94576],[-0.33738,42.94579],[-0.33793,42.94589],[-0.33804,42.94591],[-0.33826,42.94596],[-0.33833,42.94599],[-0.33836,42.94603],[-0.33836,42.94608],[-0.33829,42.94616],[-0.33804,42.94629],[-0.33783,42.94641],[-0.33752,42.94656],[-0.33731,42.94673],[-0.33714,42.9469],[-0.33711,42.94697],[-0.33714,42.94702],[-0.3372,42.94705],[-0.33726,42.94704],[-0.33734,42.947],[-0.33743,42.94692],[-0.33757,42.94684],[-0.33772,42.9468],[-0.33787,42.94676],[-0.33815,42.94671],[-0.33829,42.9467],[-0.33836,42.94673],[-0.33839,42.94679]]}},
{"type":"Feature","id":"way/264336725","properties":{"station_id":"gourette","osm_id":264336725,"feature":"piste","kind":"intermediate","name":"Les Myrtilles","length_m":245},"geometry":{"type":"LineString","coordinates":[[-0.33498,42.95314],[-0.33477,42.95378],[-0.33467,42.95426],[-0.33472,42.95477],[-0.33474,42.95532]]}},
{"type":"Feature","id":"way/297579476","properties":{"station_id":"gourette","osm_id":297579476,"feature":"piste","kind":"easy","name":"L'abreuvoir","length_m":503},"geometry":{"type":"LineString","coordinates":[[-0.33901,42.94424],[-0.3392,42.94418],[-0.33932,42.9442],[-0.33941,42.94434],[-0.33962,42.9447],[-0.33989,42.94495],[-0.3402,42.94522],[-0.34021,42.94569],[-0.34033,42.94605],[-0.3403,42.94684],[-0.34013,42.94729],[-0.33988,42.94764],[-0.33958,42.94817]]}},
{"type":"Feature","id":"way/297579477","properties":{"station_id":"gourette","osm_id":297579477,"feature":"piste","kind":"easy","name":"La Préhistoire","length_m":519},"geometry":{"type":"LineString","coordinates":[[-0.32685,42.9405],[-0.32754,42.94086],[-0.32876,42.94129],[-0.32992,42.94216],[-0.33018,42.94235],[-0.33032,42.94266],[-0.3304,42.94315],[-0.33033,42.9435],[-0.33021,42.94372],[-0.33012,42.94387]]}},
{"type":"Feature","id":"way/297579478","properties":{"station_id":"gourette","osm_id":297579478,"feature":"piste","kind":"easy","name":"Le Serpentin","length_m":1079},"geometry":{"type":"LineString","coordinates":[[-0.33813,42.95068],[-0.33792,42.95116],[-0.33801,42.95145],[-0.33818,42.95166],[-0.33861,42.95187],[-0.3387,42.95199],[-0.33868,42.95226],[-0.33863,42.95242],[-0.33872,42.95251],[-0.33877,42.95263],[-0.33875,42.95271],[-0.33845,42.95282],[-0.33816,42.95298],[-0.3379,42.95316],[-0.3377,42.95325],[-0.33764,42.9533],[-0.33766,42.95336],[-0.33768,42.95341],[-0.33774,42.95346],[-0.33783,42.95349],[-0.33799,42.9535],[-0.33832,42.9535],[-0.33852,42.95361],[-0.33868,42.95374],[-0.33877,42.95396],[-0.3387,42.9542],[-0.33814,42.95442],[-0.33778,42.95451],[-0.3373,42.95453],[-0.33698,42.95445],[-0.33665,42.95445],[-0.3366,42.95459],[-0.33665,42.95472],[-0.3367,42.95486],[-0.33669,42.95499],[-0.33614,42.95521],[-0.33553,42.95551],[-0.33504,42.95588],[-0.33472,42.95632],[-0.33433,42.95656],[-0.33377,42.9566]]}},
{"type":"Feature","id":"way/297579479","properties":{"station_id":"gourette","osm_id":297579479,"feature":"piste","kind":"easy","name":"Les Pitchouns","length_m":492},"geometry":{"type":"LineString","coordinates":[[-0.33901,42.94734],[-0.33899,42.94731],[-0.33894,42.94728],[-0.33887,42.94727],[-0.33868,42.9473],[-0.33854,42.94743],[-0.33845,42.94765],[-0.33831,42.94821],[-0.33832,42.9488],[-0.3383,42.9491],[-0.33751,42.94953],[-0.3373,42.94976],[-0.33715,42.94996],[-0.33717,42.95008],[-0.33729,42.95025],[-0.33765,42.9505],[-0.33813,42.95068]]}},
{"type":"Feature","id":"way/297579480","properties":{"station_id":"gourette","osm_id":297579480,"feature":"piste","kind":"intermediate","name":"Pène Blanque","length_m":1703},"geometry":{"type":"LineString","coordinates":[[-0.33779,42.928],[-0.33776,42.92795],[-0.33759,42.92803],[-0.33748,42.92812],[-0.3374,42.92827],[-0.3373,42.92861],[-0.33738,42.92874],[-0.33755,42.92886],[-0.33803,42.92892],[-0.33835,42.92893],[-0.33891,42.9288],[-0.33942,42.92874],[-0.33971,42.92885],[-0.34051,42.92931],[-0.34138,42.92994],[-0.34182,42.93021],[-0.34201,42.93036],[-0.34217,42.93053],[-0.34227,42.93075],[-0.34248,42.93079],[-0.34288,42.93076],[-0.3433,42.93075],[-0.34365,42.93078],[-0.34386,42.93091],[-0.34396,42.93116],[-0.34376,42.93152],[-0.34315,42.93168],[-0.34281,42.93168],[-0.34241,42.93171],[-0.3419,42.93206],[-0.34147,42.93244],[-0.34138,42.93255],[-0.34131,42.93266],[-0.34126,42.93276],[-0.34122,42.93284],[-0.34119,42.93294],[-0.34131,42.93307],[-0.34143,42.93311],[-0.34182,42.93307],[-0.34221,42.93306],[-0.34275,42.93317],[-0.34258,42.93346],[-0.34232,42.93398],[-0.34219,42.93454],[-0.34268,42.935],[-0.34319,42.93542],[-0.34342,42.93563],[-0.34363,42.93586],[-0.34405,42.93637],[-0.34435,42.93674]]}},
{"type":"Feature","id":"way/297579481","properties":{"station_id":"gourette","osm_id":297579481,"feature":"piste","kind":"easy","name":"La Forêt","length_m":625},"geometry":{"type":"LineString","coordinates":[[-0.32911,42.95016],[-0.32898,42.95027],[-0.32892,42.95036],[-0.32892,42.95049],[-0.32894,42.95056],[-0.33051,42.95104],[-0.33148,42.95144],[-0.33201,42.95174],[-0.33284,42.9522],[-0.33334,42.95232],[-0.33366,42.95239],[-0.33413,42.95259],[-0.33498,42.95314]]}},
{"type":"Feature","id":"way/297579482","properties":{"station_id":"gourette","osm_id":297579482,"feature":"piste","kind":"intermediate","name":"Les Bosses","length_m":747},"geometry":{"type":"LineString","coordinates":[[-0.33754,42.94418],[-0.33708,42.94496],[-0.33671,42.94566],[-0.33619,42.94662],[-0.3358,42.9472],[-0.33546,42.94777],[-0.33449,42.94796],[-0.334,42.94812],[-0.33401,42.9489],[-0.33377,42.94979]]}},
{"type":"Feature","id":"way/297579485","properties":{"station_id":"gourette","osm_id":297579485,"feature":"piste","kind":"easy","name":null,"length_m":117},"geometry":{"type":"LineString","coordinates":[[-0.33546,42.94777],[-0.33553,42.94834],[-0.33561,42.94859],[-0.33583,42.94874]]}},
{"type":"Feature","id":"way/297579486","properties":{"station_id":"gourette","osm_id":297579486,"feature":"piste","kind":"intermediate","name":"Cotch","length_m":626},"geometry":{"type":"LineString","coordinates":[[-0.32685,42.9405],[-0.32657,42.94089],[-0.32645,42.94152],[-0.32654,42.94248],[-0.32731,42.94603]]}},
{"type":"Feature","id":"way/297649998","properties":{"station_id":"gourette","osm_id":297649998,"feature":"piste","kind":"advanced","name":"Les Flancs du Ger","length_m":1199},"geometry":{"type":"LineString","coordinates":[[-0.34435,42.93674],[-0.34456,42.9368],[-0.34471,42.93697],[-0.34494,42.93732],[-0.34501,42.93744],[-0.3451,42.93761],[-0.34525,42.93789],[-0.34553,42.93811],[-0.34558,42.93836],[-0.34554,42.93851],[-0.34546,42.93875],[-0.34523,42.93899],[-0.34504,42.93921],[-0.3447,42.93945],[-0.34448,42.93963],[-0.34437,42.93983],[-0.34435,42.94001],[-0.3443,42.9402],[-0.3443,42.94042],[-0.34399,42.94062],[-0.34384,42.94088],[-0.34368,42.94105],[-0.34354,42.94121],[-0.34305,42.94171],[-0.34288,42.94187],[-0.3427,42.94201],[-0.34239,42.94224],[-0.34221,42.94236],[-0.34214,42.94249],[-0.34211,42.9428],[-0.34197,42.94323],[-0.34189,42.94345],[-0.34183,42.94363],[-0.34178,42.94379],[-0.34168,42.944],[-0.34157,42.94424],[-0.34158,42.94439],[-0.34155,42.94457],[-0.34147,42.94478],[-0.34137,42.94495],[-0.34112,42.94519],[-0.3408,42.94553],[-0.34068,42.94571],[-0.34033,42.94605]]}},
{"type":"Feature","id":"way/297649999","properties":{"station_id":"gourette","osm_id":297649999,"feature":"piste","kind":"intermediate","name":"Sarrière","length_m":664},"geometry":{"type":"LineString","coordinates":[[-0.32981,42.94431],[-0.33096,42.94564],[-0.33159,42.94663],[-0.33226,42.94765],[-0.33227,42.948],[-0.33215,42.94826],[-0.33206,42.94858],[-0.33214,42.94898],[-0.33232,42.94931],[-0.33263,42.94971]]}},
{"type":"Feature","id":"way/297650000","properties":{"station_id":"gourette","osm_id":297650000,"feature":"piste","kind":"easy","name":"Pamplona","length_m":93},"geometry":{"type":"LineString","coordinates":[[-0.33672,42.95012],[-0.33634,42.95015],[-0.33614,42.95024],[-0.336,42.95032],[-0.33593,42.95042],[-0.3359,42.95056]]}},
{"type":"Feature","id":"way/297650001","properties":{"station_id":"gourette","osm_id":297650001,"feature":"piste","kind":"easy","name":"Les Rhododendrons","length_m":2339},"geometry":{"type":"LineString","coordinates":[[-0.33012,42.94387],[-0.32987,42.9442],[-0.32978,42.94433],[-0.32965,42.94447],[-0.32926,42.94485],[-0.32909,42.94498],[-0.32858,42.94535],[-0.32816,42.94557],[-0.32752,42.94582],[-0.3274,42.94591],[-0.32731,42.94603],[-0.32777,42.94808],[-0.32808,42.94948],[-0.32858,42.95017],[-0.32876,42.95021],[-0.32894,42.95022],[-0.32911,42.95016],[-0.32922,42.95009],[-0.32928,42.95001],[-0.32937,42.94989],[-0.32949,42.9498],[-0.32974,42.94963],[-0.33008,42.94945],[-0.33049,42.94942],[-0.33104,42.94945],[-0.33169,42.94957],[-0.33263,42.94971],[-0.33301,42.94973],[-0.33377,42.94979],[-0.33404,42.95008],[-0.33452,42.95078],[-0.33465,42.95131],[-0.3346,42.95204],[-0.33471,42.95257],[-0.33498,42.95314],[-0.33516,42.95349],[-0.3353,42.95367],[-0.33554,42.95384],[-0.33588,42.95405],[-0.33611,42.95418],[-0.33624,42.95438],[-0.33629,42.95445],[-0.33628,42.95473],[-0.33586,42.95501],[-0.33474,42.95532],[-0.33392,42.95575],[-0.33215,42.95678],[-0.33192,42.95686],[-0.33181,42.95688],[-0.33166,42.95686]]}},
{"type":"Feature","id":"way/297650002","properties":{"station_id":"gourette","osm_id":297650002,"feature":"piste","kind":"intermediate","name":"Les Crétets","length_m":627},"geometry":{"type":"LineString","coordinates":[[-0.32909,42.94498],[-0.32918,42.94534],[-0.32946,42.94584],[-0.3301,42.94697],[-0.33019,42.94735],[-0.33006,42.9476],[-0.32989,42.94774],[-0.32975,42.94788],[-0.32962,42.94802],[-0.32956,42.94829],[-0.32973,42.94855],[-0.33111,42.9492],[-0.33169,42.94957]]}},
{"type":"Feature","id":"way/297650004","properties":{"station_id":"gourette","osm_id":297650004,"feature":"piste","kind":"easy","name":"Les Muguets","length_m":496},"geometry":{"type":"LineString","coordinates":[[-0.32685,42.9405],[-0.32719,42.9411],[-0.32744,42.94146],[-0.32774,42.94163],[-0.32809,42.94194],[-0.32846,42.94229],[-0.32859,42.9428],[-0.32877,42.94322],[-0.32929,42.94373],[-0.32958,42.94398],[-0.32977,42.94427],[-0.3298,42.9443]]}},
{"type":"Feature","id":"way/297650007","properties":{"station_id":"gourette","osm_id":297650007,"feature":"piste","kind":"easy","name":null,"length_m":335},"geometry":{"type":"LineString","coordinates":[[-0.33565,42.95147],[-0.33621,42.95181],[-0.33645,42.95202],[-0.33653,42.95238],[-0.3365,42.95303],[-0.33638,42.95369],[-0.33623,42.95397],[-0.33611,42.95418]]}},
{"type":"Feature","id":"way/331974626","properties":{"station_id":"gourette","osm_id":331974626,"feature":"piste","kind":"easy","name":"Pamplona","length_m":571},"geometry":{"type":"LineString","coordinates":[[-0.33839,42.94679],[-0.33832,42.94684],[-0.33807,42.94696],[-0.33781,42.94726],[-0.33764,42.94756],[-0.33758,42.94773],[-0.33753,42.94802],[-0.33746,42.9482],[-0.33738,42.94828],[-0.33728,42.94833],[-0.33712,42.94835],[-0.33688,42.94834],[-0.33666,42.94836],[-0.33622,42.94842],[-0.33601,42.94843],[-0.33588,42.94845],[-0.3358,42.94853],[-0.33577,42.94864],[-0.33583,42.94874],[-0.33594,42.94885],[-0.33611,42.94895],[-0.3363,42.94903],[-0.33672,42.94931],[-0.33691,42.9495],[-0.33706,42.94966],[-0.33715,42.94996],[-0.33699,42.95006],[-0.33672,42.95012]]}},
{"type":"Feature","id":"way/331974628","properties":{"station_id":"gourette","osm_id":331974628,"feature":"piste","kind":"novice","name":"La Balade","length_m":104},"geometry":{"type":"LineString","coordinates":[[-0.33377,42.9566],[-0.33355,42.95656],[-0.33336,42.95655],[-0.33312,42.95658],[-0.33279,42.95669],[-0.33255,42.95674]]}},
{"type":"Feature","id":"way/332246429","properties":{"station_id":"gourette","osm_id":332246429,"feature":"piste","kind":"easy","name":"Pamplona","length_m":108},"geometry":{"type":"LineString","coordinates":[[-0.3359,42.95056],[-0.33589,42.95082],[-0.33592,42.9512],[-0.33565,42.95147]]}},
{"type":"Feature","id":"way/332246433","properties":{"station_id":"gourette","osm_id":332246433,"feature":"piste","kind":"easy","name":"Pamplona","length_m":200},"geometry":{"type":"LineString","coordinates":[[-0.33565,42.95147],[-0.33505,42.95214],[-0.335,42.95255],[-0.33498,42.95314]]}},
{"type":"Feature","id":"way/470662170","properties":{"station_id":"gourette","osm_id":470662170,"feature":"piste","kind":"intermediate","name":"La Combe","length_m":881},"geometry":{"type":"LineString","coordinates":[[-0.34435,42.93674],[-0.34426,42.93736],[-0.34416,42.9377],[-0.34404,42.93816],[-0.34384,42.93838],[-0.34359,42.9386],[-0.34313,42.9392],[-0.34294,42.93958],[-0.34281,42.93976],[-0.34271,42.93996],[-0.34257,42.94022],[-0.34233,42.94044],[-0.34192,42.94089],[-0.34151,42.94128],[-0.34131,42.94149],[-0.34131,42.94162],[-0.34127,42.94174],[-0.34108,42.94197],[-0.34067,42.94242],[-0.34038,42.94265],[-0.34019,42.94303],[-0.34015,42.94331],[-0.34002,42.94358],[-0.33992,42.94379]]}},
{"type":"Feature","id":"way/470662446","properties":{"station_id":"gourette","osm_id":470662446,"feature":"piste","kind":"intermediate","name":null,"length_m":230},"geometry":{"type":"LineString","coordinates":[[-0.34131,42.94149],[-0.3409,42.94178],[-0.34072,42.94191],[-0.34048,42.942],[-0.34019,42.94207],[-0.33892,42.94255]]}},
{"type":"Feature","id":"way/470662447","properties":{"station_id":"gourette","osm_id":470662447,"feature":"piste","kind":"intermediate","name":null,"length_m":190},"geometry":{"type":"LineString","coordinates":[[-0.33892,42.94255],[-0.33927,42.94308],[-0.33926,42.94381],[-0.33928,42.944],[-0.33932,42.9442]]}},
{"type":"Feature","id":"way/470662448","properties":{"station_id":"gourette","osm_id":470662448,"feature":"piste","kind":"intermediate","name":"Les Coutchets","length_m":352},"geometry":{"type":"LineString","coordinates":[[-0.34201,42.93798],[-0.34192,42.93814],[-0.34191,42.93826],[-0.34194,42.93833],[-0.34222,42.93849],[-0.34241,42.93875],[-0.34242,42.93901],[-0.34229,42.93923],[-0.34213,42.93933],[-0.34188,42.93945],[-0.34171,42.93957],[-0.34148,42.93969],[-0.34113,42.93984],[-0.3402,42.93996]]}},
{"type":"Feature","id":"way/470671593","properties":{"station_id":"gourette","osm_id":470671593,"feature":"piste","kind":"advanced","name":"The Wall","length_m":571},"geometry":{"type":"LineString","coordinates":[[-0.34598,42.93206],[-0.34612,42.9321],[-0.34618,42.93214],[-0.34624,42.93264],[-0.34622,42.93278],[-0.34614,42.93296],[-0.34613,42.93301],[-0.34603,42.93332],[-0.34595,42.93358],[-0.34582,42.93396],[-0.34579,42.93404],[-0.34569,42.93428],[-0.34561,42.93449],[-0.34551,42.93474],[-0.34544,42.93488],[-0.34535,42.93511],[-0.34527,42.93534],[-0.3451,42.93572],[-0.34485,42.936],[-0.34466,42.93622],[-0.34449,42.93642],[-0.34426,42.9365],[-0.34435,42.93674]]}},
{"type":"Feature","id":"way/470671594","properties":{"station_id":"gourette","osm_id":470671594,"feature":"piste","kind":"intermediate","name":"L'arsellaz","length_m":473},"geometry":{"type":"LineString","coordinates":[[-0.34275,42.93317],[-0.34313,42.93319],[-0.34319,42.93327],[-0.34356,42.9335],[-0.34383,42.93373],[-0.34416,42.934],[-0.34432,42.93417],[-0.34442,42.93438],[-0.34441,42.93463],[-0.34437,42.93486],[-0.3443,42.9351],[-0.34419,42.93536],[-0.34411,42.93568],[-0.34406,42.93622],[-0.34426,42.9365],[-0.34435,42.93674]]}},
{"type":"Feature","id":"way/470671596","properties":{"station_id":"gourette","osm_id":470671596,"feature":"piste","kind":"intermediate","name":"L'Amoulat","length_m":509},"geometry":{"type":"LineString","coordinates":[[-0.34376,42.93152],[-0.34391,42.93154],[-0.34431,42.93154],[-0.34493,42.93158],[-0.3455,42.93167],[-0.34582,42.93183],[-0.34598,42.93197],[-0.34598,42.93206],[-0.34573,42.93231],[-0.34538,42.93243],[-0.34461,42.93256],[-0.34363,42.93269],[-0.34326,42.9328],[-0.34298,42.93291],[-0.34275,42.93317]]}},
{"type":"Feature","id":"way/470673937","properties":{"station_id":"gourette","osm_id":470673937,"feature":"piste","kind":"novice","name":"Hakuna Matata","length_m":604},"geometry":{"type":"LineString","coordinates":[[-0.33901,42.94734],[-0.33899,42.94731],[-0.33892,42.94729],[-0.33882,42.94735],[-0.33871,42.94747],[-0.33869,42.94758],[-0.33883,42.94773],[-0.3393,42.9479],[-0.33958,42.94817],[-0.33969,42.94834],[-0.33971,42.94863],[-0.33966,42.94886],[-0.33976,42.94906],[-0.33989,42.94926],[-0.34,42.94945],[-0.34005,42.94954],[-0.34024,42.94988],[-0.3404,42.95017],[-0.3406,42.95068],[-0.34071,42.95102],[-0.34099,42.95134],[-0.34117,42.95166],[-0.34136,42.95171],[-0.34141,42.95171],[-0.34144,42.9517],[-0.34148,42.95164],[-0.34148,42.95162],[-0.34144,42.95157]]}},
{"type":"Feature","id":"way/470673938","properties":{"station_id":"gourette","osm_id":470673938,"feature":"piste","kind":"novice","name":"Bézou","length_m":300},"geometry":{"type":"LineString","coordinates":[[-0.33858,42.9508],[-0.33841,42.95076],[-0.33837,42.95075],[-0.33832,42.95073],[-0.33813,42.95068],[-0.33748,42.95053],[-0.33725,42.95045],[-0.3371,42.95038],[-0.33696,42.95029],[-0.33685,42.9502],[-0.33672,42.95012],[-0.3366,42.95002],[-0.33643,42.94991],[-0.33628,42.94981],[-0.33608,42.94972],[-0.33582,42.94966],[-0.33556,42.94967],[-0.33539,42.94974]]}},
{"type":"Feature","id":"way/470673940","properties":{"station_id":"gourette","osm_id":470673940,"feature":"piste","kind":"novice","name":"Bouy","length_m":150},"geometry":{"type":"LineString","coordinates":[[-0.33848,42.94958],[-0.33865,42.94993],[-0.33866,42.95006],[-0.33865,42.95016],[-0.33864,42.95034],[-0.33864,42.9505],[-0.33869,42.95065],[-0.3388,42.95076],[-0.33895,42.95081]]}},
{"type":"Feature","id":"way/470674874","properties":{"station_id":"gourette","osm_id":470674874,"feature":"piste","kind":"intermediate","name":"L'Ancolie","length_m":649},"geometry":{"type":"LineString","coordinates":[[-0.33284,42.9522],[-0.33297,42.95243],[-0.33309,42.95261],[-0.33316,42.95274],[-0.3333,42.95286],[-0.33344,42.95301],[-0.33342,42.9532],[-0.33345,42.95338],[-0.3335,42.95356],[-0.3336,42.95364],[-0.33373,42.95372],[-0.33394,42.95386],[-0.33406,42.95397],[-0.33414,42.95419],[-0.33405,42.95424],[-0.33383,42.95426],[-0.33321,42.95419],[-0.33304,42.95421],[-0.33291,42.95422],[-0.33282,42.95424],[-0.33257,42.95429],[-0.33235,42.95436],[-0.33199,42.9545],[-0.33191,42.95458],[-0.33186,42.9547],[-0.33185,42.95486],[-0.33185,42.95499],[-0.33187,42.95521],[-0.33186,42.95545],[-0.33196,42.95573],[-0.33227,42.95631]]}},
{"type":"Feature","id":"way/470675810","properties":{"station_id":"gourette","osm_id":470675810,"feature":"piste","kind":"intermediate","name":null,"length_m":159},"geometry":{"type":"LineString","coordinates":[[-0.33226,42.94765],[-0.33274,42.94776],[-0.33322,42.94773],[-0.33367,42.94785],[-0.334,42.94812]]}},
{"type":"Feature","id":"way/470684104","properties":{"station_id":"gourette","osm_id":470684104,"feature":"piste","kind":"easy","name":"Haut Préhistoire","length_m":587},"geometry":{"type":"LineString","coordinates":[[-0.33029,42.93745],[-0.33004,42.9373],[-0.32986,42.93718],[-0.32962,42.93707],[-0.32947,42.93706],[-0.32926,42.93711],[-0.32916,42.93714],[-0.32897,42.9372],[-0.32879,42.93727],[-0.32859,42.93736],[-0.32833,42.93743],[-0.32813,42.93749],[-0.32797,42.93753],[-0.32759,42.93771],[-0.32746,42.93778],[-0.32728,42.93792],[-0.32709,42.93805],[-0.32695,42.93814],[-0.32704,42.93851],[-0.32706,42.93892],[-0.32689,42.93964],[-0.32689,42.93966],[-0.32684,42.9401],[-0.32685,42.9405]]}},
{"type":"Feature","id":"way/470686735","properties":{"station_id":"gourette","osm_id":470686735,"feature":"piste","kind":"advanced","name":"L'Edelweiss","length_m":548},"geometry":{"type":"LineString","coordinates":[[-0.33029,42.93745],[-0.3304,42.93754],[-0.3304,42.93766],[-0.33033,42.93782],[-0.33025,42.93816],[-0.33025,42.93822],[-0.3302,42.93835],[-0.33016,42.93862],[-0.33017,42.93898],[-0.33026,42.93946],[-0.33028,42.93963],[-0.33032,42.93977],[-0.33046,42.94006],[-0.33051,42.94036],[-0.33056,42.94069],[-0.3306,42.94098],[-0.33059,42.9412],[-0.33056,42.94142],[-0.33037,42.94166],[-0.32994,42.94213],[-0.32992,42.94216]]}},
{"type":"Feature","id":"way/470686737","properties":{"station_id":"gourette","osm_id":470686737,"feature":"piste","kind":"intermediate","name":"Le \"Z\" Bas","length_m":706},"geometry":{"type":"LineString","coordinates":[[-0.33032,42.94266],[-0.33054,42.94282],[-0.3308,42.94293],[-0.33111,42.94294],[-0.33116,42.94298],[-0.33132,42.94314],[-0.33144,42.94331],[-0.33164,42.94356],[-0.33188,42.94386],[-0.33221,42.94425],[-0.33245,42.94447],[-0.33262,42.94465],[-0.33267,42.9447],[-0.33289,42.94496],[-0.3331,42.94533],[-0.33323,42.94559],[-0.33331,42.94584],[-0.33338,42.94605],[-0.33343,42.94617],[-0.33348,42.9463],[-0.33356,42.94654],[-0.33362,42.94687],[-0.33373,42.94719],[-0.33387,42.94769],[-0.334,42.94812]]}},
{"type":"Feature","id":"way/470686738","properties":{"station_id":"gourette","osm_id":470686738,"feature":"piste","kind":"intermediate","name":"Le \"Z\" Haut","length_m":649},"geometry":{"type":"LineString","coordinates":[[-0.33029,42.93745],[-0.33052,42.93754],[-0.33059,42.93756],[-0.33065,42.93764],[-0.33061,42.93773],[-0.33056,42.93792],[-0.33056,42.93809],[-0.33058,42.93818],[-0.33067,42.93828],[-0.33076,42.93849],[-0.33079,42.93867],[-0.33078,42.9391],[-0.33074,42.93932],[-0.33074,42.93958],[-0.33071,42.93974],[-0.33062,42.93981],[-0.33064,42.93991],[-0.3308,42.94011],[-0.33083,42.94026],[-0.33084,42.94058],[-0.33088,42.94072],[-0.33101,42.94097],[-0.33111,42.94111],[-0.33116,42.94129],[-0.33121,42.94158],[-0.33123,42.94203],[-0.33113,42.94214],[-0.33109,42.9423],[-0.33105,42.94258],[-0.33103,42.94269],[-0.33102,42.94285],[-0.33111,42.94294]]}},
{"type":"Feature","id":"way/470687340","properties":{"station_id":"gourette","osm_id":470687340,"feature":"piste","kind":"easy","name":"Bleu de Cotch","length_m":554},"geometry":{"type":"LineString","coordinates":[[-0.32685,42.9405],[-0.327,42.94102],[-0.32721,42.94148],[-0.32721,42.94164],[-0.32716,42.94189],[-0.32721,42.94215],[-0.32766,42.9429],[-0.32804,42.9436],[-0.32906,42.9443],[-0.32918,42.94463],[-0.32909,42.94498]]}},
{"type":"Feature","id":"way/582694003","properties":{"station_id":"gourette","osm_id":582694003,"feature":"piste","kind":"novice","name":"La Balade","length_m":731},"geometry":{"type":"LineString","coordinates":[[-0.33539,42.94974],[-0.33532,42.94982],[-0.33534,42.9499],[-0.33539,42.94998],[-0.33553,42.95011],[-0.33565,42.9502],[-0.33583,42.95032],[-0.33598,42.95042],[-0.33603,42.95046],[-0.33621,42.95062],[-0.33631,42.95074],[-0.33642,42.95106],[-0.33649,42.95122],[-0.33655,42.95131],[-0.33672,42.95143],[-0.33678,42.95149],[-0.33691,42.95168],[-0.33699,42.95181],[-0.33716,42.95203],[-0.33718,42.9521],[-0.33717,42.95218],[-0.33716,42.95221],[-0.33709,42.95236],[-0.33709,42.95246],[-0.33723,42.95273],[-0.33734,42.95287],[-0.33747,42.95295],[-0.33758,42.95296],[-0.33776,42.95295],[-0.33787,42.95296],[-0.33795,42.95302],[-0.33795,42.95307],[-0.33793,42.95312],[-0.33788,42.95315],[-0.33781,42.95318],[-0.33771,42.95321],[-0.33762,42.95328],[-0.33762,42.95337],[-0.33766,42.95344],[-0.33775,42.95349],[-0.33787,42.95351],[-0.33799,42.9535],[-0.33817,42.95345],[-0.3382,42.95344],[-0.33834,42.95339],[-0.33841,42.95337],[-0.33854,42.95336],[-0.33869,42.9534],[-0.33895,42.95351],[-0.33915,42.95357],[-0.33917,42.95357],[-0.33957,42.95363],[-0.33966,42.95366],[-0.33973,42.95372],[-0.33975,42.95378],[-0.33973,42.95385],[-0.33971,42.9539],[-0.33968,42.95395]]}},
{"type":"Feature","id":"way/791773696","properties":{"station_id":"gourette","osm_id":791773696,"feature":"piste","kind":"novice","name":null,"length_m":47},"geometry":{"type":"LineString","coordinates":[[-0.34005,42.94954],[-0.33994,42.94965],[-0.33961,42.9498]]}},
{"type":"Feature","id":"way/791773711","properties":{"station_id":"gourette","osm_id":791773711,"feature":"piste","kind":"novice","name":null,"length_m":171},"geometry":{"type":"LineString","coordinates":[[-0.33961,42.9498],[-0.3392,42.9499],[-0.339,42.94991],[-0.33882,42.9499],[-0.33875,42.94993],[-0.33871,42.94998],[-0.33866,42.95006],[-0.33857,42.95016],[-0.33835,42.95043],[-0.33831,42.95051],[-0.33832,42.95073]]}},
{"type":"Feature","id":"way/858855649","properties":{"station_id":"gourette","osm_id":858855649,"feature":"piste","kind":"easy","name":"Pamplona","length_m":402},"geometry":{"type":"LineString","coordinates":[[-0.33797,42.94446],[-0.33824,42.94453],[-0.3384,42.9445],[-0.33854,42.94443],[-0.33868,42.94431],[-0.33885,42.94426],[-0.33901,42.94424],[-0.33914,42.94438],[-0.33916,42.9446],[-0.33912,42.94549],[-0.339,42.94609],[-0.33892,42.94635],[-0.33878,42.94655],[-0.33859,42.94669],[-0.33839,42.94679]]}},
{"type":"Feature","id":"way/1038025277","properties":{"station_id":"gourette","osm_id":1038025277,"feature":"piste","kind":null,"name":null,"length_m":14},"geometry":{"type":"LineString","coordinates":[[-0.33022,42.93756],[-0.33029,42.93745]]}},
{"type":"Feature","id":"way/1039835157","properties":{"station_id":"gourette","osm_id":1039835157,"feature":"piste","kind":"intermediate","name":"Pène Blanque","length_m":174},"geometry":{"type":"LineString","coordinates":[[-0.33776,42.92795],[-0.33789,42.92795],[-0.33846,42.92798],[-0.33891,42.92822],[-0.33912,42.92852],[-0.33942,42.92874]]}},
{"type":"Feature","id":"way/1041897810","properties":{"station_id":"gourette","osm_id":1041897810,"feature":"piste","kind":"easy","name":null,"length_m":14},"geometry":{"type":"LineString","coordinates":[[-0.33166,42.95686],[-0.33149,42.95683]]}},
{"type":"Feature","id":"way/1044419505","properties":{"station_id":"gourette","osm_id":1044419505,"feature":"piste","kind":"easy","name":"Les Rhododendrons","length_m":41},"geometry":{"type":"LineString","coordinates":[[-0.33301,42.94973],[-0.33332,42.94962],[-0.33331,42.9495]]}},
{"type":"Feature","id":"way/1044419506","properties":{"station_id":"gourette","osm_id":1044419506,"feature":"piste","kind":"easy","name":"Pamplona","length_m":52},"geometry":{"type":"LineString","coordinates":[[-0.33565,42.95147],[-0.33526,42.95159],[-0.33505,42.95158]]}},
{"type":"Feature","id":"way/1044419507","properties":{"station_id":"gourette","osm_id":1044419507,"feature":"piste","kind":"easy","name":"Les Rhododendrons","length_m":64},"geometry":{"type":"LineString","coordinates":[[-0.33465,42.95131],[-0.33485,42.95152],[-0.33505,42.95158],[-0.33511,42.95142]]}},
{"type":"Feature","id":"way/1044419510","properties":{"station_id":"gourette","osm_id":1044419510,"feature":"piste","kind":"novice","name":null,"length_m":30},"geometry":{"type":"LineString","coordinates":[[-0.33858,42.9508],[-0.33895,42.95081]]}},
{"type":"Feature","id":"way/1044419511","properties":{"station_id":"gourette","osm_id":1044419511,"feature":"piste","kind":"novice","name":"Bouy","length_m":204},"geometry":{"type":"LineString","coordinates":[[-0.33895,42.95081],[-0.34025,42.95126],[-0.3406,42.95139],[-0.34117,42.95166]]}},
{"type":"Feature","id":"way/1044419512","properties":{"station_id":"gourette","osm_id":1044419512,"feature":"piste","kind":"novice","name":null,"length_m":46},"geometry":{"type":"LineString","coordinates":[[-0.33813,42.95068],[-0.33819,42.95027]]}},
{"type":"Feature","id":"way/1044419513","properties":{"station_id":"gourette","osm_id":1044419513,"feature":"piste","kind":"novice","name":"Iris","length_m":83},"geometry":{"type":"LineString","coordinates":[[-0.3383,42.94959],[-0.33818,42.94972],[-0.33807,42.95016],[-0.33819,42.95027]]}},
{"type":"Feature","id":"way/1044419514","properties":{"station_id":"gourette","osm_id":1044419514,"feature":"piste","kind":"novice","name":null,"length_m":26},"geometry":{"type":"LineString","coordinates":[[-0.33845,42.95101],[-0.33858,42.9508]]}},
{"type":"Feature","id":"way/1044419515","properties":{"station_id":"gourette","osm_id":1044419515,"feature":"piste","kind":"novice","name":null,"length_m":15},"geometry":{"type":"LineString","coordinates":[[-0.34025,42.95126],[-0.34032,42.95122],[-0.34029,42.95115]]}},
{"type":"Feature","id":"way/1044419516","properties":{"station_id":"gourette","osm_id":1044419516,"feature":"piste","kind":"novice","name":null,"length_m":13},"geometry":{"type":"LineString","coordinates":[[-0.3404,42.95107],[-0.34036,42.95111],[-0.34029,42.95115]]}},
{"type":"Feature","id":"way/1044419517","properties":{"station_id":"gourette","osm_id":1044419517,"feature":"piste","kind":"novice","name":"La Cabane","length_m":285},"geometry":{"type":"LineString","coordinates":[[-0.33848,42.94958],[-0.33882,42.9499],[-0.33936,42.95034],[-0.33986,42.95072],[-0.34014,42.9509],[-0.3404,42.95107],[-0.34099,42.95134]]}},
{"type":"Feature","id":"way/1044419518","properties":{"station_id":"gourette","osm_id":1044419518,"feature":"piste","kind":"novice","name":null,"length_m":59},"geometry":{"type":"LineString","coordinates":[[-0.33912,42.9504],[-0.33913,42.95032],[-0.33902,42.95024],[-0.3389,42.95021],[-0.33875,42.95023],[-0.33864,42.95034]]}},
{"type":"Feature","id":"way/1044421691","properties":{"station_id":"gourette","osm_id":1044421691,"feature":"piste","kind":"intermediate","name":"Cinto","length_m":403},"geometry":{"type":"LineString","coordinates":[[-0.33029,42.93745],[-0.32995,42.93742],[-0.32955,42.93742],[-0.32917,42.93745],[-0.329,42.93752],[-0.32886,42.93761],[-0.32872,42.93779],[-0.32846,42.93814],[-0.32837,42.93828],[-0.32797,42.93859],[-0.32777,42.93874],[-0.32759,42.93891],[-0.32733,42.9392],[-0.32696,42.93958],[-0.32689,42.93966]]}},
{"type":"Feature","id":"way/1044423514","properties":{"station_id":"gourette","osm_id":1044423514,"feature":"piste","kind":"intermediate","name":null,"length_m":95},"geometry":{"type":"LineString","coordinates":[[-0.34294,42.93664],[-0.34371,42.93688],[-0.34385,42.93687],[-0.34382,42.93673]]}},
{"type":"Feature","id":"way/1044423515","properties":{"station_id":"gourette","osm_id":1044423515,"feature":"piste","kind":"intermediate","name":null,"length_m":77},"geometry":{"type":"LineString","coordinates":[[-0.34405,42.93637],[-0.3441,42.93677],[-0.34396,42.93685],[-0.34382,42.93673]]}},
{"type":"Feature","id":"way/1044423516","properties":{"station_id":"gourette","osm_id":1044423516,"feature":"piste","kind":"intermediate","name":null,"length_m":120},"geometry":{"type":"LineString","coordinates":[[-0.34285,42.93676],[-0.34294,42.93664],[-0.34343,42.93633],[-0.34381,42.9363],[-0.34405,42.93637]]}},
{"type":"Feature","id":"way/1167940119","properties":{"station_id":"gourette","osm_id":1167940119,"feature":"piste","kind":"easy","name":null,"length_m":95},"geometry":{"type":"LineString","coordinates":[[-0.32631,42.93876],[-0.32628,42.93863],[-0.32642,42.93857],[-0.32674,42.93865],[-0.32706,42.93892]]}},
{"type":"Feature","id":"way/1328507249","properties":{"station_id":"gourette","osm_id":1328507249,"feature":"piste","kind":"intermediate","name":null,"length_m":246},"geometry":{"type":"LineString","coordinates":[[-0.32975,42.94788],[-0.32948,42.94798],[-0.32931,42.94813],[-0.32928,42.94867],[-0.32937,42.94912],[-0.32925,42.94972],[-0.32937,42.94989]]}},
{"type":"Feature","id":"way/1328507250","properties":{"station_id":"gourette","osm_id":1328507250,"feature":"piste","kind":"intermediate","name":"La Glacière","length_m":949},"geometry":{"type":"LineString","coordinates":[[-0.32858,42.95017],[-0.32868,42.95028],[-0.32894,42.95056],[-0.32918,42.95087],[-0.32922,42.95106],[-0.32898,42.95127],[-0.32879,42.95135],[-0.32845,42.95149],[-0.32838,42.95165],[-0.32831,42.95183],[-0.32844,42.9521],[-0.32901,42.95244],[-0.32934,42.95268],[-0.33002,42.95336],[-0.33031,42.95381],[-0.33046,42.95446],[-0.33059,42.95502],[-0.33096,42.95538],[-0.33154,42.95584],[-0.33186,42.95612],[-0.33227,42.95631],[-0.33231,42.9564],[-0.33225,42.95653],[-0.33212,42.95669],[-0.33185,42.9568],[-0.33149,42.95683]]}},
{"type":"Feature","id":"way/1329308279","properties":{"station_id":"gourette","osm_id":1329308279,"feature":"piste","kind":"intermediate","name":"La Combe","length_m":74},"geometry":{"type":"LineString","coordinates":[[-0.33992,42.94379],[-0.3397,42.94405],[-0.33941,42.94434]]}},
{"type":"Feature","id":"way/1329308280","properties":{"station_id":"gourette","osm_id":1329308280,"feature":"piste","kind":"intermediate","name":"Pène Médaa","length_m":764},"geometry":{"type":"LineString","coordinates":[[-0.34165,42.93809],[-0.34076,42.93881],[-0.3402,42.93996],[-0.33953,42.94123],[-0.33892,42.94255],[-0.33836,42.94314],[-0.33782,42.94382],[-0.33754,42.94418]]}},
{"type":"Feature","id":"way/1329308281","properties":{"station_id":"gourette","osm_id":1329308281,"feature":"piste","kind":"intermediate","name":"Pène Blanque","length_m":233},"geometry":{"type":"LineString","coordinates":[[-0.34315,42.93168],[-0.34253,42.93185],[-0.3423,42.93201],[-0.34212,42.93225],[-0.3421,42.93251],[-0.34223,42.93284],[-0.34275,42.93317]]}},
{"type":"Feature","id":"way/1329323679","properties":{"station_id":"gourette","osm_id":1329323679,"feature":"piste","kind":"easy","name":null,"length_m":47},"geometry":{"type":"LineString","coordinates":[[-0.33754,42.94418],[-0.33769,42.94428],[-0.33785,42.94439],[-0.33794,42.94444],[-0.33797,42.94446]]}},
{"type":"Feature","id":"way/1330751746","properties":{"station_id":"gourette","osm_id":1330751746,"feature":"piste","kind":"novice","name":null,"length_m":15},"geometry":{"type":"LineString","coordinates":[[-0.3383,42.94959],[-0.33848,42.94958]]}},
{"type":"Feature","id":"way/1330751747","properties":{"station_id":"gourette","osm_id":1330751747,"feature":"piste","kind":"novice","name":null,"length_m":21},"geometry":{"type":"LineString","coordinates":[[-0.33912,42.9504],[-0.33936,42.95034]]}},
{"type":"Feature","id":"way/1330751748","properties":{"station_id":"gourette","osm_id":1330751748,"feature":"piste","kind":"novice","name":null,"length_m":56},"geometry":{"type":"LineString","coordinates":[[-0.3383,42.9491],[-0.33834,42.94929],[-0.33837,42.94938],[-0.33841,42.94946],[-0.33848,42.94958]]}},
{"type":"Feature","id":"way/1373637472","properties":{"station_id":"gourette","osm_id":1373637472,"feature":"piste","kind":"novice","name":"La Balade","length_m":192},"geometry":{"type":"LineString","coordinates":[[-0.33968,42.95395],[-0.33965,42.95399],[-0.33959,42.95402],[-0.33931,42.95406],[-0.3392,42.95408],[-0.33902,42.95413],[-0.33864,42.95425],[-0.33817,42.95445],[-0.33809,42.9545],[-0.33805,42.95456],[-0.33804,42.95462],[-0.33805,42.95471],[-0.3381,42.95477],[-0.33822,42.95486]]}},
{"type":"Feature","id":"way/1373637473","properties":{"station_id":"gourette","osm_id":1373637473,"feature":"piste","kind":"novice","name":"La Balade","length_m":606},"geometry":{"type":"LineString","coordinates":[[-0.33822,42.95486],[-0.33842,42.95501],[-0.33849,42.95515],[-0.33849,42.95527],[-0.33844,42.95541],[-0.33818,42.95593],[-0.3381,42.95617],[-0.33809,42.95632],[-0.33812,42.95645],[-0.33822,42.95667],[-0.3387,42.95733],[-0.33877,42.9574],[-0.33931,42.95781],[-0.33932,42.95782],[-0.33947,42.95797],[-0.33956,42.95812],[-0.33968,42.95833],[-0.33991,42.95869],[-0.34,42.95877],[-0.3401,42.95883],[-0.34012,42.95883],[-0.34023,42.95886],[-0.3405,42.95891],[-0.34084,42.95892],[-0.34115,42.95893],[-0.34123,42.95896],[-0.34126,42.959],[-0.34125,42.95903]]}},
{"type":"Feature","id":"way/1373637474","properties":{"station_id":"gourette","osm_id":1373637474,"feature":"piste","kind":"novice","name":"La Balade","length_m":739},"geometry":{"type":"LineString","coordinates":[[-0.34125,42.95903],[-0.3412,42.95906],[-0.34105,42.95908],[-0.34084,42.9591],[-0.34081,42.9591],[-0.34035,42.95917],[-0.34012,42.9592],[-0.33997,42.9592],[-0.33982,42.95917],[-0.33968,42.95909],[-0.33953,42.95898],[-0.33931,42.95878],[-0.33914,42.95868],[-0.33888,42.95858],[-0.33854,42.95845],[-0.33824,42.95835],[-0.33814,42.95827],[-0.33813,42.95826],[-0.33802,42.95815],[-0.3377,42.95783],[-0.33746,42.95755],[-0.33721,42.9573],[-0.33697,42.95703],[-0.33664,42.95684],[-0.33643,42.95672],[-0.33626,42.95667],[-0.33606,42.95666],[-0.33601,42.95667],[-0.33588,42.9567],[-0.33567,42.95676],[-0.33542,42.9568],[-0.33522,42.9568],[-0.335,42.95678],[-0.33481,42.95678],[-0.33457,42.9568],[-0.33432,42.95677],[-0.33377,42.9566]]}},
{"type":"Feature","id":"way/44976166","properties":{"station_id":"grand-tourmalet","osm_id":44976166,"feature":"lift","kind":"cable_car","name":"Pic du Midi 1","length_m":1700},"geometry":{"type":"LineString","coordinates":[[0.17906,42.90954],[0.17868,42.9098],[0.17831,42.91008],[0.1723,42.91438],[0.16993,42.91608],[0.16413,42.92023]]}},
{"type":"Feature","id":"way/44976167","properties":{"station_id":"grand-tourmalet","osm_id":44976167,"feature":"lift","kind":"platter","name":"Turon 1","length_m":307},"geometry":{"type":"LineString","coordinates":[[0.1773,42.90983],[0.17668,42.90969],[0.17591,42.90951],[0.17513,42.90934],[0.17462,42.90917],[0.17425,42.90905],[0.17376,42.90889]]}},
{"type":"Feature","id":"way/44976169","properties":{"station_id":"grand-tourmalet","osm_id":44976169,"feature":"lift","kind":"platter","name":"Cortail","length_m":341},"geometry":{"type":"LineString","coordinates":[[0.17751,42.90933],[0.17664,42.90918],[0.17566,42.90901],[0.17456,42.90882],[0.17374,42.90868],[0.17343,42.90863]]}},
{"type":"Feature","id":"way/44976170","properties":{"station_id":"grand-tourmalet","osm_id":44976170,"feature":"lift","kind":"chair_lift","name":"Chapelle","length_m":1219},"geometry":{"type":"LineString","coordinates":[[0.17685,42.91017],[0.17668,42.91011],[0.17577,42.90982],[0.17486,42.90953],[0.17444,42.9094],[0.17404,42.90927],[0.17357,42.90912],[0.17239,42.90875],[0.17095,42.90828],[0.17007,42.90801],[0.16855,42.90752],[0.1669,42.90699],[0.1661,42.90674],[0.16563,42.90659],[0.1649,42.90635],[0.16378,42.90599],[0.16313,42.90579]]}},
{"type":"Feature","id":"way/44976200","properties":{"station_id":"grand-tourmalet","osm_id":44976200,"feature":"lift","kind":"magic_carpet","name":"Tremplin","length_m":79},"geometry":{"type":"LineString","coordinates":[[0.17808,42.90907],[0.17725,42.90871]]}},
{"type":"Feature","id":"way/59187805","properties":{"station_id":"grand-tourmalet","osm_id":59187805,"feature":"lift","kind":"chair_lift","name":"Espade","length_m":1306},"geometry":{"type":"LineString","coordinates":[[0.16284,42.90616],[0.1626,42.90616],[0.1624,42.90617],[0.1615,42.90618],[0.15995,42.90621],[0.15849,42.90624],[0.15695,42.90627],[0.15598,42.90629],[0.15493,42.90631],[0.15298,42.90634],[0.15145,42.90637],[0.14997,42.9064],[0.14856,42.90642],[0.14747,42.90644],[0.14708,42.90645],[0.14681,42.90645]]}},
{"type":"Feature","id":"way/70806001","properties":{"station_id":"grand-tourmalet","osm_id":70806001,"feature":"lift","kind":"cable_car","name":"Pic du Midi 2","length_m":2570},"geometry":{"type":"LineString","coordinates":[[0.16409,42.92043],[0.14292,42.93553],[0.14143,42.93652]]}},
{"type":"Feature","id":"way/108656736","properties":{"station_id":"grand-tourmalet","osm_id":108656736,"feature":"lift","kind":"chair_lift","name":"Sud","length_m":1079},"geometry":{"type":"LineString","coordinates":[[0.17148,42.90911],[0.17105,42.90935],[0.1698,42.91007],[0.16941,42.91029],[0.16825,42.91095],[0.16795,42.91113],[0.16677,42.9118],[0.16565,42.91244],[0.16481,42.91292],[0.16364,42.91359],[0.16231,42.91435],[0.16193,42.91457],[0.16161,42.91475],[0.16123,42.91497],[0.16104,42.91508]]}},
{"type":"Feature","id":"way/108656738","properties":{"station_id":"grand-tourmalet","osm_id":108656738,"feature":"lift","kind":"chair_lift","name":"Béarnais","length_m":1402},"geometry":{"type":"LineString","coordinates":[[0.16379,42.90707],[0.16286,42.90732],[0.16212,42.90751],[0.16109,42.90779],[0.16026,42.90801],[0.15896,42.90836],[0.15738,42.90878],[0.15656,42.909],[0.15489,42.90945],[0.15333,42.90986],[0.15202,42.91021],[0.15048,42.91062],[0.1494,42.91091],[0.14831,42.9112],[0.14762,42.91139]]}},
{"type":"Feature","id":"way/108656741","properties":{"station_id":"grand-tourmalet","osm_id":108656741,"feature":"lift","kind":"chair_lift","name":"Tourmalet","length_m":1236},"geometry":{"type":"LineString","coordinates":[[0.13219,42.90604],[0.13239,42.90604],[0.13284,42.90602],[0.13475,42.90595],[0.13695,42.90588],[0.13804,42.90584],[0.13939,42.90579],[0.13998,42.90577],[0.14141,42.90572],[0.14353,42.90565],[0.14418,42.90563],[0.14618,42.90556],[0.14706,42.90553],[0.14715,42.90552],[0.14735,42.90552]]}},
{"type":"Feature","id":"way/108656756","properties":{"station_id":"grand-tourmalet","osm_id":108656756,"feature":"lift","kind":"chair_lift","name":"Quatre Termes","length_m":1046},"geometry":{"type":"LineString","coordinates":[[0.16416,42.8927],[0.16457,42.89215],[0.16502,42.89156],[0.16568,42.89071],[0.16622,42.89],[0.16727,42.88867],[0.16806,42.88765],[0.16892,42.88655],[0.16968,42.88556],[0.17044,42.8845]]}},
{"type":"Feature","id":"way/108656763","properties":{"station_id":"grand-tourmalet","osm_id":108656763,"feature":"lift","kind":"chair_lift","name":"Pourteilh","length_m":1346},"geometry":{"type":"LineString","coordinates":[[0.16547,42.90729],[0.16539,42.90664],[0.16528,42.90567],[0.16518,42.90477],[0.16503,42.90346],[0.1649,42.9024],[0.16482,42.90165],[0.16477,42.90125],[0.16466,42.90028],[0.16458,42.89958],[0.16455,42.89932],[0.16445,42.89841],[0.16432,42.89734],[0.16422,42.89646],[0.16421,42.89633],[0.16412,42.89561],[0.16408,42.89523]]}},
{"type":"Feature","id":"way/118632549","properties":{"station_id":"grand-tourmalet","osm_id":118632549,"feature":"lift","kind":"chair_lift","name":"Panoramic","length_m":943},"geometry":{"type":"LineString","coordinates":[[0.14743,42.90841],[0.14743,42.90875],[0.14744,42.90988],[0.14745,42.91055],[0.14746,42.91102],[0.14729,42.91143],[0.14747,42.91296],[0.14748,42.91388],[0.14749,42.91457],[0.1475,42.91545],[0.14751,42.91655],[0.14751,42.91669],[0.14751,42.91687]]}},
{"type":"Feature","id":"way/118632550","properties":{"station_id":"grand-tourmalet","osm_id":118632550,"feature":"lift","kind":"platter","name":"Toue","length_m":592},"geometry":{"type":"LineString","coordinates":[[0.13158,42.90646],[0.13152,42.90665],[0.13129,42.90734],[0.13097,42.90837],[0.13065,42.90936],[0.13043,42.91006],[0.13012,42.91104],[0.13006,42.91124],[0.12993,42.91165]]}},
{"type":"Feature","id":"way/146648547","properties":{"station_id":"grand-tourmalet","osm_id":146648547,"feature":"lift","kind":"chair_lift","name":"Adour","length_m":204},"geometry":{"type":"LineString","coordinates":[[0.1659,42.90744],[0.16613,42.90759],[0.16666,42.90795],[0.16716,42.90828],[0.16758,42.90856],[0.16776,42.90867]]}},
{"type":"Feature","id":"way/146649240","properties":{"station_id":"grand-tourmalet","osm_id":146649240,"feature":"lift","kind":"drag_lift","name":"Baby 1","length_m":169},"geometry":{"type":"LineString","coordinates":[[0.17061,42.90865],[0.16956,42.90902],[0.16898,42.90923],[0.16875,42.90932]]}},
{"type":"Feature","id":"way/146649243","properties":{"station_id":"grand-tourmalet","osm_id":146649243,"feature":"lift","kind":"drag_lift","name":"Baby 2","length_m":169},"geometry":{"type":"LineString","coordinates":[[0.17064,42.90869],[0.16976,42.909],[0.169,42.90927],[0.16878,42.90936]]}},
{"type":"Feature","id":"way/186395132","properties":{"station_id":"grand-tourmalet","osm_id":186395132,"feature":"lift","kind":"platter","name":"Carrières","length_m":370},"geometry":{"type":"LineString","coordinates":[[0.18071,42.90899],[0.18072,42.90887],[0.18073,42.90828],[0.18075,42.90777],[0.18077,42.90716],[0.18078,42.90663],[0.18081,42.90566]]}},
{"type":"Feature","id":"way/225932223","properties":{"station_id":"grand-tourmalet","osm_id":225932223,"feature":"lift","kind":"drag_lift","name":"Pène Blanque","length_m":318},"geometry":{"type":"LineString","coordinates":[[0.18215,42.90977],[0.18283,42.90955],[0.18403,42.90917],[0.18514,42.90881],[0.18572,42.90862]]}},
{"type":"Feature","id":"way/471506321","properties":{"station_id":"grand-tourmalet","osm_id":471506321,"feature":"lift","kind":"chair_lift","name":"Sapins","length_m":776},"geometry":{"type":"LineString","coordinates":[[0.17992,42.9087],[0.17979,42.90856],[0.17946,42.9082],[0.17858,42.90725],[0.17815,42.90678],[0.17789,42.9065],[0.17729,42.90585],[0.1764,42.90489],[0.17546,42.90387],[0.17475,42.90311],[0.17468,42.90303],[0.17458,42.90292]]}},
{"type":"Feature","id":"way/1036129854","properties":{"station_id":"grand-tourmalet","osm_id":1036129854,"feature":"lift","kind":"drag_lift","name":"Mongie 1800 (École)","length_m":51},"geometry":{"type":"LineString","coordinates":[[0.16854,42.90894],[0.16914,42.90907]]}},
{"type":"Feature","id":"way/1234582865","properties":{"station_id":"grand-tourmalet","osm_id":1234582865,"feature":"lift","kind":"magic_carpet","name":"Turon 2","length_m":159},"geometry":{"type":"LineString","coordinates":[[0.17099,42.90856],[0.17285,42.90812]]}},
{"type":"Feature","id":"way/1552907741","properties":{"station_id":"grand-tourmalet","osm_id":1552907741,"feature":"lift","kind":"chair_lift","name":"TSF4 Hount-Barrade","length_m":742},"geometry":{"type":"LineString","coordinates":[[0.16933,42.91487],[0.16458,42.92056]]}},
{"type":"Feature","id":"way/148733253","properties":{"station_id":"grand-tourmalet","osm_id":148733253,"feature":"piste","kind":"easy","name":"Bastan","length_m":2743},"geometry":{"type":"LineString","coordinates":[[0.13189,42.906],[0.13114,42.90613],[0.13023,42.90642],[0.12984,42.90659],[0.12945,42.90667],[0.12859,42.90658],[0.12685,42.90678],[0.12646,42.90681],[0.12602,42.90681],[0.12485,42.9065],[0.12392,42.90637],[0.12332,42.90634],[0.12261,42.90636],[0.12172,42.90666],[0.11979,42.90694],[0.11864,42.90705],[0.11745,42.90714],[0.11638,42.90708],[0.1151,42.90723],[0.11428,42.90714],[0.11376,42.90703],[0.11306,42.90678],[0.11282,42.90675],[0.1122,42.90673],[0.11171,42.90664],[0.11109,42.90664],[0.11069,42.90656],[0.11028,42.90638],[0.1098,42.90617],[0.10913,42.90592],[0.1086,42.90582],[0.10758,42.90547],[0.1068,42.90524],[0.10623,42.90485],[0.10582,42.9044],[0.1056,42.90406],[0.10546,42.90341],[0.1053,42.90298],[0.10486,42.9024],[0.10448,42.90205],[0.10438,42.90202],[0.10416,42.90202],[0.10393,42.90211],[0.10369,42.90233],[0.1036,42.90254],[0.10352,42.90291],[0.10345,42.90312],[0.10326,42.9034]]}},
{"type":"Feature","id":"way/172805640","properties":{"station_id":"grand-tourmalet","osm_id":172805640,"feature":"piste","kind":"novice","name":null,"length_m":266},"geometry":{"type":"LineString","coordinates":[[0.16576,42.90838],[0.16618,42.90843],[0.167,42.90862],[0.16757,42.9087],[0.16768,42.90873],[0.16797,42.90882],[0.16818,42.90899],[0.16859,42.90936]]}},
{"type":"Feature","id":"way/172805644","properties":{"station_id":"grand-tourmalet","osm_id":172805644,"feature":"piste","kind":"novice","name":null,"length_m":404},"geometry":{"type":"LineString","coordinates":[[0.16859,42.90936],[0.16861,42.90933],[0.16848,42.90915],[0.16824,42.90873],[0.16805,42.90859],[0.16765,42.90845],[0.16712,42.90831],[0.16676,42.90819],[0.16657,42.90811],[0.16615,42.9079],[0.16588,42.90778],[0.16551,42.9076],[0.16529,42.90746],[0.16523,42.9073],[0.16524,42.90718],[0.16522,42.90705]]}},
{"type":"Feature","id":"way/172805675","properties":{"station_id":"grand-tourmalet","osm_id":172805675,"feature":"piste","kind":"novice","name":null,"length_m":158},"geometry":{"type":"LineString","coordinates":[[0.16768,42.90873],[0.16757,42.90862],[0.16745,42.90856],[0.16689,42.90832],[0.16672,42.90825],[0.16643,42.90813],[0.16625,42.90802],[0.16615,42.9079]]}},
{"type":"Feature","id":"way/172805677","properties":{"station_id":"grand-tourmalet","osm_id":172805677,"feature":"piste","kind":"novice","name":null,"length_m":188},"geometry":{"type":"LineString","coordinates":[[0.16657,42.90811],[0.16671,42.90807],[0.16707,42.90809],[0.16771,42.90812],[0.16858,42.90817],[0.16886,42.90812]]}},
{"type":"Feature","id":"way/180717426","properties":{"station_id":"grand-tourmalet","osm_id":180717426,"feature":"piste","kind":"intermediate","name":"Panoramic","length_m":721},"geometry":{"type":"LineString","coordinates":[[0.14601,42.91455],[0.14644,42.91331],[0.14688,42.91215],[0.14689,42.91122],[0.14691,42.90954],[0.14709,42.90872],[0.14714,42.90853],[0.14721,42.90837],[0.14727,42.9083],[0.14733,42.90827],[0.14741,42.90826]]}},
{"type":"Feature","id":"way/202347094","properties":{"station_id":"grand-tourmalet","osm_id":202347094,"feature":"piste","kind":"easy","name":"4 termes","length_m":1311},"geometry":{"type":"LineString","coordinates":[[0.17048,42.88445],[0.17069,42.88452],[0.17086,42.88466],[0.17095,42.8848],[0.17086,42.88497],[0.17048,42.88512],[0.17009,42.88516],[0.16967,42.88529],[0.16935,42.88545],[0.16905,42.88568],[0.16881,42.88598],[0.16869,42.88633],[0.16889,42.88679],[0.16891,42.88699],[0.16884,42.88712],[0.16865,42.88721],[0.16844,42.88727],[0.16804,42.88753],[0.16781,42.8877],[0.16754,42.88794],[0.16726,42.88833],[0.167,42.88858],[0.16683,42.88874],[0.16673,42.88882],[0.16668,42.88903],[0.16665,42.88937],[0.16653,42.88983],[0.16651,42.89002],[0.16657,42.89025],[0.16669,42.89053],[0.16672,42.89067],[0.16661,42.89079],[0.16614,42.89107],[0.16478,42.89174],[0.16359,42.89265],[0.1631,42.89331]]}},
{"type":"Feature","id":"way/203289494","properties":{"station_id":"grand-tourmalet","osm_id":203289494,"feature":"piste","kind":"advanced","name":"Coume l'Ayse","length_m":1430},"geometry":{"type":"LineString","coordinates":[[0.14751,42.91687],[0.14751,42.91689],[0.14742,42.91719],[0.14732,42.91733],[0.1472,42.91743],[0.147,42.91744],[0.14672,42.91741],[0.14644,42.91736],[0.14594,42.9173],[0.14541,42.91727],[0.14513,42.9172],[0.14483,42.9171],[0.14446,42.9169],[0.14421,42.91671],[0.144,42.9166],[0.14387,42.91645],[0.14377,42.91628],[0.14381,42.91611],[0.1439,42.91595],[0.14397,42.91572],[0.14383,42.91554],[0.14343,42.91528],[0.14291,42.91506],[0.14248,42.91489],[0.14203,42.91473],[0.14147,42.91458],[0.14119,42.91454],[0.14042,42.91447],[0.14008,42.91431],[0.13931,42.91398],[0.13879,42.91391],[0.13808,42.91386],[0.13744,42.91378],[0.13671,42.91367],[0.13614,42.91353],[0.13536,42.91325],[0.13465,42.91287],[0.13449,42.91273],[0.13429,42.91256],[0.13408,42.91211],[0.13396,42.91186]]}},
{"type":"Feature","id":"way/203289499","properties":{"station_id":"grand-tourmalet","osm_id":203289499,"feature":"piste","kind":"easy","name":"Tourmalet","length_m":1634},"geometry":{"type":"LineString","coordinates":[[0.14728,42.90609],[0.14692,42.90567],[0.14687,42.90535],[0.14667,42.90501],[0.1466,42.9048],[0.14645,42.90436],[0.14625,42.90415],[0.14536,42.90333],[0.14491,42.90329],[0.1437,42.90377],[0.14342,42.90379],[0.1432,42.90382],[0.14283,42.90376],[0.14233,42.9038],[0.142,42.9039],[0.14176,42.90408],[0.14082,42.90417],[0.13967,42.90442],[0.13902,42.90443],[0.13793,42.90431],[0.13708,42.90408],[0.13665,42.90423],[0.13644,42.90459],[0.13627,42.90493],[0.13584,42.9053],[0.13557,42.90566],[0.13536,42.90586],[0.1351,42.90609],[0.13467,42.90623],[0.13427,42.90629],[0.13387,42.90621],[0.13365,42.9061],[0.13329,42.90606],[0.13255,42.90582],[0.13232,42.9058],[0.13215,42.90578],[0.13199,42.90588],[0.13189,42.906]]}},
{"type":"Feature","id":"way/203289502","properties":{"station_id":"grand-tourmalet","osm_id":203289502,"feature":"piste","kind":"easy","name":"Toue","length_m":1012},"geometry":{"type":"LineString","coordinates":[[0.12993,42.91165],[0.13007,42.91179],[0.13184,42.91199],[0.13277,42.91202],[0.13396,42.91186],[0.13403,42.91179],[0.13412,42.91165],[0.13408,42.91154],[0.13401,42.91144],[0.13386,42.91132],[0.13366,42.91115],[0.13306,42.90994],[0.13225,42.90697],[0.132,42.90651],[0.1319,42.90642],[0.13178,42.90636],[0.13164,42.90638],[0.13159,42.90642]]}},
{"type":"Feature","id":"way/221380154","properties":{"station_id":"grand-tourmalet","osm_id":221380154,"feature":"piste","kind":"easy","name":"Béarnais","length_m":1011},"geometry":{"type":"LineString","coordinates":[[0.14762,42.91139],[0.1484,42.91132],[0.14934,42.91106],[0.14996,42.91097],[0.15041,42.911],[0.1506,42.91101],[0.15084,42.91093],[0.15114,42.91064],[0.1517,42.91016],[0.15226,42.90993],[0.15293,42.90956],[0.15328,42.90928],[0.15382,42.90913],[0.15419,42.90914],[0.15456,42.90926],[0.15487,42.90931],[0.15507,42.90927],[0.15563,42.90907],[0.15631,42.90893],[0.15641,42.90891],[0.15714,42.90873],[0.15784,42.90848],[0.15865,42.90826]]}},
{"type":"Feature","id":"way/221380155","properties":{"station_id":"grand-tourmalet","osm_id":221380155,"feature":"piste","kind":"easy","name":"Espade","length_m":1409},"geometry":{"type":"LineString","coordinates":[[0.14665,42.90646],[0.14662,42.90645],[0.14661,42.90644],[0.14661,42.90642],[0.14663,42.9064],[0.14728,42.90609],[0.14853,42.90605],[0.1489,42.90604],[0.1494,42.90597],[0.15003,42.90593],[0.15071,42.90595],[0.15113,42.90604],[0.15165,42.90599],[0.15232,42.90594],[0.15261,42.90592],[0.15288,42.90592],[0.15315,42.90586],[0.15346,42.90573],[0.15408,42.9056],[0.15474,42.90551],[0.15501,42.90543],[0.15537,42.90532],[0.15623,42.90513],[0.15661,42.90503],[0.157,42.90498],[0.15768,42.90502],[0.15818,42.90506],[0.15887,42.90518],[0.15946,42.90536],[0.16068,42.90567],[0.16147,42.90591],[0.16194,42.90598],[0.16231,42.90602],[0.16257,42.90601],[0.16289,42.90601],[0.16306,42.90607],[0.16309,42.90617]]}},
{"type":"Feature","id":"way/221380159","properties":{"station_id":"grand-tourmalet","osm_id":221380159,"feature":"piste","kind":"intermediate","name":"Sapins","length_m":468},"geometry":{"type":"LineString","coordinates":[[0.17706,42.90518],[0.17734,42.90567],[0.17755,42.90601],[0.17771,42.90624],[0.17789,42.9065],[0.178,42.90673],[0.17816,42.90698],[0.17823,42.9071],[0.17836,42.90731],[0.17847,42.90752],[0.17915,42.90825],[0.17944,42.90848],[0.17984,42.90882]]}},
{"type":"Feature","id":"way/221380160","properties":{"station_id":"grand-tourmalet","osm_id":221380160,"feature":"piste","kind":"advanced","name":"Coupe du Monde","length_m":251},"geometry":{"type":"LineString","coordinates":[[0.17338,42.90124],[0.1734,42.90122],[0.1734,42.90122],[0.17494,42.90214],[0.17499,42.90238],[0.17456,42.90281]]}},
{"type":"Feature","id":"way/221380161","properties":{"station_id":"grand-tourmalet","osm_id":221380161,"feature":"piste","kind":"advanced","name":"Prade Verde","length_m":1276},"geometry":{"type":"LineString","coordinates":[[0.17338,42.90124],[0.1734,42.90122],[0.17339,42.90121],[0.17331,42.90118],[0.17287,42.90118],[0.17231,42.90103],[0.16929,42.90017],[0.16899,42.90016],[0.1689,42.90037],[0.16884,42.90187],[0.16884,42.90371],[0.16932,42.90619],[0.16812,42.90764],[0.1681,42.90768],[0.16811,42.90772],[0.16812,42.90774],[0.16814,42.90776],[0.16817,42.90777],[0.1682,42.90777],[0.16822,42.90776],[0.16824,42.90775],[0.16828,42.90771]]}},
{"type":"Feature","id":"way/221380162","properties":{"station_id":"grand-tourmalet","osm_id":221380162,"feature":"piste","kind":"intermediate","name":"Gentianes","length_m":742},"geometry":{"type":"LineString","coordinates":[[0.16104,42.91508],[0.16091,42.91514],[0.16087,42.91514],[0.16084,42.91513],[0.16083,42.91512],[0.16082,42.9151],[0.16082,42.91508],[0.16083,42.91506],[0.16085,42.91502],[0.16091,42.91492],[0.16093,42.9149],[0.16096,42.91489],[0.16156,42.91471],[0.16298,42.91433],[0.16365,42.91402],[0.16438,42.91387],[0.16475,42.91373],[0.16509,42.91351],[0.16611,42.91284],[0.1665,42.91265],[0.16672,42.91238],[0.16709,42.91212],[0.16738,42.91195],[0.16778,42.91169],[0.16798,42.9116]]}},
{"type":"Feature","id":"way/221380164","properties":{"station_id":"grand-tourmalet","osm_id":221380164,"feature":"piste","kind":"easy","name":"Sapin","length_m":1938},"geometry":{"type":"LineString","coordinates":[[0.17458,42.90292],[0.17456,42.90281],[0.17535,42.903],[0.17652,42.90322],[0.17729,42.90325],[0.17811,42.9032],[0.1788,42.90309],[0.17919,42.9031],[0.17968,42.90332],[0.17967,42.90355],[0.17951,42.90367],[0.17891,42.90399],[0.17876,42.904],[0.17836,42.90425],[0.17768,42.90469],[0.17716,42.90505],[0.17706,42.90518],[0.17703,42.90522],[0.17647,42.90552],[0.17594,42.90573],[0.17526,42.90591],[0.17472,42.90601],[0.17425,42.90613],[0.17387,42.90631],[0.17355,42.90643],[0.17332,42.90645],[0.17312,42.90647],[0.1727,42.90647],[0.17228,42.90644],[0.17144,42.90633],[0.17062,42.90624],[0.16969,42.90618],[0.16956,42.90618],[0.16932,42.90619],[0.16909,42.90622],[0.16892,42.90624],[0.16855,42.90624],[0.16797,42.90625],[0.16732,42.90621],[0.167,42.90614],[0.16651,42.90604],[0.16608,42.90604],[0.16547,42.90608],[0.16478,42.90621],[0.16446,42.90627],[0.16369,42.9063],[0.16309,42.90617]]}},
{"type":"Feature","id":"way/225932219","properties":{"station_id":"grand-tourmalet","osm_id":225932219,"feature":"piste","kind":"easy","name":"Panoramic","length_m":1812},"geometry":{"type":"LineString","coordinates":[[0.14751,42.91687],[0.14751,42.91689],[0.14752,42.9169],[0.14753,42.9169],[0.14774,42.91687],[0.14782,42.91666],[0.14774,42.91628],[0.14659,42.91483],[0.14601,42.91455],[0.14556,42.91433],[0.14485,42.9138],[0.14401,42.91326],[0.14383,42.91299],[0.14379,42.91279],[0.14377,42.9127],[0.14374,42.91217],[0.14368,42.9117],[0.1437,42.91127],[0.14427,42.91045],[0.14442,42.9102],[0.14427,42.90988],[0.14262,42.90965],[0.14241,42.90954],[0.14234,42.9094],[0.14243,42.90928],[0.14271,42.90918],[0.14307,42.90912],[0.14363,42.90895],[0.14418,42.9087],[0.14433,42.90857],[0.14444,42.90845],[0.14465,42.90837],[0.14492,42.90829],[0.14504,42.90824],[0.1451,42.90817],[0.14509,42.90812],[0.1451,42.90807],[0.14512,42.90802],[0.14517,42.90793],[0.14519,42.90789],[0.1452,42.90785],[0.14521,42.9078],[0.14521,42.90775],[0.1452,42.90771],[0.14514,42.90755],[0.14512,42.90748],[0.14511,42.90741],[0.14512,42.90734],[0.14514,42.90723],[0.1452,42.90697],[0.14523,42.9069],[0.14527,42.90684],[0.14523,42.90663],[0.14514,42.90637],[0.14509,42.90616],[0.14494,42.90589],[0.14483,42.9057],[0.1447,42.90548],[0.14466,42.90534],[0.14464,42.90516],[0.14463,42.90497],[0.14434,42.90454]]}},
{"type":"Feature","id":"way/225932229","properties":{"station_id":"grand-tourmalet","osm_id":225932229,"feature":"piste","kind":"advanced","name":"Sources","length_m":736},"geometry":{"type":"LineString","coordinates":[[0.17231,42.90103],[0.17233,42.90109],[0.17248,42.90117],[0.17277,42.90138],[0.17284,42.90147],[0.17281,42.90157],[0.17245,42.90197],[0.17219,42.90253],[0.17254,42.90263],[0.17192,42.90315],[0.17144,42.90402],[0.17146,42.90458],[0.17122,42.90482],[0.17105,42.90513],[0.17072,42.90533],[0.17035,42.90551],[0.17016,42.90581],[0.16969,42.90618],[0.16956,42.90618],[0.16932,42.90619]]}},
{"type":"Feature","id":"way/225932232","properties":{"station_id":"grand-tourmalet","osm_id":225932232,"feature":"piste","kind":"novice","name":"Turon 1","length_m":363},"geometry":{"type":"LineString","coordinates":[[0.17334,42.90866],[0.17351,42.90886],[0.17374,42.90905],[0.1746,42.90933],[0.17574,42.90962],[0.17642,42.90977],[0.1769,42.90991],[0.1773,42.90983]]}},
{"type":"Feature","id":"way/225932237","properties":{"station_id":"grand-tourmalet","osm_id":225932237,"feature":"piste","kind":"novice","name":"Valleé des Indianes","length_m":382},"geometry":{"type":"LineString","coordinates":[[0.17343,42.90863],[0.17363,42.90851],[0.17389,42.90844],[0.1741,42.9084],[0.17424,42.9084],[0.17497,42.90844],[0.17571,42.90851],[0.17639,42.90868],[0.17654,42.90879],[0.17672,42.90888],[0.1769,42.90893],[0.1771,42.90897],[0.17751,42.90913],[0.17758,42.90926],[0.17751,42.90933]]}},
{"type":"Feature","id":"way/225932239","properties":{"station_id":"grand-tourmalet","osm_id":225932239,"feature":"piste","kind":"novice","name":"Oursons","length_m":786},"geometry":{"type":"LineString","coordinates":[[0.16864,42.90936],[0.16866,42.90928],[0.16879,42.90913],[0.169,42.90894],[0.16922,42.90882],[0.16953,42.90872],[0.16987,42.90871],[0.17016,42.90872],[0.17053,42.90856],[0.17076,42.90859],[0.17087,42.90869],[0.17084,42.90882],[0.17096,42.90899],[0.17134,42.90926],[0.17172,42.90935],[0.17205,42.90936],[0.17265,42.90957],[0.17349,42.90978],[0.17373,42.90984],[0.17407,42.90993],[0.17453,42.91003],[0.17519,42.91006],[0.17544,42.91006],[0.17561,42.91005],[0.17581,42.91002],[0.17604,42.90998],[0.17628,42.90996],[0.17677,42.91005],[0.17694,42.91016],[0.17693,42.91019]]}},
{"type":"Feature","id":"way/225932247","properties":{"station_id":"grand-tourmalet","osm_id":225932247,"feature":"piste","kind":"intermediate","name":"Coume","length_m":1139},"geometry":{"type":"LineString","coordinates":[[0.14751,42.91687],[0.14751,42.91689],[0.14772,42.91719],[0.14834,42.91723],[0.14898,42.91699],[0.14967,42.91693],[0.15087,42.91699],[0.15191,42.917],[0.15307,42.91672],[0.15421,42.91632],[0.15519,42.9162],[0.15628,42.91617],[0.157,42.91604],[0.15774,42.9159],[0.15807,42.91578],[0.15853,42.9156],[0.15913,42.9155],[0.15999,42.91553],[0.16028,42.9155],[0.16072,42.91535]]}},
{"type":"Feature","id":"way/225932249","properties":{"station_id":"grand-tourmalet","osm_id":225932249,"feature":"piste","kind":"novice","name":"Pène Blanque","length_m":477},"geometry":{"type":"LineString","coordinates":[[0.18572,42.90862],[0.1856,42.9085],[0.18545,42.90832],[0.18519,42.90816],[0.18497,42.90807],[0.18479,42.90806],[0.18477,42.90823],[0.1844,42.90853],[0.18378,42.90872],[0.18297,42.90887],[0.18226,42.90897],[0.18108,42.90908],[0.18071,42.90899]]}},
{"type":"Feature","id":"way/226227587","properties":{"station_id":"grand-tourmalet","osm_id":226227587,"feature":"piste","kind":"intermediate","name":"Espade","length_m":675},"geometry":{"type":"LineString","coordinates":[[0.14759,42.90733],[0.14822,42.90734],[0.1486,42.90736],[0.14918,42.90735],[0.14975,42.90724],[0.1503,42.90715],[0.15091,42.90711],[0.15139,42.90701],[0.15169,42.9069],[0.15216,42.90678],[0.15271,42.90673],[0.1531,42.90667],[0.1535,42.90661],[0.15376,42.9065],[0.15407,42.90626],[0.15427,42.90613],[0.15453,42.90582],[0.15501,42.90543]]}},
{"type":"Feature","id":"way/226227615","properties":{"station_id":"grand-tourmalet","osm_id":226227615,"feature":"piste","kind":"easy","name":"Tourmalet","length_m":424},"geometry":{"type":"LineString","coordinates":[[0.1453,42.90839],[0.14521,42.90833],[0.14516,42.90829],[0.14513,42.90825],[0.14511,42.90821],[0.1451,42.90817],[0.14509,42.90812],[0.1451,42.90807],[0.14512,42.90802],[0.14517,42.90793],[0.14519,42.90789],[0.1452,42.90785],[0.14521,42.9078],[0.14521,42.90775],[0.1452,42.90771],[0.14514,42.90755],[0.14512,42.90748],[0.14511,42.90741],[0.14512,42.90734],[0.14514,42.90723],[0.1452,42.90697],[0.14523,42.9069],[0.14527,42.90684],[0.14532,42.9068],[0.14544,42.90672],[0.14557,42.90665],[0.14562,42.90661],[0.14567,42.90656],[0.14575,42.90644],[0.14583,42.90631],[0.14601,42.90611],[0.14616,42.90598],[0.14641,42.9058],[0.14647,42.90574],[0.14653,42.90564],[0.1467,42.9053],[0.14672,42.90523],[0.14671,42.9052],[0.14666,42.90517],[0.14665,42.90511],[0.14662,42.90505]]}},
{"type":"Feature","id":"way/226227632","properties":{"station_id":"grand-tourmalet","osm_id":226227632,"feature":"piste","kind":"advanced","name":"Pourteilh","length_m":882},"geometry":{"type":"LineString","coordinates":[[0.1581,42.90029],[0.15825,42.9005],[0.15844,42.90065],[0.15896,42.90088],[0.1595,42.90102],[0.15992,42.90127],[0.16024,42.90137],[0.16062,42.90147],[0.16105,42.9018],[0.16168,42.90234],[0.16204,42.90259],[0.16221,42.90286],[0.16251,42.90336],[0.16286,42.90375],[0.1631,42.90402],[0.16333,42.90433],[0.16354,42.90476],[0.16373,42.90511],[0.16399,42.90534],[0.16425,42.9056],[0.16447,42.90591],[0.16446,42.90627]]}},
{"type":"Feature","id":"way/237746261","properties":{"station_id":"grand-tourmalet","osm_id":237746261,"feature":"piste","kind":"novice","name":"Pène Blanque","length_m":126},"geometry":{"type":"LineString","coordinates":[[0.18297,42.90887],[0.18251,42.90915],[0.18224,42.90942],[0.18219,42.90954],[0.18215,42.90977]]}},
{"type":"Feature","id":"way/244040281","properties":{"station_id":"grand-tourmalet","osm_id":244040281,"feature":"piste","kind":"easy","name":"Pourteilh","length_m":1844},"geometry":{"type":"LineString","coordinates":[[0.16408,42.89513],[0.16414,42.89499],[0.16442,42.89462],[0.16462,42.89444],[0.16466,42.89418],[0.16469,42.89344],[0.16453,42.89325],[0.16417,42.89314],[0.16362,42.89315],[0.1631,42.89331],[0.16261,42.89358],[0.16228,42.89386],[0.16159,42.89495],[0.16056,42.89603],[0.16009,42.89678],[0.15984,42.89706],[0.15923,42.89779],[0.15888,42.89861],[0.15857,42.89926],[0.1581,42.90029],[0.1574,42.90107],[0.15687,42.90156],[0.15572,42.90337],[0.15582,42.90382],[0.15606,42.90416],[0.157,42.90498]]}},
{"type":"Feature","id":"way/247657572","properties":{"station_id":"grand-tourmalet","osm_id":247657572,"feature":"piste","kind":"freeride","name":"La Verte","length_m":1766},"geometry":{"type":"LineString","coordinates":[[0.16413,42.92023],[0.16503,42.92024],[0.16616,42.92],[0.16836,42.91919],[0.16946,42.91831],[0.17119,42.91734],[0.1727,42.9173],[0.17443,42.91683],[0.17555,42.91624],[0.17649,42.91565],[0.17707,42.91507],[0.178,42.91454],[0.17817,42.91374],[0.17819,42.91312],[0.1778,42.91221],[0.1775,42.91195],[0.17628,42.91133]]}},
{"type":"Feature","id":"way/247657573","properties":{"station_id":"grand-tourmalet","osm_id":247657573,"feature":"piste","kind":"freeride","name":"La Jaune","length_m":3411},"geometry":{"type":"LineString","coordinates":[[0.16413,42.92023],[0.16448,42.92055],[0.16483,42.92077],[0.16574,42.92091],[0.16629,42.92113],[0.16682,42.92129],[0.16843,42.92148],[0.16948,42.92206],[0.17049,42.92237],[0.17216,42.92245],[0.17382,42.92233],[0.17478,42.92233],[0.17633,42.92261],[0.17782,42.92278],[0.17961,42.9233],[0.18301,42.92451],[0.18386,42.92478],[0.18484,42.92532],[0.18596,42.927],[0.1865,42.92713],[0.18768,42.92745],[0.18856,42.92754],[0.18957,42.92664],[0.19097,42.92591],[0.19215,42.92562],[0.19365,42.92584],[0.19436,42.92617],[0.19554,42.92619],[0.19644,42.92669],[0.1973,42.92705],[0.20124,42.92707]]}},
{"type":"Feature","id":"way/247657575","properties":{"station_id":"grand-tourmalet","osm_id":247657575,"feature":"piste","kind":"freeride","name":"La Blanche","length_m":3412},"geometry":{"type":"LineString","coordinates":[[0.16483,42.92077],[0.16516,42.9217],[0.16502,42.92205],[0.1647,42.92216],[0.16398,42.92232],[0.16343,42.92269],[0.16293,42.92354],[0.16227,42.92514],[0.16238,42.92602],[0.1625,42.92716],[0.16259,42.92788],[0.16336,42.92813],[0.16414,42.92887],[0.16439,42.9302],[0.16501,42.93101],[0.16592,42.93154],[0.16858,42.93237],[0.17019,42.93185],[0.17383,42.93179],[0.17673,42.93134],[0.178,42.9305],[0.18062,42.929],[0.18236,42.92841],[0.18408,42.92821],[0.18656,42.92803],[0.18856,42.92754]]}},
{"type":"Feature","id":"way/247657576","properties":{"station_id":"grand-tourmalet","osm_id":247657576,"feature":"piste","kind":"freeride","name":"Coume du Pic","length_m":4202},"geometry":{"type":"LineString","coordinates":[[0.14124,42.93669],[0.13989,42.93639],[0.1377,42.93568],[0.13695,42.93525],[0.13688,42.93503],[0.13697,42.93477],[0.1379,42.93404],[0.13933,42.9336],[0.13991,42.93339],[0.13994,42.93311],[0.13932,42.93289],[0.13883,42.9327],[0.13874,42.93255],[0.13886,42.93242],[0.13963,42.93205],[0.13975,42.93194],[0.13969,42.93181],[0.13942,42.93164],[0.13938,42.93125],[0.13915,42.93098],[0.139,42.93077],[0.13901,42.93068],[0.13912,42.93054],[0.13945,42.93041],[0.14158,42.92989],[0.1434,42.92966],[0.14558,42.92925],[0.14801,42.92932],[0.14916,42.92947],[0.15059,42.92988],[0.15172,42.9302],[0.15257,42.93058],[0.1541,42.93111],[0.15513,42.93147],[0.15582,42.93169],[0.15705,42.93218],[0.15874,42.93305],[0.15975,42.93361],[0.16078,42.93415],[0.16135,42.93421],[0.16201,42.93419],[0.16444,42.9339],[0.16639,42.93347],[0.16773,42.93315],[0.16908,42.93266],[0.17186,42.93245],[0.17383,42.93179]]}},
{"type":"Feature","id":"way/354654746","properties":{"station_id":"grand-tourmalet","osm_id":354654746,"feature":"piste","kind":"freeride","name":"La Violette","length_m":633},"geometry":{"type":"LineString","coordinates":[[0.16413,42.92023],[0.16367,42.92002],[0.16354,42.91992],[0.16346,42.91983],[0.16338,42.91974],[0.1633,42.91966],[0.16318,42.9196],[0.16311,42.91955],[0.1628,42.91899],[0.16245,42.91878],[0.16219,42.91829],[0.16216,42.91783],[0.16234,42.91728],[0.16273,42.91674],[0.16285,42.91652],[0.16316,42.91521]]}},
{"type":"Feature","id":"way/354654747","properties":{"station_id":"grand-tourmalet","osm_id":354654747,"feature":"piste","kind":"intermediate","name":"Sud","length_m":799},"geometry":{"type":"LineString","coordinates":[[0.16713,42.91464],[0.16715,42.9142],[0.16727,42.91396],[0.16732,42.91376],[0.16751,42.91349],[0.16772,42.91314],[0.16784,42.91277],[0.16785,42.91251],[0.16787,42.91216],[0.16783,42.91188],[0.16798,42.9116],[0.1683,42.91137],[0.16865,42.91124],[0.16885,42.91108],[0.16905,42.91091],[0.16925,42.91053],[0.16948,42.91013],[0.16961,42.91002],[0.16964,42.90999],[0.1702,42.90946],[0.1706,42.90924],[0.17112,42.90903],[0.17153,42.909],[0.17155,42.909],[0.17157,42.90901],[0.17158,42.90903],[0.17158,42.90905],[0.17156,42.90907],[0.17148,42.90911]]}},
{"type":"Feature","id":"way/391398657","properties":{"station_id":"grand-tourmalet","osm_id":391398657,"feature":"piste","kind":"easy","name":"Tour de France","length_m":1314},"geometry":{"type":"LineString","coordinates":[[0.1475,42.90559],[0.14735,42.90575],[0.14728,42.90609],[0.14731,42.90657],[0.14732,42.90672],[0.14736,42.90683],[0.1474,42.90693],[0.14748,42.90711],[0.14748,42.9072],[0.14747,42.90724],[0.14749,42.90728],[0.14752,42.90731],[0.14759,42.90733],[0.14762,42.90738],[0.14764,42.90742],[0.14765,42.90748],[0.14763,42.90768],[0.14757,42.9079],[0.14741,42.90826],[0.14752,42.90838],[0.14778,42.90897],[0.14802,42.90919],[0.14828,42.90922],[0.14974,42.90902],[0.15058,42.90907],[0.15093,42.9091],[0.15133,42.90915],[0.1519,42.90907],[0.15239,42.90899],[0.15284,42.90885],[0.15352,42.90862],[0.15391,42.90858],[0.1541,42.90856],[0.15446,42.90852],[0.15504,42.90844],[0.15562,42.90837],[0.15596,42.90833],[0.15619,42.90835],[0.15662,42.90839],[0.15709,42.90842],[0.15753,42.90829],[0.15821,42.90824],[0.15865,42.90826]]}},
{"type":"Feature","id":"way/391409300","properties":{"station_id":"grand-tourmalet","osm_id":391409300,"feature":"piste","kind":"advanced","name":"Sapins","length_m":699},"geometry":{"type":"LineString","coordinates":[[0.17456,42.90281],[0.17444,42.90279],[0.17417,42.90282],[0.17385,42.90283],[0.17366,42.90285],[0.17348,42.90287],[0.1732,42.90293],[0.17291,42.90302],[0.17268,42.90308],[0.17252,42.90313],[0.17215,42.90326],[0.17203,42.90334],[0.17201,42.90348],[0.17205,42.90358],[0.17212,42.90369],[0.17213,42.90372],[0.17225,42.90379],[0.17239,42.90411],[0.17241,42.90418],[0.17243,42.90427],[0.17239,42.90444],[0.17231,42.90462],[0.17209,42.90478],[0.17202,42.90484],[0.17179,42.90504],[0.17167,42.90524],[0.17154,42.90535],[0.17153,42.90536],[0.17144,42.90545],[0.17094,42.90561],[0.17058,42.90572],[0.17017,42.90585],[0.16948,42.90605],[0.16909,42.90622]]}},
{"type":"Feature","id":"way/675041130","properties":{"station_id":"grand-tourmalet","osm_id":675041130,"feature":"piste","kind":"intermediate","name":"Goni","length_m":396},"geometry":{"type":"LineString","coordinates":[[0.17891,42.90399],[0.17886,42.9044],[0.17872,42.90495],[0.17864,42.90538],[0.1785,42.90584],[0.17845,42.90619],[0.1784,42.90655],[0.17842,42.90688],[0.17843,42.90702],[0.17845,42.90726],[0.17847,42.90752]]}},
{"type":"Feature","id":"way/675041410","properties":{"station_id":"grand-tourmalet","osm_id":675041410,"feature":"piste","kind":"easy","name":"Petit sapins","length_m":294},"geometry":{"type":"LineString","coordinates":[[0.17355,42.90643],[0.1732,42.90662],[0.17301,42.90672],[0.17283,42.90687],[0.1727,42.90711],[0.17271,42.90728],[0.17287,42.90743],[0.17304,42.90763],[0.17332,42.90784],[0.17362,42.90801],[0.1741,42.9084]]}},
{"type":"Feature","id":"way/677740409","properties":{"station_id":"grand-tourmalet","osm_id":677740409,"feature":"piste","kind":"intermediate","name":"Tourmalet","length_m":411},"geometry":{"type":"LineString","coordinates":[[0.1466,42.9048],[0.14619,42.9047],[0.14582,42.90464],[0.14521,42.9047],[0.14499,42.9047],[0.14434,42.90454],[0.14414,42.90442],[0.144,42.90434],[0.14386,42.9043],[0.14354,42.90427],[0.14325,42.90428],[0.14292,42.90425],[0.14259,42.9042],[0.14176,42.90408]]}},
{"type":"Feature","id":"way/677743768","properties":{"station_id":"grand-tourmalet","osm_id":677743768,"feature":"piste","kind":"easy","name":"Caoubère","length_m":1406},"geometry":{"type":"LineString","coordinates":[[0.11911,42.89892],[0.11924,42.89888],[0.11937,42.89888],[0.11958,42.89894],[0.11968,42.89899],[0.11951,42.89909],[0.11952,42.89912],[0.11952,42.89913],[0.11952,42.89912],[0.11953,42.89911],[0.11974,42.89915],[0.12029,42.89921],[0.12073,42.89927],[0.12131,42.89959],[0.1218,42.89971],[0.12231,42.89995],[0.12267,42.90011],[0.12295,42.90029],[0.12307,42.90038],[0.12373,42.90084],[0.1242,42.9011],[0.12473,42.90148],[0.12524,42.90201],[0.12666,42.90378],[0.12688,42.90394],[0.12699,42.904],[0.12709,42.90405],[0.12713,42.90405],[0.1272,42.90407],[0.12735,42.90413],[0.12757,42.9042],[0.12771,42.90422],[0.12818,42.90422],[0.12839,42.90424],[0.12872,42.90432],[0.1291,42.90439],[0.1295,42.90448],[0.12966,42.90455],[0.12976,42.9046],[0.12985,42.90467],[0.12992,42.90474],[0.13,42.90484],[0.1301,42.90501],[0.13019,42.90516],[0.13028,42.90524],[0.13041,42.90533],[0.1306,42.90545],[0.13075,42.90552],[0.13087,42.90556],[0.13099,42.90559],[0.13125,42.90563],[0.13135,42.90565],[0.13142,42.90568],[0.13147,42.90571],[0.13152,42.90575],[0.1317,42.9059],[0.13189,42.906]]}},
{"type":"Feature","id":"way/1028397869","properties":{"station_id":"grand-tourmalet","osm_id":1028397869,"feature":"piste","kind":"intermediate","name":"Coume Lounque","length_m":235},"geometry":{"type":"LineString","coordinates":[[0.14406,42.91081],[0.14517,42.91097],[0.14598,42.91108],[0.14639,42.91113],[0.14671,42.91119],[0.14689,42.91122]]}},
{"type":"Feature","id":"way/1234582863","properties":{"station_id":"grand-tourmalet","osm_id":1234582863,"feature":"piste","kind":"novice","name":"Carrieres","length_m":928},"geometry":{"type":"LineString","coordinates":[[0.18075,42.90558],[0.1805,42.90561],[0.18021,42.90574],[0.17997,42.90598],[0.17988,42.90621],[0.17991,42.9065],[0.18,42.90687],[0.1801,42.90715],[0.18,42.90749],[0.1801,42.90806],[0.18029,42.90822],[0.18049,42.90843],[0.18052,42.90878],[0.18055,42.90897],[0.18068,42.90906],[0.18081,42.90907],[0.18102,42.90903],[0.18116,42.90894],[0.18134,42.90888],[0.18154,42.90869],[0.18157,42.9086],[0.18155,42.90845],[0.18147,42.90834],[0.18149,42.9082],[0.18145,42.90802],[0.1814,42.90789],[0.18135,42.90771],[0.18126,42.90757],[0.18136,42.9072],[0.18138,42.90707],[0.18137,42.90693],[0.18132,42.9068],[0.18123,42.90673],[0.18108,42.90667],[0.18111,42.90658],[0.18125,42.90644],[0.1813,42.90635],[0.18136,42.90625],[0.18143,42.90618],[0.18139,42.90607],[0.18134,42.90594],[0.18128,42.9058],[0.1811,42.90572],[0.18087,42.90559],[0.18075,42.90558]]}},
{"type":"Feature","id":"way/1234582864","properties":{"station_id":"grand-tourmalet","osm_id":1234582864,"feature":"piste","kind":"novice","name":"Tremplin","length_m":213},"geometry":{"type":"LineString","coordinates":[[0.17719,42.90868],[0.17725,42.90863],[0.17745,42.90863],[0.17768,42.90867],[0.1779,42.90874],[0.17817,42.90899],[0.17814,42.90911],[0.17758,42.90904],[0.17734,42.90892],[0.17721,42.90882],[0.17719,42.90879],[0.17719,42.90868]]}},
{"type":"Feature","id":"way/1234582866","properties":{"station_id":"grand-tourmalet","osm_id":1234582866,"feature":"piste","kind":"novice","name":"Turon 2","length_m":279},"geometry":{"type":"LineString","coordinates":[[0.17292,42.90812],[0.17316,42.90813],[0.17338,42.90819],[0.17349,42.90836],[0.17344,42.90847],[0.17327,42.90856],[0.17305,42.90857],[0.17267,42.90852],[0.17203,42.90845],[0.17175,42.90845],[0.17137,42.90855],[0.17099,42.90861]]}},
{"type":"Feature","id":"way/1234582867","properties":{"station_id":"grand-tourmalet","osm_id":1234582867,"feature":"piste","kind":"novice","name":"Baby","length_m":205},"geometry":{"type":"LineString","coordinates":[[0.16868,42.9094],[0.16879,42.90943],[0.16896,42.90943],[0.16922,42.90941],[0.16936,42.90938],[0.16966,42.90934],[0.17007,42.9092],[0.17028,42.90911],[0.17043,42.90901],[0.17058,42.90888],[0.1707,42.90879],[0.17074,42.90872],[0.17076,42.90864]]}},
{"type":"Feature","id":"way/1234582868","properties":{"station_id":"grand-tourmalet","osm_id":1234582868,"feature":"piste","kind":"easy","name":"Grenouilles","length_m":555},"geometry":{"type":"LineString","coordinates":[[0.15865,42.90826],[0.15886,42.90808],[0.15898,42.90798],[0.15918,42.90774],[0.15935,42.90754],[0.15969,42.90732],[0.15999,42.90717],[0.1605,42.90697],[0.1608,42.90684],[0.16112,42.90673],[0.16139,42.90668],[0.16176,42.90663],[0.16206,42.90668],[0.16248,42.90675],[0.16295,42.90682],[0.16331,42.90685],[0.16357,42.90691],[0.16388,42.90695],[0.16404,42.90696],[0.1641,42.907],[0.16425,42.90701],[0.16454,42.90704]]}},
{"type":"Feature","id":"way/1234582870","properties":{"station_id":"grand-tourmalet","osm_id":1234582870,"feature":"piste","kind":"easy","name":"Sapins","length_m":204},"geometry":{"type":"LineString","coordinates":[[0.16478,42.90621],[0.16458,42.90658],[0.16454,42.90704],[0.16486,42.90734],[0.16528,42.90754],[0.16558,42.9076]]}},
{"type":"Feature","id":"way/1234582871","properties":{"station_id":"grand-tourmalet","osm_id":1234582871,"feature":"piste","kind":"novice","name":"Adour","length_m":334},"geometry":{"type":"LineString","coordinates":[[0.16864,42.90936],[0.16858,42.90914],[0.16842,42.90883],[0.16818,42.90855],[0.16783,42.90841],[0.1675,42.90827],[0.16714,42.90805],[0.16695,42.90793],[0.16654,42.90773],[0.16638,42.90768],[0.16566,42.90764]]}},
{"type":"Feature","id":"way/1234582872","properties":{"station_id":"grand-tourmalet","osm_id":1234582872,"feature":"piste","kind":"easy","name":null,"length_m":282},"geometry":{"type":"LineString","coordinates":[[0.14442,42.9102],[0.14472,42.90978],[0.14495,42.90957],[0.1453,42.90937],[0.14579,42.90919],[0.14626,42.90899],[0.1467,42.90884],[0.14709,42.90872]]}},
{"type":"Feature","id":"way/1234582873","properties":{"station_id":"grand-tourmalet","osm_id":1234582873,"feature":"piste","kind":"advanced","name":"Pourteilh","length_m":1573},"geometry":{"type":"LineString","coordinates":[[0.16411,42.89502],[0.16419,42.89515],[0.16417,42.89531],[0.16416,42.89539],[0.16416,42.89545],[0.1641,42.89552],[0.16398,42.89554],[0.164,42.89563],[0.16402,42.89575],[0.164,42.89585],[0.16403,42.89595],[0.16416,42.89606],[0.16411,42.89614],[0.1639,42.8963],[0.16374,42.89641],[0.16363,42.89647],[0.16359,42.89651],[0.16357,42.89668],[0.16354,42.89676],[0.16359,42.89683],[0.16359,42.89691],[0.16361,42.89706],[0.16371,42.89715],[0.16394,42.89728],[0.16406,42.89737],[0.16426,42.89741],[0.16448,42.8976],[0.16455,42.89777],[0.16469,42.89802],[0.16468,42.89817],[0.16465,42.89836],[0.16469,42.89839],[0.1648,42.89848],[0.16484,42.89855],[0.1648,42.89864],[0.16473,42.89876],[0.16464,42.89897],[0.16466,42.89905],[0.16474,42.89922],[0.16482,42.89933],[0.1649,42.89934],[0.16503,42.89933],[0.16511,42.89931],[0.16523,42.89934],[0.16542,42.89933],[0.16556,42.89945],[0.16564,42.89954],[0.16568,42.89957],[0.16589,42.8996],[0.16615,42.89957],[0.16634,42.89959],[0.16603,42.89991],[0.16576,42.90021],[0.16526,42.90042],[0.16508,42.90047],[0.16475,42.90057],[0.16451,42.90075],[0.16446,42.90088],[0.16442,42.901],[0.16432,42.90124],[0.16417,42.90138],[0.16392,42.9016],[0.16395,42.90176],[0.16388,42.90186],[0.164,42.9021],[0.16452,42.90233],[0.16446,42.90262],[0.16438,42.90284],[0.16442,42.90301],[0.16455,42.90324],[0.16477,42.90341],[0.16477,42.90352],[0.16467,42.90363],[0.16451,42.90387],[0.16458,42.90416],[0.16468,42.90448],[0.16467,42.90473],[0.16466,42.90515],[0.16465,42.90556],[0.1647,42.90592],[0.16478,42.90621]]}},
{"type":"Feature","id":"way/1283372476","properties":{"station_id":"grand-tourmalet","osm_id":1283372476,"feature":"piste","kind":"easy","name":"Couelya","length_m":168},"geometry":{"type":"LineString","coordinates":[[0.13708,42.90408],[0.137,42.9039],[0.13696,42.90383],[0.13691,42.90376],[0.13686,42.90371],[0.1368,42.90366],[0.13667,42.90362],[0.1365,42.90356],[0.13638,42.9035],[0.1363,42.90343],[0.13615,42.90322],[0.13612,42.90315],[0.13611,42.90301],[0.13609,42.90295],[0.13607,42.90292],[0.13602,42.90288]]}},
{"type":"Feature","id":"way/1283372478","properties":{"station_id":"grand-tourmalet","osm_id":1283372478,"feature":"piste","kind":"easy","name":"Labach","length_m":807},"geometry":{"type":"LineString","coordinates":[[0.12373,42.90084],[0.12392,42.90088],[0.12415,42.90092],[0.12429,42.90095],[0.12452,42.90098],[0.12466,42.90099],[0.12492,42.90098],[0.12512,42.90099],[0.12524,42.90102],[0.12532,42.9011],[0.12536,42.90121],[0.12542,42.90127],[0.12559,42.90133],[0.12577,42.90138],[0.12583,42.9014],[0.12596,42.90148],[0.12606,42.90155],[0.12625,42.90168],[0.12642,42.90183],[0.12667,42.90207],[0.12682,42.90217],[0.12708,42.90231],[0.12724,42.90236],[0.12738,42.90238],[0.12748,42.90238],[0.12764,42.90235],[0.12804,42.90219],[0.12838,42.90209],[0.12865,42.90202],[0.12878,42.90199],[0.12908,42.90188],[0.12933,42.90182],[0.12951,42.90174],[0.12966,42.90168],[0.12985,42.90163],[0.13009,42.9016],[0.13048,42.9016],[0.1309,42.90162],[0.13128,42.90161],[0.1316,42.90161],[0.13179,42.90163],[0.13197,42.90167],[0.13207,42.90172],[0.13217,42.9018],[0.1323,42.90192],[0.13241,42.90198]]}},
{"type":"Feature","id":"way/1283372479","properties":{"station_id":"grand-tourmalet","osm_id":1283372479,"feature":"piste","kind":"easy","name":"Coueyla","length_m":1421},"geometry":{"type":"LineString","coordinates":[[0.14176,42.90408],[0.14153,42.90396],[0.14128,42.90395],[0.14099,42.90394],[0.14049,42.90391],[0.14009,42.90392],[0.13984,42.90391],[0.13951,42.90388],[0.13907,42.90381],[0.13889,42.90374],[0.13866,42.90365],[0.13844,42.90358],[0.13814,42.90345],[0.13791,42.90335],[0.1376,42.90328],[0.13735,42.90323],[0.13713,42.90313],[0.13689,42.90301],[0.13657,42.90294],[0.13627,42.90289],[0.13602,42.90288],[0.13596,42.90286],[0.1359,42.90285],[0.13577,42.90284],[0.13567,42.90283],[0.13553,42.9028],[0.13531,42.90274],[0.1352,42.90272],[0.13512,42.90271],[0.13504,42.90272],[0.13478,42.90278],[0.13471,42.90279],[0.13463,42.90278],[0.13455,42.90277],[0.13442,42.90273],[0.13427,42.90267],[0.13419,42.90263],[0.13414,42.90259],[0.13409,42.90253],[0.13402,42.90236],[0.13398,42.90232],[0.13393,42.90228],[0.13387,42.90225],[0.13378,42.90223],[0.13361,42.90221],[0.13349,42.9022],[0.13338,42.90219],[0.1333,42.90217],[0.13318,42.90213],[0.13302,42.90206],[0.13287,42.90199],[0.13274,42.90194],[0.13268,42.90193],[0.13261,42.90192],[0.13253,42.90193],[0.13246,42.90195],[0.13241,42.90198],[0.13239,42.90201],[0.13237,42.90205],[0.13236,42.90211],[0.13234,42.90231],[0.13229,42.9025],[0.13224,42.90266],[0.13222,42.90271],[0.13218,42.90275],[0.13213,42.9028],[0.13206,42.90284],[0.13182,42.90298],[0.13176,42.90303],[0.1317,42.90308],[0.13152,42.90326],[0.13143,42.90332],[0.13135,42.90335],[0.13129,42.90337],[0.13123,42.90338],[0.13115,42.90339],[0.13109,42.90338],[0.13094,42.90336],[0.13087,42.90335],[0.13078,42.90335],[0.1307,42.90336],[0.13054,42.90339],[0.13007,42.90352],[0.12982,42.9036],[0.12949,42.90372],[0.12937,42.90375],[0.12926,42.90377],[0.12904,42.90378],[0.12889,42.90378],[0.12881,42.90378],[0.12872,42.90377],[0.12861,42.90374],[0.1284,42.90366],[0.12812,42.90359],[0.12805,42.90357],[0.12797,42.90356],[0.1279,42.90357],[0.12781,42.90358],[0.12761,42.90364],[0.12748,42.9037],[0.1274,42.90372],[0.12731,42.90373],[0.12723,42.90374],[0.12703,42.90371],[0.12697,42.90371],[0.1269,42.90372],[0.12666,42.90378]]}},
{"type":"Feature","id":"way/1283388482","properties":{"station_id":"grand-tourmalet","osm_id":1283388482,"feature":"piste","kind":"easy","name":"Panoramic","length_m":256},"geometry":{"type":"LineString","coordinates":[[0.1453,42.90839],[0.14535,42.90842],[0.14561,42.90854],[0.14571,42.90858],[0.14578,42.9086],[0.14585,42.9086],[0.14592,42.9086],[0.14598,42.90859],[0.14605,42.90857],[0.14612,42.90854],[0.14619,42.9085],[0.14649,42.90824],[0.14731,42.90762],[0.14745,42.9075],[0.14757,42.90737],[0.14759,42.90733]]}},
{"type":"Feature","id":"way/1283388483","properties":{"station_id":"grand-tourmalet","osm_id":1283388483,"feature":"piste","kind":"easy","name":"Tour de France","length_m":113},"geometry":{"type":"LineString","coordinates":[[0.1541,42.90856],[0.15415,42.90858],[0.15443,42.90869],[0.1545,42.90873],[0.15456,42.90877],[0.15459,42.90882],[0.15461,42.90887],[0.15462,42.90892],[0.15461,42.90902],[0.15462,42.90907],[0.15464,42.90912],[0.15466,42.90916],[0.15471,42.9092],[0.15478,42.90925],[0.15487,42.90931]]}},
{"type":"Feature","id":"way/1283388485","properties":{"station_id":"grand-tourmalet","osm_id":1283388485,"feature":"piste","kind":"easy","name":"Maintenon","length_m":738},"geometry":{"type":"LineString","coordinates":[[0.15589,42.90781],[0.15575,42.90768],[0.15568,42.90762],[0.15564,42.90757],[0.15561,42.90752],[0.15559,42.90745],[0.15557,42.90738],[0.15554,42.90733],[0.1555,42.9073],[0.15544,42.90726],[0.15534,42.9072],[0.15526,42.90715],[0.15518,42.90708],[0.155,42.90692],[0.15481,42.9068],[0.15474,42.90677],[0.15469,42.90675],[0.15463,42.90674],[0.15456,42.90674],[0.15446,42.90674],[0.15436,42.90675],[0.1542,42.90677],[0.15411,42.90678],[0.15405,42.90679],[0.154,42.90678],[0.15395,42.90677],[0.15391,42.90675],[0.15389,42.90672],[0.15388,42.90669],[0.15389,42.90666],[0.1539,42.90663],[0.15393,42.90659],[0.15401,42.90655],[0.15411,42.90653],[0.15435,42.90651],[0.15473,42.9065],[0.15514,42.90652],[0.15522,42.90653],[0.15534,42.90656],[0.15546,42.90661],[0.1556,42.90663],[0.15592,42.90666],[0.15612,42.90671],[0.15684,42.90695],[0.157,42.90702],[0.15712,42.9071],[0.15733,42.90724],[0.15747,42.9073],[0.15779,42.90739],[0.15793,42.90746],[0.15804,42.90753],[0.15814,42.90762],[0.1583,42.90772],[0.15847,42.90781],[0.15865,42.90792],[0.15885,42.90807],[0.15886,42.90808],[0.15901,42.90821],[0.1591,42.90827],[0.15921,42.90832]]}},
{"type":"Feature","id":"way/1283388486","properties":{"station_id":"grand-tourmalet","osm_id":1283388486,"feature":"piste","kind":"easy","name":"Sud","length_m":727},"geometry":{"type":"LineString","coordinates":[[0.1609,42.91191],[0.16052,42.9118],[0.16037,42.91172],[0.16021,42.91159],[0.16005,42.91145],[0.15978,42.91131],[0.15954,42.91122],[0.1589,42.91106],[0.15869,42.91099],[0.15832,42.91084],[0.15811,42.91077],[0.15761,42.91065],[0.15741,42.91058],[0.1571,42.91043],[0.15688,42.91034],[0.15662,42.91027],[0.15632,42.91018],[0.15619,42.91012],[0.15622,42.91009],[0.15625,42.91006],[0.15626,42.91001],[0.15626,42.90994],[0.15623,42.9099],[0.15618,42.90984],[0.15611,42.90978],[0.15606,42.90974],[0.15602,42.9097],[0.156,42.90966],[0.15599,42.90961],[0.15599,42.90955],[0.15601,42.90949],[0.15606,42.9094],[0.15612,42.9093],[0.1562,42.90921],[0.15635,42.90903],[0.15638,42.909],[0.1564,42.90895],[0.15641,42.90891],[0.15641,42.9089],[0.15641,42.90885],[0.1564,42.90878],[0.15636,42.90866],[0.15633,42.90858],[0.15631,42.90853],[0.15626,42.90846],[0.15621,42.9084],[0.1562,42.90837],[0.15619,42.90835],[0.15619,42.90833],[0.15619,42.9083],[0.1562,42.90826],[0.15622,42.90821],[0.15624,42.90816],[0.15624,42.90812],[0.15623,42.90807],[0.15621,42.90804],[0.15617,42.908],[0.15606,42.90793],[0.15589,42.90781]]}},
{"type":"Feature","id":"way/1283388487","properties":{"station_id":"grand-tourmalet","osm_id":1283388487,"feature":"piste","kind":"easy","name":"Sud","length_m":535},"geometry":{"type":"LineString","coordinates":[[0.16187,42.91237],[0.1615,42.91196],[0.16119,42.91139],[0.16098,42.91093],[0.16073,42.91049],[0.16039,42.90994],[0.1599,42.9094],[0.15953,42.90915],[0.15914,42.90894],[0.15895,42.90871],[0.15865,42.90826]]}},
{"type":"Feature","id":"way/1283388488","properties":{"station_id":"grand-tourmalet","osm_id":1283388488,"feature":"piste","kind":"easy","name":"Sud","length_m":1209},"geometry":{"type":"LineString","coordinates":[[0.16104,42.91508],[0.16091,42.91514],[0.16072,42.91535],[0.16097,42.91539],[0.16142,42.91535],[0.16316,42.91521],[0.164,42.91512],[0.16458,42.91504],[0.16522,42.91497],[0.16581,42.91504],[0.16639,42.91503],[0.16684,42.91495],[0.16711,42.91479],[0.16713,42.91464],[0.16705,42.91463],[0.16666,42.91452],[0.16645,42.91446],[0.16595,42.91426],[0.16583,42.91421],[0.16569,42.91411],[0.16546,42.91392],[0.16526,42.91379],[0.16517,42.91365],[0.16509,42.91351],[0.16499,42.91332],[0.16479,42.91307],[0.16471,42.91303],[0.1645,42.91294],[0.16416,42.91291],[0.16363,42.91286],[0.16319,42.91275],[0.16289,42.91268],[0.16268,42.91263],[0.16237,42.9125],[0.16225,42.91246],[0.16187,42.91237],[0.1617,42.91231],[0.16158,42.91224],[0.16138,42.9121],[0.16107,42.91196],[0.1609,42.91191]]}},
{"type":"Feature","id":"way/1283388490","properties":{"station_id":"grand-tourmalet","osm_id":1283388490,"feature":"piste","kind":"easy","name":"Maintenon","length_m":943},"geometry":{"type":"LineString","coordinates":[[0.15865,42.90826],[0.15901,42.9083],[0.15921,42.90832],[0.15954,42.90847],[0.15976,42.90853],[0.15989,42.90855],[0.16024,42.90861],[0.16084,42.90871],[0.16108,42.90876],[0.16168,42.9089],[0.16199,42.90899],[0.16244,42.90916],[0.16268,42.90927],[0.16285,42.90936],[0.16302,42.90941],[0.16318,42.90945],[0.16338,42.90948],[0.16364,42.90951],[0.1638,42.90954],[0.16418,42.90963],[0.16435,42.90964],[0.16452,42.90963],[0.16479,42.90958],[0.165,42.90955],[0.16528,42.90955],[0.16543,42.90953],[0.16578,42.90946],[0.16602,42.90942],[0.16627,42.90941],[0.16707,42.90942],[0.16727,42.90944],[0.16744,42.90947],[0.1676,42.90952],[0.16778,42.90958],[0.1679,42.90964],[0.16811,42.90977],[0.16825,42.90981],[0.16867,42.90991],[0.16883,42.90996],[0.16929,42.91003],[0.16943,42.91001],[0.16964,42.90999]]}},
{"type":"Feature","id":"way/1366343254","properties":{"station_id":"grand-tourmalet","osm_id":1366343254,"feature":"piste","kind":"freeride","name":null,"length_m":2472},"geometry":{"type":"LineString","coordinates":[[0.13901,42.93068],[0.13874,42.93043],[0.13833,42.93034],[0.13831,42.92992],[0.13835,42.92957],[0.13852,42.92889],[0.13773,42.92705],[0.13756,42.92685],[0.13711,42.92654],[0.1368,42.92695],[0.13646,42.92693],[0.1359,42.9264],[0.13452,42.9258],[0.13439,42.92563],[0.13458,42.92525],[0.13347,42.92405],[0.13279,42.92271],[0.13242,42.92096],[0.13227,42.91969],[0.1322,42.91848],[0.13199,42.91808],[0.13185,42.91791],[0.13222,42.91776],[0.13201,42.91751],[0.13154,42.91739],[0.13151,42.91614],[0.13131,42.91483],[0.13096,42.91398],[0.13077,42.9134],[0.13076,42.91271],[0.13086,42.91207],[0.13111,42.91191]]}},
{"type":"Feature","id":"way/1488007156","properties":{"station_id":"grand-tourmalet","osm_id":1488007156,"feature":"piste","kind":"easy","name":null,"length_m":92},"geometry":{"type":"LineString","coordinates":[[0.16469,42.89344],[0.16475,42.89334],[0.1646,42.89314],[0.1644,42.893],[0.16427,42.89292],[0.16408,42.89283]]}},
{"type":"Feature","id":"way/1546619974","properties":{"station_id":"grand-tourmalet","osm_id":1546619974,"feature":"piste","kind":"advanced","name":"Sapins","length_m":222},"geometry":{"type":"LineString","coordinates":[[0.17212,42.90369],[0.17182,42.90379],[0.17157,42.90391],[0.17146,42.90403],[0.17141,42.9041],[0.17128,42.90438],[0.17128,42.90452],[0.17126,42.90468],[0.17127,42.90491],[0.17136,42.90512],[0.17153,42.90536]]}},
{"type":"Feature","id":"way/148844623","properties":{"station_id":"guzet","osm_id":148844623,"feature":"lift","kind":"chair_lift","name":"Muscadet","length_m":514},"geometry":{"type":"LineString","coordinates":[[1.3016,42.77871],[1.30178,42.7786],[1.30237,42.77823],[1.30346,42.77755],[1.30415,42.77712],[1.30572,42.77613],[1.30616,42.77586],[1.30639,42.77571]]}},
{"type":"Feature","id":"way/148844624","properties":{"station_id":"guzet","osm_id":148844624,"feature":"lift","kind":"chair_lift","name":"Freychet","length_m":1023},"geometry":{"type":"LineString","coordinates":[[1.30587,42.76493],[1.30646,42.7644],[1.30746,42.76353],[1.30868,42.76245],[1.30942,42.7618],[1.30988,42.7614],[1.31093,42.76048],[1.31167,42.75983],[1.31284,42.75881],[1.31367,42.75808],[1.3138,42.75796],[1.3139,42.75787]]}},
{"type":"Feature","id":"way/148844626","properties":{"station_id":"guzet","osm_id":148844626,"feature":"lift","kind":"drag_lift","name":"Roc 1","length_m":553},"geometry":{"type":"LineString","coordinates":[[1.30627,42.76524],[1.30678,42.76495],[1.30717,42.76473],[1.30855,42.76395],[1.30909,42.76364],[1.30998,42.76314],[1.31072,42.76272],[1.31132,42.76238],[1.31163,42.7622]]}},
{"type":"Feature","id":"way/148844627","properties":{"station_id":"guzet","osm_id":148844627,"feature":"lift","kind":"chair_lift","name":"Picou","length_m":947},"geometry":{"type":"LineString","coordinates":[[1.29977,42.77845],[1.2999,42.77835],[1.30069,42.77779],[1.30156,42.77716],[1.30217,42.77673],[1.3036,42.77571],[1.30423,42.77525],[1.30496,42.77473],[1.30593,42.77404],[1.30696,42.7733],[1.30754,42.77289],[1.30779,42.77271],[1.30797,42.77258],[1.30807,42.7725]]}},
{"type":"Feature","id":"way/148844629","properties":{"station_id":"guzet","osm_id":148844629,"feature":"lift","kind":"chair_lift","name":"Col d'Escot","length_m":447},"geometry":{"type":"LineString","coordinates":[[1.30833,42.76838],[1.30829,42.76876],[1.30824,42.7692],[1.30815,42.77008],[1.30806,42.77087],[1.30801,42.77137],[1.30794,42.77191],[1.3079,42.77219],[1.30788,42.77239]]}},
{"type":"Feature","id":"way/148844630","properties":{"station_id":"guzet","osm_id":148844630,"feature":"lift","kind":"drag_lift","name":"Col de la Trappe","length_m":511},"geometry":{"type":"LineString","coordinates":[[1.31109,42.79551],[1.31089,42.79523],[1.31048,42.79468],[1.31008,42.79414],[1.30978,42.79373],[1.30917,42.7929],[1.30854,42.79205],[1.30833,42.79175],[1.30812,42.79146]]}},
{"type":"Feature","id":"way/221204605","properties":{"station_id":"guzet","osm_id":221204605,"feature":"lift","kind":"drag_lift","name":"Arrech","length_m":728},"geometry":{"type":"LineString","coordinates":[[1.29959,42.77857],[1.29936,42.77793],[1.29915,42.77737],[1.29908,42.77709],[1.29937,42.77637],[1.2996,42.77587],[1.29983,42.77538],[1.30014,42.77469],[1.30051,42.7739],[1.30107,42.77267],[1.30125,42.77233]]}},
{"type":"Feature","id":"way/253698528","properties":{"station_id":"guzet","osm_id":253698528,"feature":"lift","kind":"drag_lift","name":"Vallon Blanc","length_m":593},"geometry":{"type":"LineString","coordinates":[[1.3023,42.79279],[1.30209,42.79241],[1.30163,42.79157],[1.30097,42.79038],[1.30015,42.7889],[1.29976,42.78819],[1.29957,42.78785]]}},
{"type":"Feature","id":"way/253698530","properties":{"station_id":"guzet","osm_id":253698530,"feature":"lift","kind":"drag_lift","name":"Écureuil","length_m":385},"geometry":{"type":"LineString","coordinates":[[1.29393,42.78975],[1.29455,42.78955],[1.29583,42.78914],[1.29705,42.78875],[1.29788,42.78848],[1.29825,42.78836]]}},
{"type":"Feature","id":"way/265142750","properties":{"station_id":"guzet","osm_id":265142750,"feature":"lift","kind":"magic_carpet","name":"Éterlou","length_m":48},"geometry":{"type":"LineString","coordinates":[[1.30186,42.77919],[1.3022,42.77884]]}},
{"type":"Feature","id":"way/265143025","properties":{"station_id":"guzet","osm_id":265143025,"feature":"lift","kind":"drag_lift","name":"Souleillous 2","length_m":753},"geometry":{"type":"LineString","coordinates":[[1.30763,42.79217],[1.30674,42.79167],[1.30593,42.79122],[1.30513,42.79077],[1.30421,42.79026],[1.30281,42.78948],[1.30135,42.78866],[1.30067,42.78828],[1.30029,42.78807]]}},
{"type":"Feature","id":"way/265143205","properties":{"station_id":"guzet","osm_id":265143205,"feature":"lift","kind":"drag_lift","name":"Baby Prat 1","length_m":99},"geometry":{"type":"LineString","coordinates":[[1.29837,42.78908],[1.29865,42.78887],[1.29885,42.7887],[1.29903,42.78857],[1.2992,42.78843]]}},
{"type":"Feature","id":"way/265143206","properties":{"station_id":"guzet","osm_id":265143206,"feature":"lift","kind":"drag_lift","name":"Baby Prat 2","length_m":140},"geometry":{"type":"LineString","coordinates":[[1.29831,42.78905],[1.29859,42.78883],[1.29884,42.78863],[1.29909,42.78843],[1.29934,42.78824],[1.29948,42.78813]]}},
{"type":"Feature","id":"way/1038099480","properties":{"station_id":"guzet","osm_id":1038099480,"feature":"lift","kind":"drag_lift","name":"Roc 2","length_m":557},"geometry":{"type":"LineString","coordinates":[[1.30624,42.76522],[1.30675,42.76493],[1.30711,42.76472],[1.30851,42.76392],[1.30905,42.76361],[1.30993,42.7631],[1.31067,42.76268],[1.31126,42.76234],[1.31162,42.76214]]}},
{"type":"Feature","id":"way/1038099486","properties":{"station_id":"guzet","osm_id":1038099486,"feature":"lift","kind":"drag_lift","name":"Souleillous 1","length_m":752},"geometry":{"type":"LineString","coordinates":[[1.30765,42.79215],[1.30676,42.79165],[1.30596,42.79119],[1.30516,42.79074],[1.30425,42.79023],[1.30284,42.78944],[1.30138,42.78862],[1.30073,42.78822],[1.30037,42.788]]}},
{"type":"Feature","id":"way/1552498545","properties":{"station_id":"guzet","osm_id":1552498545,"feature":"lift","kind":"platter","name":"Sources","length_m":631},"geometry":{"type":"LineString","coordinates":[[1.29438,42.78284],[1.2951,42.7812],[1.29563,42.77727]]}},
{"type":"Feature","id":"way/1552498947","properties":{"station_id":"guzet","osm_id":1552498947,"feature":"lift","kind":"platter","name":"Les sapins brulés","length_m":506},"geometry":{"type":"LineString","coordinates":[[1.29424,42.7922],[1.29821,42.7887]]}},
{"type":"Feature","id":"way/1552500120","properties":{"station_id":"guzet","osm_id":1552500120,"feature":"lift","kind":"platter","name":"Ruisseau","length_m":835},"geometry":{"type":"LineString","coordinates":[[1.3028,42.76616],[1.30932,42.76037]]}},
{"type":"Feature","id":"way/37601837","properties":{"station_id":"guzet","osm_id":37601837,"feature":"piste","kind":"easy","name":null,"length_m":1780},"geometry":{"type":"LineString","coordinates":[[1.3139,42.75787],[1.31393,42.75783],[1.31393,42.75783],[1.3138,42.75772],[1.31378,42.75757],[1.31392,42.75741],[1.3141,42.75736],[1.31433,42.75736],[1.31442,42.75736],[1.31449,42.7573],[1.31446,42.75725],[1.31437,42.75722],[1.31427,42.75714],[1.31407,42.7571],[1.31351,42.75708],[1.31293,42.75712],[1.31285,42.75711],[1.31283,42.75707],[1.31344,42.7568],[1.31374,42.75666],[1.31449,42.7564],[1.31486,42.75634],[1.31519,42.75632],[1.31528,42.7563],[1.31528,42.75624],[1.31519,42.75617],[1.31504,42.75609],[1.31487,42.75604],[1.31472,42.75602],[1.3145,42.75599],[1.31433,42.75592],[1.31416,42.75586],[1.31399,42.75584],[1.31384,42.75587],[1.31372,42.7559],[1.31363,42.75587],[1.31364,42.75581],[1.31384,42.75566],[1.31412,42.75554],[1.31426,42.75551],[1.31453,42.75552],[1.31469,42.75548],[1.31491,42.75531],[1.31522,42.75522],[1.31559,42.755],[1.31588,42.75485],[1.31615,42.75475],[1.31627,42.75467],[1.31634,42.75458],[1.31633,42.75442],[1.31632,42.75431],[1.31643,42.75406],[1.31658,42.75371],[1.31661,42.75362],[1.31657,42.75356],[1.3165,42.75356],[1.3164,42.75362],[1.3161,42.75378],[1.31594,42.75386],[1.31578,42.75392],[1.31571,42.75392],[1.31565,42.75391],[1.31565,42.75384],[1.31571,42.75378],[1.31587,42.75367],[1.31598,42.75357],[1.31607,42.75347],[1.31612,42.75338],[1.31615,42.75321],[1.31612,42.75301],[1.31604,42.75288],[1.31588,42.75271],[1.31586,42.75267],[1.31587,42.75261],[1.31614,42.75227],[1.31631,42.75217],[1.31644,42.75201],[1.31657,42.75193],[1.31681,42.75169],[1.31694,42.75156],[1.31705,42.75145],[1.3171,42.75133],[1.31708,42.75127],[1.31733,42.75085],[1.31741,42.75068],[1.3174,42.75049],[1.31739,42.75029],[1.31737,42.75026],[1.31734,42.75024],[1.31722,42.7502],[1.31714,42.75018],[1.31704,42.75013],[1.31695,42.75006],[1.31686,42.74998],[1.3167,42.74973],[1.31663,42.74963],[1.31651,42.74955],[1.31641,42.7495],[1.31614,42.74934],[1.31601,42.74922],[1.3159,42.74912],[1.31578,42.74905],[1.31568,42.749]]}},
{"type":"Feature","id":"way/149923528","properties":{"station_id":"guzet","osm_id":149923528,"feature":"piste","kind":"easy","name":"Zig","length_m":689},"geometry":{"type":"LineString","coordinates":[[1.31163,42.7622],[1.31168,42.76217],[1.31171,42.76216],[1.31173,42.76217],[1.31174,42.76218],[1.31174,42.7622],[1.31172,42.76224],[1.31165,42.76232],[1.31153,42.76246],[1.31154,42.76251],[1.3116,42.76267],[1.31177,42.7631],[1.31181,42.76362],[1.31177,42.76402],[1.31144,42.76474],[1.31078,42.76602],[1.3103,42.76669],[1.31021,42.7669],[1.31015,42.76733],[1.31011,42.76747],[1.31005,42.76754],[1.30971,42.7678],[1.30964,42.76784]]}},
{"type":"Feature","id":"way/149923529","properties":{"station_id":"guzet","osm_id":149923529,"feature":"piste","kind":"novice","name":null,"length_m":596},"geometry":{"type":"LineString","coordinates":[[1.31241,42.77348],[1.31228,42.77332],[1.31212,42.77323],[1.31192,42.77313],[1.31178,42.77306],[1.31168,42.77299],[1.31144,42.77274],[1.31131,42.77262],[1.31116,42.77252],[1.31088,42.77234],[1.31058,42.77219],[1.31045,42.77211],[1.31034,42.77203],[1.31025,42.77195],[1.31014,42.77187],[1.31001,42.77182],[1.30975,42.77175],[1.30963,42.77169],[1.30956,42.77163],[1.30949,42.77154],[1.30943,42.77144],[1.30935,42.77137],[1.30911,42.77126],[1.30864,42.77099],[1.30845,42.77085],[1.3082,42.77061],[1.30804,42.77043],[1.30791,42.7703],[1.30784,42.77023],[1.30776,42.77017],[1.30763,42.77009],[1.3075,42.77003],[1.30742,42.76999],[1.30738,42.76994],[1.30737,42.76992],[1.30737,42.76987],[1.3074,42.76978]]}},
{"type":"Feature","id":"way/149923530","properties":{"station_id":"guzet","osm_id":149923530,"feature":"piste","kind":"advanced","name":"Isard","length_m":752},"geometry":{"type":"LineString","coordinates":[[1.3139,42.75787],[1.31393,42.75784],[1.31394,42.75784],[1.31423,42.759],[1.31454,42.7598],[1.31482,42.76041],[1.31492,42.76056],[1.31502,42.76086],[1.31515,42.7612],[1.31525,42.76133],[1.31497,42.76124],[1.31461,42.76142],[1.3143,42.76158],[1.3138,42.76179],[1.31342,42.76195],[1.31315,42.76205],[1.31288,42.76215],[1.31252,42.76228],[1.31197,42.76252],[1.3116,42.76267]]}},
{"type":"Feature","id":"way/187641372","properties":{"station_id":"guzet","osm_id":187641372,"feature":"piste","kind":"novice","name":"Liaison Guzet","length_m":997},"geometry":{"type":"LineString","coordinates":[[1.3012,42.78552],[1.30114,42.78542],[1.30106,42.78528],[1.30103,42.78514],[1.30099,42.78476],[1.30095,42.7845],[1.30095,42.78434],[1.301,42.78409],[1.30107,42.78387],[1.30126,42.78352],[1.30155,42.78314],[1.30169,42.78297],[1.30184,42.78279],[1.30193,42.78265],[1.302,42.78251],[1.30204,42.78238],[1.30208,42.78216],[1.30216,42.78173],[1.30223,42.78153],[1.30233,42.78135],[1.30245,42.78114],[1.30253,42.781],[1.30262,42.78094],[1.30278,42.78087],[1.30291,42.78078],[1.30311,42.78059],[1.30319,42.78048],[1.30326,42.78037],[1.30331,42.7803],[1.30342,42.78023],[1.30354,42.78016],[1.30361,42.78012],[1.3037,42.78004],[1.30376,42.77995],[1.3038,42.77987],[1.30386,42.77978],[1.30393,42.77964],[1.30397,42.7795],[1.30396,42.77939],[1.30397,42.77933],[1.30399,42.77926],[1.30404,42.7792],[1.30412,42.77913],[1.30425,42.77903],[1.30445,42.77879],[1.30472,42.77847],[1.30484,42.77829],[1.30489,42.7782],[1.30494,42.77803],[1.30496,42.77793],[1.30496,42.7779],[1.30493,42.77788],[1.30489,42.77788],[1.30479,42.77788],[1.30455,42.7779],[1.3043,42.77789]]}},
{"type":"Feature","id":"way/187642050","properties":{"station_id":"guzet","osm_id":187642050,"feature":"piste","kind":"novice","name":"Liaison Prat","length_m":758},"geometry":{"type":"LineString","coordinates":[[1.3047,42.78167],[1.30462,42.78177],[1.30459,42.78186],[1.30456,42.78194],[1.30451,42.78202],[1.30445,42.78206],[1.3043,42.78217],[1.30419,42.78225],[1.30402,42.78243],[1.30392,42.78263],[1.30382,42.7828],[1.30377,42.78293],[1.30371,42.78302],[1.30362,42.78314],[1.30359,42.78321],[1.30356,42.78333],[1.30353,42.7837],[1.30354,42.78407],[1.30359,42.78429],[1.30362,42.78447],[1.30362,42.78457],[1.3036,42.78465],[1.30353,42.78473],[1.3034,42.78482],[1.30326,42.78491],[1.30312,42.78497],[1.30298,42.78503],[1.30285,42.78505],[1.30274,42.78504],[1.30252,42.78502],[1.30233,42.78503],[1.30224,42.78506],[1.30212,42.78513],[1.30197,42.78523],[1.30179,42.78539],[1.30165,42.7855],[1.3015,42.78559],[1.30147,42.78561],[1.30138,42.78568],[1.30136,42.78572],[1.30137,42.78585],[1.30138,42.78605],[1.30139,42.78621],[1.3014,42.78635],[1.30144,42.78642],[1.30147,42.78648],[1.30153,42.78654],[1.30167,42.78666],[1.30177,42.78675],[1.30184,42.78683],[1.30186,42.78692],[1.30189,42.78713]]}},
{"type":"Feature","id":"way/206821216","properties":{"station_id":"guzet","osm_id":206821216,"feature":"piste","kind":"easy","name":null,"length_m":539},"geometry":{"type":"LineString","coordinates":[[1.30827,42.77237],[1.30819,42.77228],[1.30793,42.77213],[1.30746,42.77184],[1.30679,42.77143],[1.30645,42.77122],[1.30631,42.77113],[1.30538,42.77063],[1.30514,42.77053],[1.30511,42.7705],[1.3051,42.77044],[1.30511,42.7704],[1.30517,42.77036],[1.30524,42.77034],[1.30558,42.77032],[1.30607,42.77029],[1.30654,42.77021],[1.30672,42.77017],[1.30696,42.7701],[1.30728,42.76996],[1.30735,42.76994],[1.30738,42.76994]]}},
{"type":"Feature","id":"way/221204602","properties":{"station_id":"guzet","osm_id":221204602,"feature":"piste","kind":"easy","name":"Picou","length_m":1245},"geometry":{"type":"LineString","coordinates":[[1.30827,42.77237],[1.30874,42.77237],[1.3092,42.77246],[1.30953,42.77253],[1.31002,42.77254],[1.31042,42.77267],[1.3108,42.77281],[1.3109,42.77293],[1.31083,42.77297],[1.31055,42.77298],[1.31035,42.77296],[1.31006,42.773],[1.30972,42.77307],[1.30959,42.77312],[1.30939,42.77323],[1.30945,42.7733],[1.30966,42.77333],[1.30998,42.77338],[1.31035,42.77349],[1.31081,42.77367],[1.3112,42.77382],[1.31141,42.77393],[1.31152,42.77398],[1.31155,42.77403],[1.31162,42.77429],[1.31166,42.77453],[1.31059,42.77512],[1.30869,42.776],[1.30733,42.77654],[1.30587,42.77711],[1.3051,42.77737]]}},
{"type":"Feature","id":"way/221204604","properties":{"station_id":"guzet","osm_id":221204604,"feature":"piste","kind":"intermediate","name":null,"length_m":60},"geometry":{"type":"LineString","coordinates":[[1.29901,42.77626],[1.29954,42.77663]]}},
{"type":"Feature","id":"way/221204606","properties":{"station_id":"guzet","osm_id":221204606,"feature":"piste","kind":"easy","name":"Renard","length_m":1015},"geometry":{"type":"LineString","coordinates":[[1.31162,42.76214],[1.31165,42.76213],[1.31165,42.76209],[1.31158,42.76207],[1.31148,42.76207],[1.31135,42.76206],[1.31133,42.76209],[1.31122,42.76219],[1.31112,42.76212],[1.31082,42.76191],[1.31068,42.76176],[1.31055,42.76149],[1.31036,42.76128],[1.31017,42.76115],[1.30996,42.76108],[1.30978,42.76105],[1.30963,42.76108],[1.30971,42.76142],[1.30974,42.76168],[1.30979,42.7618],[1.30975,42.76203],[1.30972,42.76232],[1.30969,42.76244],[1.30962,42.76256],[1.30954,42.76265],[1.30928,42.76272],[1.30915,42.76268],[1.30899,42.76237],[1.30889,42.76218],[1.30874,42.76199],[1.30863,42.76186],[1.30852,42.76182],[1.30825,42.76185],[1.30798,42.76196],[1.30776,42.76202],[1.30689,42.76302],[1.30664,42.76333],[1.30656,42.76358],[1.30658,42.76385],[1.30662,42.76415],[1.30662,42.76442],[1.30644,42.76464],[1.30619,42.76483],[1.30603,42.76494],[1.3059,42.76497]]}},
{"type":"Feature","id":"way/221204607","properties":{"station_id":"guzet","osm_id":221204607,"feature":"piste","kind":"novice","name":"Baby","length_m":646},"geometry":{"type":"LineString","coordinates":[[1.30654,42.77568],[1.30666,42.77587],[1.30694,42.77605],[1.30722,42.77626],[1.30733,42.77654],[1.30721,42.77677],[1.30665,42.77717],[1.30648,42.77722],[1.30527,42.77758],[1.3043,42.77789],[1.30313,42.77827],[1.30204,42.77874],[1.30199,42.77875],[1.30187,42.77875],[1.30179,42.77877]]}},
{"type":"Feature","id":"way/221204608","properties":{"station_id":"guzet","osm_id":221204608,"feature":"piste","kind":"easy","name":"Souleillous 2","length_m":814},"geometry":{"type":"LineString","coordinates":[[1.30017,42.78795],[1.30059,42.78791],[1.30128,42.78806],[1.30203,42.78853],[1.30533,42.79065],[1.30656,42.79135],[1.30729,42.7916],[1.30774,42.79185],[1.30778,42.79199],[1.30774,42.79216],[1.30774,42.79216],[1.30773,42.79217],[1.30772,42.79217],[1.30765,42.79215]]}},
{"type":"Feature","id":"way/221204609","properties":{"station_id":"guzet","osm_id":221204609,"feature":"piste","kind":"intermediate","name":"Perdrix","length_m":1115},"geometry":{"type":"LineString","coordinates":[[1.30827,42.77237],[1.3081,42.77243],[1.30792,42.77243],[1.30779,42.77239],[1.30737,42.77219],[1.30613,42.77177],[1.30586,42.77166],[1.30508,42.7714],[1.30453,42.77129],[1.30396,42.77133],[1.30347,42.77151],[1.30319,42.77172],[1.30277,42.77222],[1.30261,42.77234],[1.30233,42.77249],[1.30201,42.77265],[1.30181,42.77278],[1.30135,42.7733],[1.30146,42.77335],[1.30161,42.7734],[1.30177,42.77341],[1.30242,42.7735],[1.30259,42.77351],[1.30299,42.77356],[1.30311,42.77357],[1.30349,42.77369],[1.30387,42.77391],[1.30418,42.77421],[1.3044,42.77488],[1.30445,42.77504],[1.30431,42.77559]]}},
{"type":"Feature","id":"way/221204610","properties":{"station_id":"guzet","osm_id":221204610,"feature":"piste","kind":"intermediate","name":"La Trappe","length_m":1118},"geometry":{"type":"LineString","coordinates":[[1.30729,42.7916],[1.30801,42.79132],[1.30881,42.79151],[1.30929,42.79158],[1.31017,42.79162],[1.31169,42.79253],[1.31229,42.79263],[1.31308,42.7926],[1.31367,42.79252],[1.31451,42.79259],[1.31426,42.79354],[1.31397,42.7942],[1.31327,42.79434],[1.31245,42.79461],[1.31184,42.79489],[1.31127,42.79538],[1.31123,42.79551],[1.31121,42.79553],[1.31116,42.79555],[1.31111,42.79554],[1.31109,42.79551]]}},
{"type":"Feature","id":"way/253698506","properties":{"station_id":"guzet","osm_id":253698506,"feature":"piste","kind":"intermediate","name":"Arrech","length_m":811},"geometry":{"type":"LineString","coordinates":[[1.30125,42.77233],[1.30097,42.77238],[1.30083,42.77241],[1.30066,42.77273],[1.30043,42.77318],[1.29901,42.77626],[1.29871,42.77691],[1.29839,42.77746],[1.2984,42.77771],[1.29851,42.77789],[1.29891,42.77834],[1.29921,42.77855],[1.29923,42.77856],[1.29928,42.77857],[1.29953,42.7786],[1.29957,42.77861],[1.29959,42.7786],[1.2996,42.77859],[1.29959,42.77857]]}},
{"type":"Feature","id":"way/253698507","properties":{"station_id":"guzet","osm_id":253698507,"feature":"piste","kind":"advanced","name":"Arrech noire","length_m":422},"geometry":{"type":"LineString","coordinates":[[1.30242,42.7735],[1.3019,42.77373],[1.3019,42.77381],[1.30192,42.77398],[1.30204,42.7741],[1.30218,42.77442],[1.30242,42.77489],[1.30239,42.77499],[1.30228,42.77512],[1.30219,42.7752],[1.3022,42.7753],[1.30228,42.77544],[1.30233,42.77556],[1.30241,42.77566],[1.30252,42.77573],[1.30265,42.77575],[1.30277,42.77576],[1.30295,42.77575],[1.30317,42.77575],[1.30352,42.77578],[1.30374,42.77583],[1.304,42.77598]]}},
{"type":"Feature","id":"way/253698510","properties":{"station_id":"guzet","osm_id":253698510,"feature":"piste","kind":"intermediate","name":"Coqs","length_m":380},"geometry":{"type":"LineString","coordinates":[[1.29825,42.78964],[1.29836,42.78991],[1.29869,42.79008],[1.30031,42.79054],[1.30077,42.79072],[1.30104,42.79089],[1.30122,42.79117],[1.30126,42.79138],[1.30118,42.79178]]}},
{"type":"Feature","id":"way/253698511","properties":{"station_id":"guzet","osm_id":253698511,"feature":"piste","kind":"advanced","name":"Dôme","length_m":1185},"geometry":{"type":"LineString","coordinates":[[1.31393,42.75783],[1.31353,42.75768],[1.31314,42.75758],[1.31272,42.7575],[1.31231,42.75742],[1.31161,42.75739],[1.31099,42.75742],[1.3105,42.75748],[1.31006,42.75747],[1.30982,42.7574],[1.30926,42.75723],[1.30913,42.75729],[1.30854,42.75756],[1.30828,42.7577],[1.30795,42.75785],[1.30769,42.75806],[1.30748,42.75824],[1.30744,42.75828],[1.30735,42.75836],[1.30716,42.75853],[1.30679,42.75893],[1.30649,42.75931],[1.30668,42.75955],[1.30695,42.75997],[1.30702,42.76028],[1.30703,42.76061],[1.30703,42.76085],[1.30709,42.76158],[1.307,42.76208],[1.30691,42.76243],[1.30664,42.76333]]}},
{"type":"Feature","id":"way/253698513","properties":{"station_id":"guzet","osm_id":253698513,"feature":"piste","kind":"intermediate","name":"Hetres","length_m":491},"geometry":{"type":"LineString","coordinates":[[1.30939,42.77323],[1.30919,42.77336],[1.30915,42.77346],[1.30922,42.77353],[1.3094,42.77356],[1.30963,42.77355],[1.30993,42.77353],[1.31001,42.77366],[1.31004,42.77382],[1.31003,42.77401],[1.31003,42.77416],[1.31002,42.77428],[1.31001,42.77432],[1.31,42.77436],[1.30992,42.7744],[1.30985,42.77444],[1.30981,42.77446],[1.30977,42.77447],[1.30976,42.77448],[1.30974,42.77448],[1.30972,42.77448],[1.30969,42.77447],[1.30967,42.77447],[1.30964,42.77447],[1.3096,42.77448],[1.30956,42.7745],[1.30951,42.77453],[1.30944,42.77458],[1.3094,42.77461],[1.30932,42.77465],[1.30926,42.77468],[1.30921,42.77471],[1.3091,42.77476],[1.30905,42.77477],[1.30894,42.77479],[1.30888,42.7748],[1.30877,42.77481],[1.30873,42.77482],[1.30858,42.77485],[1.30838,42.77488],[1.30822,42.77491],[1.30817,42.77492],[1.30807,42.77493],[1.30792,42.77495],[1.30782,42.77496],[1.3078,42.77496],[1.30767,42.77496],[1.30757,42.77497],[1.30755,42.77497],[1.30745,42.77499],[1.30729,42.77504],[1.30726,42.77505],[1.30719,42.77508],[1.30715,42.7751],[1.30712,42.77511],[1.30702,42.77517],[1.30701,42.77517],[1.30694,42.77523],[1.30688,42.77527],[1.30686,42.77529],[1.30682,42.77533],[1.30679,42.77536]]}},
{"type":"Feature","id":"way/253698516","properties":{"station_id":"guzet","osm_id":253698516,"feature":"piste","kind":"novice","name":"Muscadet","length_m":637},"geometry":{"type":"LineString","coordinates":[[1.30654,42.77568],[1.30581,42.77552],[1.30524,42.77544],[1.30475,42.77541],[1.30431,42.77559],[1.30414,42.7758],[1.30357,42.77644],[1.30261,42.77728],[1.30175,42.7779],[1.30157,42.77812],[1.30146,42.77837],[1.30143,42.7786],[1.30142,42.77862],[1.30142,42.77865],[1.30142,42.77868],[1.30143,42.77871],[1.30143,42.77873],[1.30144,42.77873],[1.30145,42.77874],[1.30148,42.77875],[1.3015,42.77874],[1.30153,42.77874],[1.30156,42.77873],[1.3016,42.77871]]}},
{"type":"Feature","id":"way/253698518","properties":{"station_id":"guzet","osm_id":253698518,"feature":"piste","kind":"advanced","name":"Rhododendrons","length_m":367},"geometry":{"type":"LineString","coordinates":[[1.31454,42.7598],[1.3142,42.76002],[1.31394,42.76017],[1.31367,42.76033],[1.31354,42.76041],[1.31347,42.76046],[1.3134,42.7605],[1.31334,42.76055],[1.31322,42.76067],[1.31312,42.76076],[1.31303,42.76085],[1.31293,42.76099],[1.31281,42.76115],[1.31256,42.76139],[1.31219,42.76163],[1.31198,42.76174],[1.31188,42.76179],[1.31161,42.76188],[1.31135,42.76206]]}},
{"type":"Feature","id":"way/253698519","properties":{"station_id":"guzet","osm_id":253698519,"feature":"piste","kind":"intermediate","name":"Roc","length_m":548},"geometry":{"type":"LineString","coordinates":[[1.31112,42.76212],[1.31023,42.76267],[1.30919,42.76318],[1.30874,42.76345],[1.30787,42.76398],[1.3072,42.7644],[1.30629,42.76499],[1.30609,42.76515],[1.30621,42.76527]]}},
{"type":"Feature","id":"way/253698520","properties":{"station_id":"guzet","osm_id":253698520,"feature":"piste","kind":"easy","name":"Schuss","length_m":205},"geometry":{"type":"LineString","coordinates":[[1.30654,42.77568],[1.30655,42.7758],[1.30612,42.77612],[1.30598,42.77629],[1.30575,42.77635],[1.30524,42.77656],[1.305,42.77674],[1.3048,42.7769]]}},
{"type":"Feature","id":"way/253698521","properties":{"station_id":"guzet","osm_id":253698521,"feature":"piste","kind":"easy","name":"Tobogan","length_m":651},"geometry":{"type":"LineString","coordinates":[[1.30778,42.76846],[1.3078,42.76835],[1.30781,42.76827],[1.30782,42.76822],[1.30786,42.76811],[1.30787,42.76806],[1.30788,42.768],[1.3079,42.76795],[1.30792,42.76791],[1.30794,42.76787],[1.30797,42.76783],[1.30802,42.7678],[1.30807,42.76776],[1.30812,42.76774],[1.30817,42.76773],[1.30824,42.7677],[1.30833,42.76769],[1.30842,42.76766],[1.30855,42.76762],[1.30866,42.76758],[1.30876,42.76753],[1.30885,42.76748],[1.30892,42.76744],[1.30896,42.76741],[1.30899,42.76737],[1.30901,42.76734],[1.30903,42.76729],[1.30904,42.76723],[1.30907,42.76711],[1.30907,42.76706],[1.30907,42.767],[1.30907,42.76694],[1.30906,42.76688],[1.30905,42.76682],[1.30902,42.76675],[1.30899,42.76669],[1.30897,42.76662],[1.30895,42.76656],[1.30894,42.76651],[1.30894,42.76646],[1.30895,42.76641],[1.30896,42.76636],[1.30899,42.76629],[1.30901,42.76622],[1.30902,42.76617],[1.30901,42.76613],[1.30901,42.76609],[1.30899,42.76606],[1.30897,42.76602],[1.30892,42.76597],[1.30867,42.76571],[1.30862,42.76566],[1.30858,42.76561],[1.30856,42.76558],[1.30854,42.76554],[1.30853,42.7655],[1.30852,42.76547],[1.30851,42.76541],[1.30851,42.76529],[1.3085,42.76519],[1.3085,42.76515],[1.30849,42.76511],[1.30848,42.76508],[1.30846,42.76504],[1.30843,42.76502],[1.30839,42.765],[1.30833,42.76498],[1.30828,42.76498],[1.30824,42.76497],[1.30818,42.76498],[1.30808,42.76499],[1.30799,42.765],[1.3079,42.76501],[1.30781,42.76503],[1.3077,42.76504],[1.30756,42.76506],[1.3074,42.76508],[1.30728,42.7651],[1.30718,42.76512],[1.30705,42.76515],[1.30694,42.76517],[1.30669,42.76524],[1.30657,42.76528],[1.30643,42.76532],[1.30637,42.76533],[1.30632,42.76534],[1.30627,42.76534],[1.30622,42.76533],[1.3062,42.7653],[1.30621,42.76527],[1.30627,42.76524]]}},
{"type":"Feature","id":"way/253698522","properties":{"station_id":"guzet","osm_id":253698522,"feature":"piste","kind":"intermediate","name":"Vallon Blanc","length_m":906},"geometry":{"type":"LineString","coordinates":[[1.2996,42.78807],[1.29945,42.78858],[1.29838,42.78938],[1.29825,42.78964],[1.29819,42.79017],[1.29811,42.79148],[1.29818,42.79183],[1.29833,42.7921],[1.29849,42.79221],[1.2987,42.79224],[1.29951,42.79201],[1.30016,42.79189],[1.30076,42.79181],[1.30118,42.79178],[1.30164,42.79215],[1.30213,42.79282],[1.30215,42.79285],[1.30218,42.79287],[1.30221,42.79289],[1.30224,42.7929],[1.30227,42.79289],[1.3023,42.79288],[1.30232,42.79287],[1.30233,42.79285],[1.30233,42.79283],[1.3023,42.79279]]}},
{"type":"Feature","id":"way/253698523","properties":{"station_id":"guzet","osm_id":253698523,"feature":"piste","kind":"novice","name":"Ecureuil","length_m":404},"geometry":{"type":"LineString","coordinates":[[1.29818,42.78846],[1.29774,42.78863],[1.29736,42.78867],[1.29574,42.78872],[1.29481,42.78899],[1.29387,42.78968],[1.29393,42.78975]]}},
{"type":"Feature","id":"way/253698531","properties":{"station_id":"guzet","osm_id":253698531,"feature":"piste","kind":"easy","name":"Souleillous 1","length_m":805},"geometry":{"type":"LineString","coordinates":[[1.30017,42.78795],[1.30007,42.78812],[1.30038,42.78844],[1.30698,42.79204],[1.3075,42.79222],[1.30763,42.79223],[1.30764,42.79223],[1.30768,42.79222],[1.30769,42.79221],[1.30769,42.79221],[1.30763,42.79217]]}},
{"type":"Feature","id":"way/337013414","properties":{"station_id":"guzet","osm_id":337013414,"feature":"piste","kind":"novice","name":"Liaison Prat","length_m":544},"geometry":{"type":"LineString","coordinates":[[1.30937,42.77865],[1.30929,42.77881],[1.30919,42.77885],[1.30902,42.7789],[1.30889,42.77892],[1.30865,42.77894],[1.30862,42.77895],[1.30858,42.77898],[1.30851,42.77906],[1.30833,42.77926],[1.30828,42.77929],[1.30819,42.77934],[1.30794,42.77941],[1.3078,42.77944],[1.30766,42.77949],[1.30737,42.77962],[1.30711,42.77969],[1.30625,42.78005],[1.30603,42.78011],[1.30588,42.78018],[1.30573,42.78029],[1.30555,42.78044],[1.30538,42.78056],[1.30522,42.78064],[1.30517,42.78071],[1.30513,42.78093],[1.30511,42.78109],[1.30503,42.78131],[1.30496,42.78143],[1.30481,42.78158],[1.3047,42.78167]]}},
{"type":"Feature","id":"way/676658534","properties":{"station_id":"guzet","osm_id":676658534,"feature":"piste","kind":"intermediate","name":"Mirtilles","length_m":644},"geometry":{"type":"LineString","coordinates":[[1.30135,42.7733],[1.30109,42.7735],[1.30081,42.77379],[1.29954,42.77663],[1.30017,42.77709],[1.30081,42.7774],[1.30098,42.77755],[1.30105,42.7778],[1.30096,42.77803],[1.30073,42.77823]]}},
{"type":"Feature","id":"way/676663831","properties":{"station_id":"guzet","osm_id":676663831,"feature":"piste","kind":"easy","name":"Gérac","length_m":3015},"geometry":{"type":"LineString","coordinates":[[1.31485,42.75128],[1.31469,42.75149],[1.31461,42.75157],[1.3145,42.75166],[1.31436,42.75174],[1.31414,42.75182],[1.31392,42.75188],[1.3138,42.75193],[1.3137,42.752],[1.31364,42.75208],[1.31362,42.75215],[1.31365,42.75237],[1.31364,42.75248],[1.31362,42.75254],[1.31359,42.75259],[1.31353,42.75263],[1.31345,42.75265],[1.31334,42.75265],[1.3131,42.75265],[1.31296,42.75266],[1.31283,42.7527],[1.31268,42.75276],[1.31257,42.75285],[1.31251,42.75292],[1.31245,42.75306],[1.31243,42.75321],[1.31238,42.75337],[1.31231,42.75345],[1.31225,42.75352],[1.31217,42.75358],[1.31208,42.75362],[1.31177,42.75372],[1.31157,42.7538],[1.31139,42.7539],[1.31125,42.75401],[1.31099,42.75427],[1.31086,42.75437],[1.31073,42.75446],[1.31058,42.75454],[1.3103,42.75465],[1.31013,42.75473],[1.30984,42.75492],[1.30968,42.75502],[1.30958,42.75506],[1.30947,42.75509],[1.30935,42.75511],[1.30917,42.75512],[1.30904,42.75512],[1.30889,42.75514],[1.30871,42.75519],[1.30841,42.7553],[1.30819,42.75536],[1.30799,42.7554],[1.30778,42.75544],[1.30758,42.75549],[1.30727,42.75557],[1.30705,42.75564],[1.3068,42.7557],[1.30664,42.75571],[1.30625,42.75572],[1.306,42.75573],[1.30578,42.75576],[1.30548,42.75575],[1.30521,42.75577],[1.30499,42.75579],[1.30483,42.75582],[1.3046,42.75586],[1.30419,42.75596],[1.30405,42.756],[1.3039,42.75601],[1.30375,42.756],[1.30357,42.75596],[1.30338,42.7559],[1.30322,42.75584],[1.3031,42.75581],[1.30297,42.75579],[1.30281,42.75577],[1.30264,42.75573],[1.30252,42.75571],[1.30238,42.75573],[1.30226,42.75576],[1.3021,42.75582],[1.30194,42.75588],[1.30188,42.75593],[1.30184,42.75599],[1.30181,42.75608],[1.30179,42.7564],[1.30178,42.75653],[1.30172,42.75688],[1.30171,42.75699],[1.30172,42.75709],[1.30175,42.75718],[1.3018,42.75724],[1.30186,42.75728],[1.30194,42.75733],[1.30216,42.75739],[1.30271,42.75755],[1.30291,42.75763],[1.30307,42.75772],[1.30319,42.75781],[1.30347,42.75805],[1.30361,42.75815],[1.30375,42.75823],[1.30395,42.75831],[1.30407,42.75836],[1.30434,42.75851],[1.30448,42.75862],[1.30464,42.75875],[1.30478,42.75889],[1.30488,42.75901],[1.30504,42.75928],[1.3052,42.75956],[1.30526,42.75972],[1.30526,42.75996],[1.30523,42.76028],[1.30522,42.76041],[1.30523,42.76048],[1.30526,42.76053],[1.30532,42.7606],[1.3054,42.76065],[1.30548,42.76067],[1.3056,42.76068],[1.30575,42.76066],[1.30588,42.76065],[1.30598,42.76066],[1.30609,42.76069],[1.30621,42.76073],[1.30633,42.76076],[1.30644,42.76078],[1.30663,42.7608],[1.30682,42.76083],[1.30692,42.76086],[1.30711,42.76093],[1.30726,42.76104],[1.30739,42.76116],[1.3075,42.7613],[1.30758,42.76144],[1.30762,42.76154],[1.30764,42.76166],[1.30769,42.76178],[1.30774,42.7619],[1.30776,42.76202],[1.30777,42.76222],[1.3078,42.76238],[1.30785,42.76253],[1.30793,42.76268],[1.30802,42.76279],[1.30812,42.7629],[1.30816,42.76297],[1.30817,42.76304],[1.30816,42.76312],[1.30813,42.76317],[1.30805,42.76325],[1.30798,42.76333],[1.30795,42.7634],[1.30795,42.76345],[1.30796,42.7635],[1.30801,42.76356],[1.30813,42.76363],[1.30838,42.76373],[1.30846,42.76375],[1.3088,42.76385],[1.30896,42.76387],[1.30915,42.7639],[1.30938,42.76396],[1.30947,42.76399],[1.30953,42.76402],[1.30964,42.76409],[1.30972,42.76418],[1.30981,42.76437],[1.30995,42.765],[1.30998,42.76518],[1.30998,42.76525],[1.30998,42.7653],[1.30998,42.76537],[1.30998,42.76553],[1.30999,42.76562],[1.31001,42.76568],[1.31001,42.76574],[1.31001,42.76579],[1.31,42.76586],[1.30998,42.76592],[1.3099,42.76612],[1.30987,42.76618],[1.30982,42.76625],[1.30976,42.76633],[1.30962,42.7665],[1.30958,42.76656],[1.30955,42.7666],[1.30953,42.76665],[1.30952,42.76669],[1.30952,42.76675],[1.30953,42.76681],[1.30954,42.76685],[1.30957,42.76699],[1.30958,42.76702],[1.30958,42.76706],[1.30958,42.7671],[1.30958,42.76715],[1.30958,42.7672],[1.30958,42.76728],[1.30957,42.76733],[1.30956,42.76742],[1.30954,42.76749],[1.30952,42.76757],[1.3095,42.76761],[1.30947,42.76766],[1.30943,42.76771],[1.30939,42.76775],[1.30936,42.76777]]}},
{"type":"Feature","id":"way/676663832","properties":{"station_id":"guzet","osm_id":676663832,"feature":"piste","kind":"easy","name":"Picou","length_m":481},"geometry":{"type":"LineString","coordinates":[[1.3051,42.77737],[1.3029,42.77811],[1.30157,42.77812],[1.30073,42.77823],[1.30043,42.77826],[1.3003,42.77829],[1.29981,42.77855],[1.29978,42.77856],[1.29975,42.77856],[1.29973,42.77855],[1.29971,42.77852],[1.29972,42.77851],[1.29972,42.77849],[1.29974,42.77847],[1.29977,42.77845]]}},
{"type":"Feature","id":"way/676663833","properties":{"station_id":"guzet","osm_id":676663833,"feature":"piste","kind":"easy","name":"Schuss","length_m":363},"geometry":{"type":"LineString","coordinates":[[1.3048,42.7769],[1.30419,42.77726],[1.30366,42.77757],[1.3029,42.77811],[1.30188,42.7787],[1.3018,42.77876],[1.30179,42.77877],[1.30175,42.77879],[1.3017,42.77883],[1.30161,42.77885],[1.30156,42.77885],[1.30151,42.77885],[1.30148,42.77883],[1.30147,42.77881],[1.30148,42.77879],[1.30149,42.77878],[1.30153,42.77874]]}},
{"type":"Feature","id":"way/854221727","properties":{"station_id":"guzet","osm_id":854221727,"feature":"piste","kind":null,"name":null,"length_m":988},"geometry":{"type":"LineString","coordinates":[[1.30801,42.79132],[1.30848,42.79105],[1.30891,42.79096],[1.30931,42.79094],[1.30959,42.79101],[1.31061,42.79098],[1.31114,42.79092],[1.31156,42.79076],[1.31198,42.79058],[1.3122,42.79063],[1.31255,42.79075],[1.31272,42.79072],[1.31323,42.79057],[1.31356,42.79046],[1.31379,42.79047],[1.31413,42.79088],[1.31451,42.7917],[1.31472,42.79227],[1.31519,42.79267],[1.31486,42.79341],[1.31432,42.79414],[1.31397,42.7942]]}},
{"type":"Feature","id":"way/1027621056","properties":{"station_id":"guzet","osm_id":1027621056,"feature":"piste","kind":"novice","name":null,"length_m":170},"geometry":{"type":"LineString","coordinates":[[1.30017,42.78795],[1.30056,42.78781],[1.30073,42.78778],[1.30085,42.78773],[1.30097,42.78766],[1.30111,42.78758],[1.30126,42.78749],[1.30148,42.78734],[1.30164,42.78723],[1.30178,42.78715],[1.30184,42.78713],[1.30189,42.78713]]}},
{"type":"Feature","id":"way/1027621059","properties":{"station_id":"guzet","osm_id":1027621059,"feature":"piste","kind":"novice","name":"Liaison Prat","length_m":46},"geometry":{"type":"LineString","coordinates":[[1.302,42.78812],[1.30203,42.78853]]}},
{"type":"Feature","id":"way/1027621060","properties":{"station_id":"guzet","osm_id":1027621060,"feature":"piste","kind":"novice","name":"Liaison Prat","length_m":111},"geometry":{"type":"LineString","coordinates":[[1.30189,42.78713],[1.30192,42.78726],[1.30193,42.78761],[1.30196,42.78781],[1.30197,42.78793],[1.30198,42.78803],[1.302,42.78812]]}},
{"type":"Feature","id":"way/1038099481","properties":{"station_id":"guzet","osm_id":1038099481,"feature":"piste","kind":null,"name":null,"length_m":13},"geometry":{"type":"LineString","coordinates":[[1.3084,42.76828],[1.30837,42.7683],[1.30835,42.76833],[1.30833,42.76838]]}},
{"type":"Feature","id":"way/1038099485","properties":{"station_id":"guzet","osm_id":1038099485,"feature":"piste","kind":null,"name":null,"length_m":13},"geometry":{"type":"LineString","coordinates":[[1.30639,42.77571],[1.30643,42.77569],[1.30654,42.77568]]}},
{"type":"Feature","id":"way/1087659774","properties":{"station_id":"guzet","osm_id":1087659774,"feature":"piste","kind":"novice","name":null,"length_m":57},"geometry":{"type":"LineString","coordinates":[[1.3022,42.77884],[1.30217,42.77882],[1.30215,42.77882],[1.30213,42.77883],[1.30182,42.77915],[1.30182,42.77917],[1.30183,42.77918],[1.30186,42.77919]]}},
{"type":"Feature","id":"way/1105918065","properties":{"station_id":"guzet","osm_id":1105918065,"feature":"piste","kind":"intermediate","name":"Hetres","length_m":82},"geometry":{"type":"LineString","coordinates":[[1.30679,42.77536],[1.30581,42.77552]]}},
{"type":"Feature","id":"way/1303342058","properties":{"station_id":"guzet","osm_id":1303342058,"feature":"piste","kind":"easy","name":"Picou","length_m":22},"geometry":{"type":"LineString","coordinates":[[1.30807,42.7725],[1.30827,42.77237]]}},
{"type":"Feature","id":"way/1368344413","properties":{"station_id":"guzet","osm_id":1368344413,"feature":"piste","kind":"easy","name":"Gérac","length_m":27},"geometry":{"type":"LineString","coordinates":[[1.30928,42.76783],[1.30926,42.76787],[1.30921,42.76793],[1.30917,42.76797],[1.30909,42.76802]]}},
{"type":"Feature","id":"way/1454415881","properties":{"station_id":"guzet","osm_id":1454415881,"feature":"piste","kind":"intermediate","name":"Cristaux","length_m":280},"geometry":{"type":"LineString","coordinates":[[1.30917,42.77877],[1.30872,42.77845],[1.30819,42.77811],[1.30765,42.77778],[1.3071,42.7775],[1.30648,42.77722]]}},
{"type":"Feature","id":"way/1454416141","properties":{"station_id":"guzet","osm_id":1454416141,"feature":"piste","kind":"intermediate","name":"Picou","length_m":90},"geometry":{"type":"LineString","coordinates":[[1.31276,42.77454],[1.31248,42.77451],[1.31203,42.77451],[1.31166,42.77453]]}},
{"type":"Feature","id":"way/1454419592","properties":{"station_id":"guzet","osm_id":1454419592,"feature":"piste","kind":"intermediate","name":"Cabanes","length_m":373},"geometry":{"type":"LineString","coordinates":[[1.3116,42.76267],[1.31106,42.76286],[1.31024,42.76333],[1.30947,42.76399],[1.30884,42.76453],[1.30843,42.76502]]}},
{"type":"Feature","id":"way/1470191159","properties":{"station_id":"guzet","osm_id":1470191159,"feature":"piste","kind":"easy","name":"Tobogan","length_m":18},"geometry":{"type":"LineString","coordinates":[[1.30796,42.76852],[1.30792,42.76853],[1.30789,42.76852],[1.30785,42.76851],[1.30781,42.76848],[1.30778,42.76846]]}},
{"type":"Feature","id":"way/1470191160","properties":{"station_id":"guzet","osm_id":1470191160,"feature":"piste","kind":"easy","name":"Tobogan","length_m":18},"geometry":{"type":"LineString","coordinates":[[1.30809,42.7684],[1.30806,42.76844],[1.30802,42.76849],[1.30796,42.76852]]}},
{"type":"Feature","id":"way/1470191164","properties":{"station_id":"guzet","osm_id":1470191164,"feature":"piste","kind":"easy","name":"Tobogan","length_m":15},"geometry":{"type":"LineString","coordinates":[[1.30823,42.76832],[1.30816,42.76835],[1.30812,42.76837],[1.30809,42.7684]]}},
{"type":"Feature","id":"way/1470191165","properties":{"station_id":"guzet","osm_id":1470191165,"feature":"piste","kind":"easy","name":"Zig","length_m":79},"geometry":{"type":"LineString","coordinates":[[1.30909,42.76802],[1.30904,42.76805],[1.30896,42.7681],[1.30888,42.76815],[1.30883,42.76817],[1.30875,42.7682],[1.30866,42.76823],[1.30859,42.76825],[1.30851,42.76826],[1.3084,42.76828],[1.30831,42.7683],[1.30823,42.76832]]}},
{"type":"Feature","id":"way/1470191166","properties":{"station_id":"guzet","osm_id":1470191166,"feature":"piste","kind":"easy","name":"Zig","length_m":50},"geometry":{"type":"LineString","coordinates":[[1.30964,42.76784],[1.30959,42.76787],[1.30952,42.7679],[1.30941,42.76794],[1.30929,42.76797],[1.30909,42.76802]]}},
{"type":"Feature","id":"way/1477902126","properties":{"station_id":"guzet","osm_id":1477902126,"feature":"piste","kind":"easy","name":"Gérac","length_m":9},"geometry":{"type":"LineString","coordinates":[[1.30936,42.76777],[1.30934,42.76779],[1.30928,42.76783]]}},
{"type":"Feature","id":"way/52088783","properties":{"station_id":"la-pierre-saint-martin","osm_id":52088783,"feature":"lift","kind":"chair_lift","name":"Family","length_m":1544},"geometry":{"type":"LineString","coordinates":[[-0.73513,42.97983],[-0.735,42.97973],[-0.73466,42.97947],[-0.73361,42.97865],[-0.73292,42.9781],[-0.7317,42.97715],[-0.73144,42.97695],[-0.73046,42.97618],[-0.72923,42.97522],[-0.72806,42.9743],[-0.72725,42.97367],[-0.72697,42.97345],[-0.72617,42.97283],[-0.72585,42.97257],[-0.7254,42.97222],[-0.72467,42.97165],[-0.72398,42.97111],[-0.72307,42.9704],[-0.72234,42.96983],[-0.72217,42.96969]]}},
{"type":"Feature","id":"way/52088784","properties":{"station_id":"la-pierre-saint-martin","osm_id":52088784,"feature":"lift","kind":"chair_lift","name":"Arlas","length_m":1132},"geometry":{"type":"LineString","coordinates":[[-0.74761,42.97872],[-0.74774,42.97805],[-0.74795,42.97693],[-0.74809,42.97623],[-0.74821,42.97558],[-0.74825,42.97539],[-0.74848,42.97416],[-0.74853,42.97392],[-0.74858,42.97362],[-0.74869,42.97307],[-0.7489,42.97193],[-0.74904,42.9712],[-0.74911,42.97087],[-0.74921,42.97033],[-0.74945,42.96904],[-0.74948,42.9689],[-0.74951,42.96876],[-0.74953,42.96864]]}},
{"type":"Feature","id":"way/52088785","properties":{"station_id":"la-pierre-saint-martin","osm_id":52088785,"feature":"lift","kind":"platter","name":"Contrebandiers","length_m":814},"geometry":{"type":"LineString","coordinates":[[-0.75703,42.97548],[-0.75683,42.97503],[-0.75659,42.97448],[-0.75628,42.97378],[-0.75612,42.97342],[-0.7558,42.97269],[-0.7557,42.97246],[-0.75546,42.97186],[-0.75504,42.97091],[-0.7546,42.96991],[-0.75427,42.96917],[-0.75417,42.96894],[-0.75399,42.96855],[-0.75397,42.96851]]}},
{"type":"Feature","id":"way/52088786","properties":{"station_id":"la-pierre-saint-martin","osm_id":52088786,"feature":"lift","kind":"platter","name":"Pluviomètre","length_m":369},"geometry":{"type":"LineString","coordinates":[[-0.75634,42.97575],[-0.75264,42.97383]]}},
{"type":"Feature","id":"way/52088788","properties":{"station_id":"la-pierre-saint-martin","osm_id":52088788,"feature":"lift","kind":"platter","name":"Massaré 1","length_m":349},"geometry":{"type":"LineString","coordinates":[[-0.7487,42.97794],[-0.75238,42.97633]]}},
{"type":"Feature","id":"way/52088789","properties":{"station_id":"la-pierre-saint-martin","osm_id":52088789,"feature":"lift","kind":"chair_lift","name":"Panoramique","length_m":970},"geometry":{"type":"LineString","coordinates":[[-0.72091,42.97123],[-0.72093,42.97109],[-0.72097,42.9708],[-0.72111,42.96977],[-0.72122,42.96892],[-0.72135,42.96799],[-0.72156,42.96643],[-0.7217,42.9654],[-0.72181,42.96453],[-0.72198,42.96331],[-0.72206,42.96273],[-0.72208,42.96255]]}},
{"type":"Feature","id":"way/52127991","properties":{"station_id":"la-pierre-saint-martin","osm_id":52127991,"feature":"lift","kind":"chair_lift","name":"Braca","length_m":1086},"geometry":{"type":"LineString","coordinates":[[-0.735,42.98051],[-0.73507,42.98044],[-0.73521,42.98033],[-0.73609,42.9796],[-0.73683,42.97901],[-0.7374,42.97855],[-0.73823,42.97789],[-0.73896,42.97731],[-0.74021,42.97631],[-0.741,42.97569],[-0.74265,42.97437],[-0.74378,42.97347],[-0.744,42.9733]]}},
{"type":"Feature","id":"way/198518027","properties":{"station_id":"la-pierre-saint-martin","osm_id":198518027,"feature":"lift","kind":"chair_lift","name":"Sapins","length_m":752},"geometry":{"type":"LineString","coordinates":[[-0.74723,42.97811],[-0.74717,42.97779],[-0.74702,42.97688],[-0.74685,42.97592],[-0.74681,42.97567],[-0.7466,42.97448],[-0.7461,42.97154],[-0.74607,42.9714]]}},
{"type":"Feature","id":"way/198518033","properties":{"station_id":"la-pierre-saint-martin","osm_id":198518033,"feature":"lift","kind":"magic_carpet","name":"Marmottes","length_m":105},"geometry":{"type":"LineString","coordinates":[[-0.7463,42.97736],[-0.74611,42.97643]]}},
{"type":"Feature","id":"way/198518034","properties":{"station_id":"la-pierre-saint-martin","osm_id":198518034,"feature":"lift","kind":"magic_carpet","name":"Oursons","length_m":175},"geometry":{"type":"LineString","coordinates":[[-0.74725,42.97735],[-0.74699,42.97579]]}},
{"type":"Feature","id":"way/1038025286","properties":{"station_id":"la-pierre-saint-martin","osm_id":1038025286,"feature":"lift","kind":"platter","name":"Massaré 2","length_m":349},"geometry":{"type":"LineString","coordinates":[[-0.74873,42.97798],[-0.75241,42.97637]]}},
{"type":"Feature","id":"way/1038025290","properties":{"station_id":"la-pierre-saint-martin","osm_id":1038025290,"feature":"lift","kind":"magic_carpet","name":"Piou Piou","length_m":37},"geometry":{"type":"LineString","coordinates":[[-0.74583,42.97701],[-0.74572,42.97669]]}},
{"type":"Feature","id":"way/1038025301","properties":{"station_id":"la-pierre-saint-martin","osm_id":1038025301,"feature":"lift","kind":"rope_tow","name":"Telecorde La Combe","length_m":184},"geometry":{"type":"LineString","coordinates":[[-0.74511,42.96782],[-0.74471,42.96859],[-0.74434,42.96938]]}},
{"type":"Feature","id":"way/52127985","properties":{"station_id":"la-pierre-saint-martin","osm_id":52127985,"feature":"piste","kind":"intermediate","name":"Les Ifs","length_m":488},"geometry":{"type":"LineString","coordinates":[[-0.72256,42.97252],[-0.72232,42.97302],[-0.72224,42.97332],[-0.72214,42.97342],[-0.72211,42.97352],[-0.72213,42.97362],[-0.72235,42.97384],[-0.72246,42.97396],[-0.72259,42.97419],[-0.72269,42.97464],[-0.72298,42.97489],[-0.72339,42.97509],[-0.72397,42.9752],[-0.72455,42.97527],[-0.72514,42.9756]]}},
{"type":"Feature","id":"way/52127988","properties":{"station_id":"la-pierre-saint-martin","osm_id":52127988,"feature":"piste","kind":"advanced","name":"La Noire","length_m":1538},"geometry":{"type":"LineString","coordinates":[[-0.72197,42.97007],[-0.72272,42.9709],[-0.72357,42.9719],[-0.72396,42.97237],[-0.72435,42.97285],[-0.72489,42.97367],[-0.72546,42.97441],[-0.72604,42.97487],[-0.72672,42.9751],[-0.72728,42.97528],[-0.72806,42.97546],[-0.72954,42.97552],[-0.7298,42.97555],[-0.73053,42.97577],[-0.73122,42.97611],[-0.73137,42.97628],[-0.73146,42.97643],[-0.73155,42.97662],[-0.73166,42.97675],[-0.73188,42.97692],[-0.73211,42.97705],[-0.73256,42.97731],[-0.7327,42.97743],[-0.73279,42.97752],[-0.7329,42.97766],[-0.73319,42.97815],[-0.73336,42.97858],[-0.73367,42.97891],[-0.73383,42.97908],[-0.73421,42.9795]]}},
{"type":"Feature","id":"way/52127993","properties":{"station_id":"la-pierre-saint-martin","osm_id":52127993,"feature":"piste","kind":"easy","name":"Le Grand Tétras","length_m":1316},"geometry":{"type":"LineString","coordinates":[[-0.74458,42.97304],[-0.74438,42.97317],[-0.74395,42.97353],[-0.74385,42.97357],[-0.74374,42.9736],[-0.74353,42.97363],[-0.74335,42.97368],[-0.74312,42.9738],[-0.7424,42.97411],[-0.74156,42.97447],[-0.74119,42.97457],[-0.7407,42.97471],[-0.74035,42.97487],[-0.74008,42.97503],[-0.73961,42.97546],[-0.73843,42.97637],[-0.73786,42.97679],[-0.73695,42.97723],[-0.73644,42.97752],[-0.73617,42.97763],[-0.73582,42.97768],[-0.73505,42.97777],[-0.73448,42.97785],[-0.73425,42.97792],[-0.7341,42.97803],[-0.73406,42.97818],[-0.73406,42.9785],[-0.73421,42.9795],[-0.73434,42.9797],[-0.73443,42.97987],[-0.73454,42.97997],[-0.73467,42.98003],[-0.73485,42.98006],[-0.73493,42.98006],[-0.735,42.98004],[-0.73508,42.97999]]}},
{"type":"Feature","id":"way/52127994","properties":{"station_id":"la-pierre-saint-martin","osm_id":52127994,"feature":"piste","kind":"easy","name":"Les Palombes","length_m":522},"geometry":{"type":"LineString","coordinates":[[-0.74166,42.97945],[-0.74142,42.97949],[-0.74121,42.97953],[-0.73968,42.97966],[-0.73901,42.97974],[-0.73888,42.97974],[-0.73856,42.97971],[-0.73843,42.97969],[-0.73826,42.97965],[-0.73799,42.97955],[-0.73743,42.97937],[-0.73726,42.97935],[-0.73707,42.97935],[-0.7369,42.97941],[-0.73657,42.97969],[-0.7364,42.97981],[-0.73616,42.97991],[-0.73569,42.98]]}},
{"type":"Feature","id":"way/52127998","properties":{"station_id":"la-pierre-saint-martin","osm_id":52127998,"feature":"piste","kind":null,"name":null,"length_m":392},"geometry":{"type":"LineString","coordinates":[[-0.74751,42.97583],[-0.74756,42.97591],[-0.74778,42.97619],[-0.74831,42.97678],[-0.74798,42.97766],[-0.74761,42.97824],[-0.74744,42.97845],[-0.74739,42.97866],[-0.74738,42.97873],[-0.74739,42.97881],[-0.74743,42.97883],[-0.74748,42.97884],[-0.74754,42.97883],[-0.74759,42.9788],[-0.74761,42.97872]]}},
{"type":"Feature","id":"way/52128004","properties":{"station_id":"la-pierre-saint-martin","osm_id":52128004,"feature":"piste","kind":"novice","name":"Pist'Cool","length_m":351},"geometry":{"type":"LineString","coordinates":[[-0.74584,42.97414],[-0.74592,42.97418],[-0.74618,42.97423],[-0.74672,42.97429],[-0.74699,42.97438],[-0.74727,42.97454],[-0.74734,42.97464],[-0.74741,42.9748],[-0.7474,42.9749],[-0.74738,42.97496],[-0.74735,42.97502],[-0.74724,42.97512],[-0.74706,42.97523],[-0.74692,42.97528],[-0.74668,42.97539],[-0.74627,42.97562],[-0.74592,42.97579],[-0.74567,42.97587]]}},
{"type":"Feature","id":"way/52128005","properties":{"station_id":"la-pierre-saint-martin","osm_id":52128005,"feature":"piste","kind":"intermediate","name":"Isaba","length_m":842},"geometry":{"type":"LineString","coordinates":[[-0.75404,42.96865],[-0.75399,42.96874],[-0.7539,42.96878],[-0.75381,42.96881],[-0.7537,42.96887],[-0.7535,42.969],[-0.75356,42.96929],[-0.75359,42.96954],[-0.75364,42.97005],[-0.7536,42.97061],[-0.7536,42.97078],[-0.75371,42.97092],[-0.75409,42.97111],[-0.75439,42.97135],[-0.7546,42.97168],[-0.75512,42.97208],[-0.75554,42.97259],[-0.75611,42.97391],[-0.75661,42.97495],[-0.75664,42.97507],[-0.75663,42.97523],[-0.75664,42.97537]]}},
{"type":"Feature","id":"way/52128006","properties":{"station_id":"la-pierre-saint-martin","osm_id":52128006,"feature":"piste","kind":"intermediate","name":"Face Nord","length_m":521},"geometry":{"type":"LineString","coordinates":[[-0.75183,42.97024],[-0.75165,42.97044],[-0.75137,42.97069],[-0.75105,42.97091],[-0.75085,42.97107],[-0.7507,42.97119],[-0.75066,42.97127],[-0.75068,42.97166],[-0.7506,42.97182],[-0.75048,42.972],[-0.75037,42.97214],[-0.75011,42.97254],[-0.75004,42.97265],[-0.74985,42.97283],[-0.74963,42.97293],[-0.74912,42.97309],[-0.74875,42.97316],[-0.74846,42.97321],[-0.74822,42.97323],[-0.7481,42.97324],[-0.74775,42.97331]]}},
{"type":"Feature","id":"way/52128008","properties":{"station_id":"la-pierre-saint-martin","osm_id":52128008,"feature":"piste","kind":"easy","name":"Arlas","length_m":993},"geometry":{"type":"LineString","coordinates":[[-0.75265,42.96919],[-0.75278,42.96976],[-0.75276,42.97],[-0.75259,42.97093],[-0.75238,42.97191],[-0.75219,42.97248],[-0.752,42.97312],[-0.75198,42.97321],[-0.75189,42.9735],[-0.75182,42.97359],[-0.75164,42.97363],[-0.75144,42.97373],[-0.75125,42.97388],[-0.75115,42.97403],[-0.7511,42.97413],[-0.75071,42.97507],[-0.75053,42.97551],[-0.75033,42.97583],[-0.75024,42.97589],[-0.75014,42.97594],[-0.74994,42.97598],[-0.74986,42.97601],[-0.74954,42.97622],[-0.7493,42.97629],[-0.74897,42.97633],[-0.74869,42.97638],[-0.74849,42.97648],[-0.74831,42.97678]]}},
{"type":"Feature","id":"way/52128009","properties":{"station_id":"la-pierre-saint-martin","osm_id":52128009,"feature":"piste","kind":"easy","name":null,"length_m":72},"geometry":{"type":"LineString","coordinates":[[-0.7535,42.969],[-0.75265,42.96919]]}},
{"type":"Feature","id":"way/52128010","properties":{"station_id":"la-pierre-saint-martin","osm_id":52128010,"feature":"piste","kind":"easy","name":"Réglisse","length_m":978},"geometry":{"type":"LineString","coordinates":[[-0.75249,42.96922],[-0.75252,42.96938],[-0.75258,42.96962],[-0.75254,42.9698],[-0.75231,42.96996],[-0.75214,42.97013],[-0.75183,42.97024],[-0.75173,42.97028],[-0.75166,42.9703],[-0.75159,42.97033],[-0.75143,42.9704],[-0.75108,42.97064],[-0.75091,42.97077],[-0.75069,42.97087],[-0.7505,42.97098],[-0.75034,42.97102],[-0.75015,42.97107],[-0.75002,42.9711],[-0.74961,42.97115],[-0.7493,42.97118],[-0.74904,42.9712],[-0.74867,42.97127],[-0.74843,42.97135],[-0.74818,42.9714],[-0.74816,42.97159],[-0.74816,42.97181],[-0.74816,42.97199],[-0.7482,42.97215],[-0.74836,42.97258],[-0.74832,42.97277],[-0.7482,42.97287],[-0.74802,42.97297],[-0.74784,42.97308],[-0.74778,42.97318],[-0.74775,42.97331],[-0.74775,42.97334],[-0.74787,42.9735],[-0.74799,42.97363],[-0.74821,42.97374],[-0.74834,42.97379],[-0.74853,42.97392],[-0.74868,42.974],[-0.74874,42.97414],[-0.74874,42.9743],[-0.74871,42.97445],[-0.74867,42.97453],[-0.7486,42.97462],[-0.74844,42.9748],[-0.748,42.97508],[-0.74786,42.97517]]}},
{"type":"Feature","id":"way/52128011","properties":{"station_id":"la-pierre-saint-martin","osm_id":52128011,"feature":"piste","kind":"easy","name":"Arlas","length_m":295},"geometry":{"type":"LineString","coordinates":[[-0.74956,42.96851],[-0.74959,42.96851],[-0.74967,42.96855],[-0.74985,42.96885],[-0.75032,42.9692],[-0.75078,42.96944],[-0.751,42.96953],[-0.75124,42.96952],[-0.75206,42.96931],[-0.75226,42.96925],[-0.75249,42.96922]]}},
{"type":"Feature","id":"way/52128012","properties":{"station_id":"la-pierre-saint-martin","osm_id":52128012,"feature":"piste","kind":"easy","name":"La Junte","length_m":524},"geometry":{"type":"LineString","coordinates":[[-0.75241,42.97637],[-0.75247,42.97632],[-0.75253,42.97626],[-0.75255,42.97624],[-0.75245,42.97611],[-0.75237,42.97596],[-0.75227,42.97566],[-0.75239,42.97542],[-0.75258,42.97538],[-0.75309,42.97532],[-0.75362,42.97525],[-0.75436,42.97528],[-0.7548,42.97535],[-0.7552,42.97539],[-0.75569,42.9756],[-0.75595,42.97576],[-0.75615,42.97582],[-0.75631,42.97584],[-0.75637,42.97583],[-0.75667,42.9757],[-0.75685,42.97559],[-0.75694,42.97554],[-0.75699,42.9755],[-0.75703,42.97548]]}},
{"type":"Feature","id":"way/52128013","properties":{"station_id":"la-pierre-saint-martin","osm_id":52128013,"feature":"piste","kind":"easy","name":"Roncal","length_m":411},"geometry":{"type":"LineString","coordinates":[[-0.75266,42.97361],[-0.75359,42.97402],[-0.75522,42.97503],[-0.75541,42.97517],[-0.75571,42.97531],[-0.75645,42.97553],[-0.75658,42.97555],[-0.75685,42.97559]]}},
{"type":"Feature","id":"way/52128014","properties":{"station_id":"la-pierre-saint-martin","osm_id":52128014,"feature":"piste","kind":"easy","name":null,"length_m":167},"geometry":{"type":"LineString","coordinates":[[-0.74831,42.97678],[-0.74849,42.97694],[-0.74865,42.97712],[-0.74878,42.97727],[-0.74883,42.97747],[-0.74874,42.97772],[-0.74859,42.97783],[-0.74853,42.97789],[-0.74852,42.97792],[-0.74853,42.97795],[-0.74858,42.97797],[-0.74873,42.97798]]}},
{"type":"Feature","id":"way/52128015","properties":{"station_id":"la-pierre-saint-martin","osm_id":52128015,"feature":"piste","kind":"easy","name":null,"length_m":145},"geometry":{"type":"LineString","coordinates":[[-0.75239,42.97542],[-0.75218,42.97531],[-0.75203,42.97523],[-0.75176,42.97518],[-0.75071,42.97507]]}},
{"type":"Feature","id":"way/52128016","properties":{"station_id":"la-pierre-saint-martin","osm_id":52128016,"feature":"piste","kind":"intermediate","name":"Colchique","length_m":351},"geometry":{"type":"LineString","coordinates":[[-0.75245,42.97611],[-0.74874,42.97772]]}},
{"type":"Feature","id":"way/52128018","properties":{"station_id":"la-pierre-saint-martin","osm_id":52128018,"feature":"piste","kind":"intermediate","name":"Les Ifs","length_m":508},"geometry":{"type":"LineString","coordinates":[[-0.72298,42.97353],[-0.72264,42.97359],[-0.72253,42.97368],[-0.72274,42.97386],[-0.723,42.97407],[-0.72343,42.9742],[-0.72372,42.9743],[-0.72393,42.97442],[-0.72423,42.97475],[-0.72437,42.97491],[-0.72458,42.97516],[-0.72472,42.97532],[-0.72514,42.9756],[-0.72545,42.97578],[-0.72567,42.97587],[-0.7266,42.97627],[-0.72678,42.97634]]}},
{"type":"Feature","id":"way/52128020","properties":{"station_id":"la-pierre-saint-martin","osm_id":52128020,"feature":"piste","kind":"intermediate","name":"Les Lagopèdes","length_m":883},"geometry":{"type":"LineString","coordinates":[[-0.72208,42.96255],[-0.72209,42.96253],[-0.72207,42.96252],[-0.72206,42.96251],[-0.72203,42.9625],[-0.72199,42.96252],[-0.72197,42.96253],[-0.72194,42.96255],[-0.72189,42.96263],[-0.72188,42.9627],[-0.72188,42.96274],[-0.72191,42.96279],[-0.72213,42.96314],[-0.72216,42.96331],[-0.72217,42.96348],[-0.72215,42.96381],[-0.7221,42.96425],[-0.72207,42.96472],[-0.72207,42.96493],[-0.72206,42.96515],[-0.72207,42.96534],[-0.72208,42.9655],[-0.72203,42.96611],[-0.72199,42.96664],[-0.72197,42.96692],[-0.72196,42.96717],[-0.72193,42.96761],[-0.72193,42.96786],[-0.72193,42.96808],[-0.72191,42.96839],[-0.72187,42.96873],[-0.72177,42.96896],[-0.72149,42.96947],[-0.72146,42.96961],[-0.72152,42.96977],[-0.7216,42.96985],[-0.7217,42.96991],[-0.72187,42.97],[-0.72197,42.97007]]}},
{"type":"Feature","id":"way/52128021","properties":{"station_id":"la-pierre-saint-martin","osm_id":52128021,"feature":"piste","kind":"easy","name":"Boulevard des Myrtilles","length_m":1581},"geometry":{"type":"LineString","coordinates":[[-0.72349,42.9701],[-0.72364,42.97006],[-0.72387,42.96998],[-0.72404,42.96993],[-0.72433,42.96991],[-0.72478,42.96993],[-0.72512,42.96993],[-0.72556,42.96988],[-0.72583,42.96982],[-0.72625,42.96969],[-0.7266,42.96958],[-0.72717,42.96938],[-0.72751,42.96923],[-0.72778,42.96918],[-0.72803,42.96922],[-0.72835,42.96937],[-0.72852,42.96951],[-0.72882,42.96974],[-0.72894,42.96995],[-0.72903,42.97005],[-0.72913,42.9701],[-0.7294,42.97013],[-0.72976,42.9701],[-0.73032,42.97005],[-0.73099,42.96992],[-0.73121,42.9699],[-0.73143,42.96993],[-0.7322,42.97013],[-0.73247,42.97024],[-0.73268,42.97036],[-0.73299,42.9707],[-0.7333,42.97094],[-0.73363,42.97108],[-0.7341,42.97115],[-0.73425,42.97122],[-0.73443,42.97142],[-0.73461,42.97166],[-0.73494,42.97198],[-0.73507,42.97207],[-0.73542,42.9722],[-0.7357,42.97224],[-0.73615,42.97226],[-0.73655,42.97228],[-0.73698,42.97235],[-0.73716,42.97239],[-0.73734,42.97245],[-0.7375,42.97251],[-0.73781,42.97267],[-0.73806,42.97279],[-0.7382,42.97283],[-0.73842,42.97288],[-0.73879,42.97303],[-0.73891,42.97308],[-0.73909,42.97313],[-0.73946,42.9732],[-0.73964,42.97324],[-0.73998,42.97334],[-0.74041,42.97347]]}},
{"type":"Feature","id":"way/52128024","properties":{"station_id":"la-pierre-saint-martin","osm_id":52128024,"feature":"piste","kind":"easy","name":"Boulevard des Pyrénées","length_m":3248},"geometry":{"type":"LineString","coordinates":[[-0.72247,42.96363],[-0.72269,42.96361],[-0.72316,42.96345],[-0.72353,42.96339],[-0.724,42.96321],[-0.72431,42.96304],[-0.72493,42.96265],[-0.72525,42.9625],[-0.72559,42.96247],[-0.72607,42.96261],[-0.72656,42.96275],[-0.72696,42.96293],[-0.72723,42.96292],[-0.72758,42.96287],[-0.72795,42.96275],[-0.72857,42.9626],[-0.72914,42.96243],[-0.72931,42.96237],[-0.72983,42.96219],[-0.7303,42.9621],[-0.7306,42.96212],[-0.73095,42.9622],[-0.73118,42.96229],[-0.73152,42.96255],[-0.73185,42.96272],[-0.7323,42.96287],[-0.73256,42.96292],[-0.73284,42.96286],[-0.73317,42.96263],[-0.73361,42.96226],[-0.73385,42.96207],[-0.73423,42.9619],[-0.7347,42.96165],[-0.73508,42.96158],[-0.73542,42.96159],[-0.73559,42.96169],[-0.73578,42.962],[-0.73596,42.96211],[-0.73618,42.96215],[-0.7365,42.96207],[-0.73708,42.96194],[-0.73732,42.96191],[-0.73789,42.96198],[-0.73825,42.962],[-0.73858,42.96205],[-0.73872,42.96209],[-0.73885,42.96218],[-0.73909,42.96236],[-0.73949,42.96244],[-0.73984,42.96249],[-0.74055,42.96263],[-0.74156,42.96277],[-0.74266,42.96287],[-0.74317,42.96296],[-0.74334,42.96303],[-0.74339,42.96307],[-0.74341,42.96312],[-0.74338,42.96317],[-0.74331,42.96322],[-0.74317,42.96328],[-0.74299,42.96334],[-0.7426,42.96345],[-0.74236,42.96353],[-0.74221,42.96362],[-0.74208,42.96372],[-0.74198,42.96381],[-0.74167,42.96409],[-0.74162,42.96415],[-0.74157,42.96424],[-0.74154,42.96433],[-0.74152,42.9644],[-0.74141,42.96474],[-0.74112,42.96523],[-0.74074,42.96561],[-0.74019,42.96639],[-0.73989,42.96665],[-0.73979,42.96677],[-0.73977,42.96685],[-0.73974,42.96695],[-0.73979,42.96703],[-0.73982,42.96711],[-0.73986,42.96717],[-0.73991,42.96724],[-0.73996,42.9673],[-0.73999,42.96734],[-0.74,42.96739],[-0.74001,42.96743],[-0.74001,42.96753],[-0.74001,42.9676],[-0.74003,42.96766],[-0.74006,42.96773],[-0.74013,42.96787],[-0.74015,42.96793],[-0.74016,42.96797],[-0.74019,42.96807],[-0.74021,42.96818],[-0.74022,42.96825],[-0.74022,42.96833],[-0.7402,42.96854],[-0.7402,42.96864],[-0.74021,42.96873],[-0.74024,42.96884],[-0.74028,42.96895],[-0.74037,42.96921],[-0.74039,42.96929],[-0.7404,42.96937],[-0.74039,42.96945],[-0.74038,42.96954],[-0.74035,42.96965],[-0.74031,42.96979],[-0.74027,42.96987],[-0.74024,42.96992],[-0.7402,42.96996],[-0.74015,42.97],[-0.74005,42.97006],[-0.73979,42.97018],[-0.73972,42.97022],[-0.73967,42.97026],[-0.73963,42.97031],[-0.73961,42.97036],[-0.7396,42.97041],[-0.7396,42.97045],[-0.73961,42.97049],[-0.73963,42.97052],[-0.73966,42.97055],[-0.7397,42.97058],[-0.73975,42.9706],[-0.73986,42.97064],[-0.73993,42.97067],[-0.74,42.9707],[-0.74006,42.97073],[-0.74011,42.97077],[-0.74016,42.97081],[-0.74021,42.97087],[-0.74025,42.97094],[-0.74027,42.971],[-0.74029,42.97108],[-0.7403,42.97117],[-0.7403,42.97129],[-0.74028,42.97143],[-0.74026,42.97264],[-0.74028,42.97294],[-0.74028,42.97302],[-0.74027,42.97309],[-0.74026,42.97317],[-0.74024,42.97324],[-0.74024,42.9733],[-0.74025,42.97336],[-0.74028,42.97339],[-0.74033,42.97343],[-0.74041,42.97347]]}},
{"type":"Feature","id":"way/66759422","properties":{"station_id":"la-pierre-saint-martin","osm_id":66759422,"feature":"piste","kind":"novice","name":"Chemin de Pescamou","length_m":186},"geometry":{"type":"LineString","coordinates":[[-0.74609,42.97132],[-0.74619,42.97133],[-0.74636,42.9714],[-0.74668,42.97158],[-0.74683,42.97173],[-0.74693,42.97177],[-0.74711,42.97182],[-0.74723,42.97188],[-0.74738,42.97198],[-0.7475,42.97208],[-0.74754,42.97212],[-0.74757,42.97219],[-0.74762,42.97243]]}},
{"type":"Feature","id":"way/198518024","properties":{"station_id":"la-pierre-saint-martin","osm_id":198518024,"feature":"piste","kind":"novice","name":"Les Sapins","length_m":744},"geometry":{"type":"LineString","coordinates":[[-0.74606,42.97137],[-0.74601,42.97135],[-0.74597,42.97134],[-0.74592,42.97136],[-0.74585,42.9714],[-0.74564,42.97152],[-0.74558,42.97161],[-0.74556,42.9719],[-0.74565,42.97216],[-0.74565,42.97225],[-0.74562,42.97232],[-0.74556,42.97237],[-0.7448,42.97289],[-0.74458,42.97304],[-0.74457,42.97325],[-0.74465,42.97338],[-0.7452,42.97374],[-0.74533,42.97382],[-0.74542,42.97391],[-0.74552,42.97411],[-0.74518,42.97476],[-0.74519,42.97501],[-0.74546,42.97539],[-0.74562,42.97568],[-0.74566,42.97578],[-0.74567,42.97587],[-0.7456,42.97604],[-0.74554,42.97619],[-0.74545,42.97644],[-0.74542,42.97656],[-0.7454,42.97666],[-0.74543,42.97678],[-0.74548,42.97688],[-0.7456,42.97704]]}},
{"type":"Feature","id":"way/198518025","properties":{"station_id":"la-pierre-saint-martin","osm_id":198518025,"feature":"piste","kind":"novice","name":"Les Sapins","length_m":30},"geometry":{"type":"LineString","coordinates":[[-0.7456,42.97704],[-0.74582,42.97726]]}},
{"type":"Feature","id":"way/198518026","properties":{"station_id":"la-pierre-saint-martin","osm_id":198518026,"feature":"piste","kind":"novice","name":"Les Sapins","length_m":202},"geometry":{"type":"LineString","coordinates":[[-0.74582,42.97726],[-0.74595,42.97746],[-0.74602,42.97753],[-0.74612,42.9776],[-0.74628,42.97765],[-0.74698,42.97777],[-0.74724,42.97783],[-0.74738,42.97789],[-0.7474,42.97802],[-0.74739,42.97809],[-0.74735,42.97816],[-0.7473,42.97818],[-0.74724,42.97818],[-0.74723,42.97811]]}},
{"type":"Feature","id":"way/207983430","properties":{"station_id":"la-pierre-saint-martin","osm_id":207983430,"feature":"piste","kind":"novice","name":null,"length_m":244},"geometry":{"type":"LineString","coordinates":[[-0.74762,42.97243],[-0.74726,42.97301],[-0.74718,42.97308],[-0.7463,42.97372],[-0.746,42.97394],[-0.74589,42.97401],[-0.74584,42.97407],[-0.74584,42.97414]]}},
{"type":"Feature","id":"way/207984499","properties":{"station_id":"la-pierre-saint-martin","osm_id":207984499,"feature":"piste","kind":"easy","name":"Arlas","length_m":13},"geometry":{"type":"LineString","coordinates":[[-0.75249,42.96922],[-0.75265,42.96919]]}},
{"type":"Feature","id":"way/330134984","properties":{"station_id":"la-pierre-saint-martin","osm_id":330134984,"feature":"piste","kind":"advanced","name":null,"length_m":230},"geometry":{"type":"LineString","coordinates":[[-0.72546,42.97441],[-0.72587,42.97518],[-0.72641,42.97567],[-0.72649,42.97588],[-0.7266,42.97627]]}},
{"type":"Feature","id":"way/330134988","properties":{"station_id":"la-pierre-saint-martin","osm_id":330134988,"feature":"piste","kind":"intermediate","name":null,"length_m":185},"geometry":{"type":"LineString","coordinates":[[-0.72298,42.97353],[-0.72309,42.97363],[-0.72318,42.97371],[-0.72334,42.97375],[-0.72361,42.97376],[-0.72374,42.9737],[-0.72407,42.97348],[-0.72423,42.97331],[-0.72435,42.97285]]}},
{"type":"Feature","id":"way/330134992","properties":{"station_id":"la-pierre-saint-martin","osm_id":330134992,"feature":"piste","kind":"intermediate","name":"Les Ifs","length_m":151},"geometry":{"type":"LineString","coordinates":[[-0.73182,42.97885],[-0.73367,42.97891]]}},
{"type":"Feature","id":"way/330134994","properties":{"station_id":"la-pierre-saint-martin","osm_id":330134994,"feature":"piste","kind":"intermediate","name":"Les Ifs","length_m":47},"geometry":{"type":"LineString","coordinates":[[-0.72224,42.97332],[-0.72232,42.97348],[-0.72245,42.9736],[-0.72253,42.97368]]}},
{"type":"Feature","id":"way/330134997","properties":{"station_id":"la-pierre-saint-martin","osm_id":330134997,"feature":"piste","kind":"intermediate","name":"Les Ifs","length_m":328},"geometry":{"type":"LineString","coordinates":[[-0.72139,42.97107],[-0.72149,42.97126],[-0.72156,42.97139],[-0.72166,42.97147],[-0.72174,42.97154],[-0.72223,42.97173],[-0.72245,42.97179],[-0.72256,42.9719],[-0.72262,42.97201],[-0.72263,42.97217],[-0.72259,42.97241],[-0.72256,42.97252],[-0.72276,42.97293],[-0.7229,42.97327],[-0.72298,42.97353]]}},
{"type":"Feature","id":"way/330135001","properties":{"station_id":"la-pierre-saint-martin","osm_id":330135001,"feature":"piste","kind":"intermediate","name":"Les Ifs","length_m":823},"geometry":{"type":"LineString","coordinates":[[-0.72678,42.97634],[-0.72725,42.97649],[-0.72767,42.97661],[-0.72795,42.97676],[-0.72895,42.97735],[-0.72979,42.97775],[-0.73074,42.97829],[-0.73131,42.97852],[-0.73182,42.97885],[-0.73305,42.9795],[-0.73338,42.97971],[-0.73408,42.98006],[-0.73454,42.98021],[-0.73481,42.9802],[-0.73498,42.98013],[-0.73508,42.97999]]}},
{"type":"Feature","id":"way/330135005","properties":{"station_id":"la-pierre-saint-martin","osm_id":330135005,"feature":"piste","kind":"intermediate","name":"Les Lagopèdes","length_m":139},"geometry":{"type":"LineString","coordinates":[[-0.72245,42.97179],[-0.72396,42.97237]]}},
{"type":"Feature","id":"way/1010896794","properties":{"station_id":"la-pierre-saint-martin","osm_id":1010896794,"feature":"piste","kind":"easy","name":"Arlas","length_m":15},"geometry":{"type":"LineString","coordinates":[[-0.74953,42.96864],[-0.74956,42.96851]]}},
{"type":"Feature","id":"way/1010896795","properties":{"station_id":"la-pierre-saint-martin","osm_id":1010896795,"feature":"piste","kind":"easy","name":null,"length_m":10},"geometry":{"type":"LineString","coordinates":[[-0.74858,42.97797],[-0.7487,42.97794]]}},
{"type":"Feature","id":"way/1038025283","properties":{"station_id":"la-pierre-saint-martin","osm_id":1038025283,"feature":"piste","kind":null,"name":null,"length_m":32},"geometry":{"type":"LineString","coordinates":[[-0.75264,42.97383],[-0.75258,42.97375],[-0.75254,42.97366],[-0.75257,42.97363],[-0.75266,42.97361]]}},
{"type":"Feature","id":"way/1038025284","properties":{"station_id":"la-pierre-saint-martin","osm_id":1038025284,"feature":"piste","kind":null,"name":null,"length_m":10},"geometry":{"type":"LineString","coordinates":[[-0.75637,42.97583],[-0.75638,42.97581],[-0.75638,42.9758],[-0.75637,42.97577],[-0.75634,42.97575]]}},
{"type":"Feature","id":"way/1038025285","properties":{"station_id":"la-pierre-saint-martin","osm_id":1038025285,"feature":"piste","kind":null,"name":null,"length_m":14},"geometry":{"type":"LineString","coordinates":[[-0.75238,42.97633],[-0.75246,42.9763],[-0.75253,42.97626]]}},
{"type":"Feature","id":"way/1038025295","properties":{"station_id":"la-pierre-saint-martin","osm_id":1038025295,"feature":"piste","kind":null,"name":null,"length_m":34},"geometry":{"type":"LineString","coordinates":[[-0.72217,42.96969],[-0.72209,42.96964],[-0.72206,42.96963],[-0.72204,42.96963],[-0.72202,42.96963],[-0.72201,42.96964],[-0.72196,42.96973],[-0.72191,42.96978]]}},
{"type":"Feature","id":"way/1038025297","properties":{"station_id":"la-pierre-saint-martin","osm_id":1038025297,"feature":"piste","kind":"easy","name":null,"length_m":38},"geometry":{"type":"LineString","coordinates":[[-0.73515,42.98009],[-0.7351,42.98009],[-0.73507,42.98005],[-0.73508,42.97999],[-0.73513,42.97995],[-0.73515,42.97992],[-0.73516,42.9799],[-0.73517,42.97989],[-0.73518,42.97988],[-0.73518,42.97988],[-0.73518,42.97987],[-0.73513,42.97983]]}},
{"type":"Feature","id":"way/1147916042","properties":{"station_id":"la-pierre-saint-martin","osm_id":1147916042,"feature":"piste","kind":"advanced","name":"La Combe","length_m":546},"geometry":{"type":"LineString","coordinates":[[-0.74956,42.96851],[-0.74965,42.96813],[-0.74966,42.968],[-0.74969,42.9678],[-0.7497,42.9676],[-0.74963,42.9675],[-0.7494,42.96744],[-0.74883,42.96729],[-0.74851,42.96718],[-0.74818,42.96703],[-0.74794,42.96695],[-0.74769,42.967],[-0.74742,42.96703],[-0.7473,42.96701],[-0.74708,42.96698],[-0.74688,42.96694],[-0.74662,42.96692],[-0.74637,42.96695],[-0.74607,42.96702],[-0.74578,42.96711],[-0.74552,42.96723],[-0.74514,42.96778],[-0.74511,42.96782]]}},
{"type":"Feature","id":"way/1147916043","properties":{"station_id":"la-pierre-saint-martin","osm_id":1147916043,"feature":"piste","kind":"easy","name":"Ibéris","length_m":343},"geometry":{"type":"LineString","coordinates":[[-0.74434,42.96938],[-0.74434,42.96941],[-0.74434,42.96945],[-0.74431,42.96949],[-0.74409,42.9698],[-0.74383,42.97014],[-0.74348,42.9706],[-0.74345,42.97068],[-0.74346,42.97074],[-0.74351,42.97083],[-0.74357,42.97089],[-0.74365,42.97095],[-0.74373,42.97099],[-0.74454,42.97127],[-0.74511,42.97144],[-0.74527,42.9715]]}},
{"type":"Feature","id":"way/1147916044","properties":{"station_id":"la-pierre-saint-martin","osm_id":1147916044,"feature":"piste","kind":"intermediate","name":"Gypaète","length_m":425},"geometry":{"type":"LineString","coordinates":[[-0.74956,42.96851],[-0.74953,42.9685],[-0.74895,42.96846],[-0.74872,42.96848],[-0.74856,42.96854],[-0.74845,42.96864],[-0.74809,42.96926],[-0.74785,42.96971],[-0.74783,42.9699],[-0.7479,42.97008],[-0.74809,42.97028],[-0.74828,42.97057],[-0.74829,42.9708],[-0.7482,42.97103],[-0.74818,42.9714]]}},
{"type":"Feature","id":"way/1147916045","properties":{"station_id":"la-pierre-saint-martin","osm_id":1147916045,"feature":"piste","kind":"easy","name":null,"length_m":121},"geometry":{"type":"LineString","coordinates":[[-0.74169,42.97363],[-0.74175,42.9737],[-0.74177,42.97378],[-0.74173,42.97392],[-0.74161,42.97419],[-0.74149,42.97435],[-0.74119,42.97457]]}},
{"type":"Feature","id":"way/1464550293","properties":{"station_id":"la-pierre-saint-martin","osm_id":1464550293,"feature":"piste","kind":"novice","name":"YouPiste","length_m":149},"geometry":{"type":"LineString","coordinates":[[-0.74643,42.97675],[-0.74692,42.97729],[-0.74707,42.97753],[-0.74721,42.97768],[-0.74738,42.97789]]}},
{"type":"Feature","id":"way/1464550294","properties":{"station_id":"la-pierre-saint-martin","osm_id":1464550294,"feature":"piste","kind":"novice","name":"YouPiste","length_m":141},"geometry":{"type":"LineString","coordinates":[[-0.74696,42.97577],[-0.74692,42.97575],[-0.74686,42.97575],[-0.74669,42.97579],[-0.74659,42.97584],[-0.74641,42.97599],[-0.74635,42.97619],[-0.74639,42.97637],[-0.74643,42.97675]]}},
{"type":"Feature","id":"way/1464550295","properties":{"station_id":"la-pierre-saint-martin","osm_id":1464550295,"feature":"piste","kind":"novice","name":"Premiere Etoile","length_m":127},"geometry":{"type":"LineString","coordinates":[[-0.74616,42.97641],[-0.74625,42.97646],[-0.74643,42.97674],[-0.74643,42.97675],[-0.7465,42.97724],[-0.74642,42.97736],[-0.74636,42.97739],[-0.74634,42.97739],[-0.74631,42.97738],[-0.7463,42.97736]]}},
{"type":"Feature","id":"way/1464550296","properties":{"station_id":"la-pierre-saint-martin","osm_id":1464550296,"feature":"piste","kind":"novice","name":"Pitchoun","length_m":96},"geometry":{"type":"LineString","coordinates":[[-0.74595,42.97663],[-0.74606,42.97704],[-0.74614,42.9773],[-0.74616,42.97736],[-0.7462,42.97738],[-0.74623,42.97739],[-0.74628,42.97739],[-0.74631,42.97738]]}},
{"type":"Feature","id":"way/1464550297","properties":{"station_id":"la-pierre-saint-martin","osm_id":1464550297,"feature":"piste","kind":"novice","name":"PiouPiou","length_m":57},"geometry":{"type":"LineString","coordinates":[[-0.74572,42.97669],[-0.74569,42.97667],[-0.74564,42.97666],[-0.74562,42.97667],[-0.74561,42.97671],[-0.74562,42.97676],[-0.74572,42.977],[-0.74577,42.97702],[-0.74581,42.97702],[-0.74583,42.97701]]}},
{"type":"Feature","id":"way/1547033105","properties":{"station_id":"la-pierre-saint-martin","osm_id":1547033105,"feature":"piste","kind":"novice","name":null,"length_m":175},"geometry":{"type":"LineString","coordinates":[[-0.74312,42.9738],[-0.74347,42.97383],[-0.74359,42.97386],[-0.74369,42.97391],[-0.74376,42.97397],[-0.74383,42.97401],[-0.74388,42.97408],[-0.744,42.97427],[-0.74408,42.97435],[-0.74425,42.97444],[-0.74443,42.97451],[-0.74473,42.97472]]}},
{"type":"Feature","id":"way/1547033107","properties":{"station_id":"la-pierre-saint-martin","osm_id":1547033107,"feature":"piste","kind":"novice","name":null,"length_m":49},"geometry":{"type":"LineString","coordinates":[[-0.74473,42.97472],[-0.74519,42.97501]]}},
{"type":"Feature","id":"way/1547033109","properties":{"station_id":"la-pierre-saint-martin","osm_id":1547033109,"feature":"piste","kind":"novice","name":"Pist'Cool","length_m":10},"geometry":{"type":"LineString","coordinates":[[-0.74607,42.9714],[-0.74606,42.97137],[-0.74606,42.97134],[-0.74607,42.97133],[-0.74609,42.97132]]}},
{"type":"Feature","id":"way/1547033110","properties":{"station_id":"la-pierre-saint-martin","osm_id":1547033110,"feature":"piste","kind":"easy","name":"Ibéris","length_m":51},"geometry":{"type":"LineString","coordinates":[[-0.74527,42.9715],[-0.74533,42.97155],[-0.74542,42.97168],[-0.74556,42.9719]]}},
{"type":"Feature","id":"way/1547033111","properties":{"station_id":"la-pierre-saint-martin","osm_id":1547033111,"feature":"piste","kind":"easy","name":null,"length_m":71},"geometry":{"type":"LineString","coordinates":[[-0.74527,42.9715],[-0.74541,42.97149],[-0.74584,42.97133],[-0.74596,42.97131],[-0.74609,42.97132]]}},
{"type":"Feature","id":"way/1547033113","properties":{"station_id":"la-pierre-saint-martin","osm_id":1547033113,"feature":"piste","kind":"easy","name":null,"length_m":62},"geometry":{"type":"LineString","coordinates":[[-0.75254,42.97366],[-0.75242,42.97359],[-0.75231,42.97356],[-0.75222,42.97356],[-0.75201,42.97356],[-0.75182,42.97359]]}},
{"type":"Feature","id":"way/1547033114","properties":{"station_id":"la-pierre-saint-martin","osm_id":1547033114,"feature":"piste","kind":"easy","name":"Roncal","length_m":73},"geometry":{"type":"LineString","coordinates":[[-0.75198,42.97321],[-0.75205,42.97331],[-0.75215,42.97339],[-0.75266,42.97361]]}},
{"type":"Feature","id":"way/1547033115","properties":{"station_id":"la-pierre-saint-martin","osm_id":1547033115,"feature":"piste","kind":"novice","name":null,"length_m":105},"geometry":{"type":"LineString","coordinates":[[-0.74616,42.97736],[-0.74619,42.97741],[-0.74625,42.97746],[-0.74634,42.97749],[-0.74649,42.97754],[-0.74684,42.97763],[-0.74706,42.97772],[-0.74724,42.97783]]}},
{"type":"Feature","id":"way/1547033116","properties":{"station_id":"la-pierre-saint-martin","osm_id":1547033116,"feature":"piste","kind":"novice","name":null,"length_m":45},"geometry":{"type":"LineString","coordinates":[[-0.74738,42.97789],[-0.74751,42.97803],[-0.74759,42.9781],[-0.74761,42.97814],[-0.74761,42.97824]]}},
{"type":"Feature","id":"way/1547033117","properties":{"station_id":"la-pierre-saint-martin","osm_id":1547033117,"feature":"piste","kind":"novice","name":null,"length_m":39},"geometry":{"type":"LineString","coordinates":[[-0.74576,42.97631],[-0.74586,42.97645],[-0.74595,42.97663]]}},
{"type":"Feature","id":"way/1547033118","properties":{"station_id":"la-pierre-saint-martin","osm_id":1547033118,"feature":"piste","kind":"novice","name":null,"length_m":35},"geometry":{"type":"LineString","coordinates":[[-0.74576,42.97631],[-0.74585,42.97634],[-0.74599,42.97637],[-0.74612,42.97638],[-0.74616,42.97641]]}},
{"type":"Feature","id":"way/1547033119","properties":{"station_id":"la-pierre-saint-martin","osm_id":1547033119,"feature":"piste","kind":"novice","name":null,"length_m":33},"geometry":{"type":"LineString","coordinates":[[-0.7456,42.97604],[-0.74564,42.97616],[-0.74576,42.97631]]}},
{"type":"Feature","id":"way/1547033120","properties":{"station_id":"la-pierre-saint-martin","osm_id":1547033120,"feature":"piste","kind":"novice","name":"Pitchoun","length_m":37},"geometry":{"type":"LineString","coordinates":[[-0.74611,42.97643],[-0.74608,42.97641],[-0.74603,42.9764],[-0.74599,42.9764],[-0.74597,42.97642],[-0.74594,42.97648],[-0.74595,42.97663]]}},
{"type":"Feature","id":"way/1547033121","properties":{"station_id":"la-pierre-saint-martin","osm_id":1547033121,"feature":"piste","kind":"novice","name":"Premiere Etoile","length_m":5},"geometry":{"type":"LineString","coordinates":[[-0.74611,42.97643],[-0.74613,42.97641],[-0.74616,42.97641]]}},
{"type":"Feature","id":"way/1547033122","properties":{"station_id":"la-pierre-saint-martin","osm_id":1547033122,"feature":"piste","kind":"easy","name":"Boulevard des Myrtilles","length_m":128},"geometry":{"type":"LineString","coordinates":[[-0.72197,42.97007],[-0.72218,42.97003],[-0.72226,42.97002],[-0.72239,42.96999],[-0.72258,42.96997],[-0.72285,42.96999],[-0.72315,42.97008],[-0.72326,42.9701],[-0.72339,42.97012],[-0.72349,42.9701]]}},
{"type":"Feature","id":"way/1547033124","properties":{"station_id":"la-pierre-saint-martin","osm_id":1547033124,"feature":"piste","kind":"intermediate","name":"Les Lagopèdes","length_m":80},"geometry":{"type":"LineString","coordinates":[[-0.72146,42.96961],[-0.7214,42.96989],[-0.72139,42.97012],[-0.72138,42.97033]]}},
{"type":"Feature","id":"way/1547033125","properties":{"station_id":"la-pierre-saint-martin","osm_id":1547033125,"feature":"piste","kind":"intermediate","name":"Les Lagopèdes","length_m":208},"geometry":{"type":"LineString","coordinates":[[-0.7217,42.96991],[-0.72152,42.97007],[-0.72144,42.97015],[-0.72141,42.97023],[-0.72138,42.97033],[-0.72138,42.97055],[-0.72139,42.97107],[-0.72134,42.97117],[-0.72127,42.97127],[-0.72117,42.97134],[-0.72105,42.97138],[-0.72099,42.97139],[-0.72094,42.97136],[-0.72091,42.97131],[-0.72091,42.97123]]}},
{"type":"Feature","id":"way/1547033126","properties":{"station_id":"la-pierre-saint-martin","osm_id":1547033126,"feature":"piste","kind":null,"name":null,"length_m":22},"geometry":{"type":"LineString","coordinates":[[-0.72191,42.96978],[-0.72185,42.96982],[-0.72181,42.96984],[-0.72176,42.96987],[-0.7217,42.96991]]}},
{"type":"Feature","id":"way/1547033128","properties":{"station_id":"la-pierre-saint-martin","osm_id":1547033128,"feature":"piste","kind":null,"name":null,"length_m":34},"geometry":{"type":"LineString","coordinates":[[-0.72191,42.96978],[-0.72188,42.96987],[-0.7219,42.96994],[-0.72192,42.97],[-0.72197,42.97007]]}},
{"type":"Feature","id":"way/1547033129","properties":{"station_id":"la-pierre-saint-martin","osm_id":1547033129,"feature":"piste","kind":"easy","name":"Boulevard des Pyrénées","length_m":30},"geometry":{"type":"LineString","coordinates":[[-0.72217,42.96348],[-0.72233,42.9636],[-0.72247,42.96363]]}},
{"type":"Feature","id":"way/1547513419","properties":{"station_id":"la-pierre-saint-martin","osm_id":1547513419,"feature":"piste","kind":"easy","name":"Boulevard des Pyrénées","length_m":113},"geometry":{"type":"LineString","coordinates":[[-0.74041,42.97347],[-0.74058,42.97353],[-0.74068,42.97355],[-0.74078,42.97358],[-0.74099,42.9736],[-0.74131,42.97362],[-0.74169,42.97363],[-0.74177,42.97363]]}},
{"type":"Feature","id":"way/1547513421","properties":{"station_id":"la-pierre-saint-martin","osm_id":1547513421,"feature":"piste","kind":"easy","name":"Boulevard des Pyrénées","length_m":112},"geometry":{"type":"LineString","coordinates":[[-0.74177,42.97363],[-0.7419,42.97366],[-0.74208,42.9737],[-0.74221,42.97373],[-0.74231,42.97375],[-0.7424,42.97375],[-0.7426,42.97376],[-0.74283,42.97377],[-0.74299,42.97378],[-0.74312,42.9738]]}},
{"type":"Feature","id":"way/1547666017","properties":{"station_id":"la-pierre-saint-martin","osm_id":1547666017,"feature":"piste","kind":"intermediate","name":"Isaba","length_m":31},"geometry":{"type":"LineString","coordinates":[[-0.75664,42.97537],[-0.75669,42.97548],[-0.75685,42.97559]]}},
{"type":"Feature","id":"way/1547666018","properties":{"station_id":"la-pierre-saint-martin","osm_id":1547666018,"feature":"piste","kind":null,"name":null,"length_m":52},"geometry":{"type":"LineString","coordinates":[[-0.75664,42.97537],[-0.75658,42.97555],[-0.75653,42.97565],[-0.75646,42.97572],[-0.75641,42.97574],[-0.75634,42.97575]]}},
{"type":"Feature","id":"way/1547730804","properties":{"station_id":"la-pierre-saint-martin","osm_id":1547730804,"feature":"piste","kind":"easy","name":"Les Palombes","length_m":45},"geometry":{"type":"LineString","coordinates":[[-0.73569,42.98],[-0.73515,42.98009]]}},
{"type":"Feature","id":"way/1547730805","properties":{"station_id":"la-pierre-saint-martin","osm_id":1547730805,"feature":"piste","kind":"easy","name":"Les Palombes","length_m":502},"geometry":{"type":"LineString","coordinates":[[-0.74744,42.97845],[-0.7464,42.97861],[-0.74603,42.97874],[-0.74557,42.97894],[-0.74515,42.97918],[-0.74477,42.97936],[-0.74437,42.97948],[-0.74416,42.97951],[-0.74396,42.97951],[-0.74363,42.9795],[-0.74292,42.97942],[-0.74225,42.97936],[-0.74194,42.97939],[-0.74166,42.97945]]}},
{"type":"Feature","id":"way/1547771919","properties":{"station_id":"la-pierre-saint-martin","osm_id":1547771919,"feature":"piste","kind":null,"name":null,"length_m":74},"geometry":{"type":"LineString","coordinates":[[-0.74488,42.96715],[-0.74497,42.96726],[-0.74505,42.96741],[-0.74511,42.96757],[-0.74513,42.96766],[-0.74514,42.96778]]}},
{"type":"Feature","id":"way/1547771921","properties":{"station_id":"la-pierre-saint-martin","osm_id":1547771921,"feature":"piste","kind":null,"name":null,"length_m":148},"geometry":{"type":"LineString","coordinates":[[-0.74715,42.96444],[-0.74704,42.96449],[-0.74687,42.96455],[-0.74659,42.96462],[-0.74624,42.96473],[-0.74582,42.96489],[-0.74552,42.96503]]}},
{"type":"Feature","id":"way/1547771923","properties":{"station_id":"la-pierre-saint-martin","osm_id":1547771923,"feature":"piste","kind":null,"name":null,"length_m":158},"geometry":{"type":"LineString","coordinates":[[-0.75071,42.97507],[-0.75002,42.97521],[-0.74971,42.97522],[-0.74901,42.97512],[-0.74891,42.97511],[-0.74881,42.97511]]}},
{"type":"Feature","id":"way/1547771926","properties":{"station_id":"la-pierre-saint-martin","osm_id":1547771926,"feature":"piste","kind":"novice","name":"FamilyPark","length_m":177},"geometry":{"type":"LineString","coordinates":[[-0.74699,42.97579],[-0.74696,42.97577],[-0.74692,42.97577],[-0.74688,42.97579],[-0.74688,42.97584],[-0.74692,42.97713],[-0.74692,42.97729]]}},
{"type":"Feature","id":"way/1547771927","properties":{"station_id":"la-pierre-saint-martin","osm_id":1547771927,"feature":"piste","kind":"novice","name":"FamilyPark","length_m":33},"geometry":{"type":"LineString","coordinates":[[-0.74692,42.97729],[-0.74698,42.97735],[-0.74703,42.97738],[-0.74716,42.97743],[-0.74721,42.97743],[-0.74725,42.97742]]}},
{"type":"Feature","id":"way/1547771928","properties":{"station_id":"la-pierre-saint-martin","osm_id":1547771928,"feature":"piste","kind":"easy","name":null,"length_m":161},"geometry":{"type":"LineString","coordinates":[[-0.74753,42.97545],[-0.74738,42.97552],[-0.74711,42.9756],[-0.74683,42.97569],[-0.74638,42.97581],[-0.7461,42.97587],[-0.74567,42.97587]]}},
{"type":"Feature","id":"way/1547771929","properties":{"station_id":"la-pierre-saint-martin","osm_id":1547771929,"feature":"piste","kind":"easy","name":null,"length_m":16},"geometry":{"type":"LineString","coordinates":[[-0.74683,42.97569],[-0.74669,42.97579]]}},
{"type":"Feature","id":"way/95030672","properties":{"station_id":"le-mourtis","osm_id":95030672,"feature":"lift","kind":"platter","name":"Sources","length_m":472},"geometry":{"type":"LineString","coordinates":[[0.77459,42.91066],[0.76883,42.91019]]}},
{"type":"Feature","id":"way/95030678","properties":{"station_id":"le-mourtis","osm_id":95030678,"feature":"lift","kind":"drag_lift","name":"Courraou","length_m":423},"geometry":{"type":"LineString","coordinates":[[0.76339,42.90991],[0.76807,42.90894],[0.76808,42.90894],[0.76839,42.90887]]}},
{"type":"Feature","id":"way/95030685","properties":{"station_id":"le-mourtis","osm_id":95030685,"feature":"lift","kind":"chair_lift","name":"Tuc de Pan","length_m":1081},"geometry":{"type":"LineString","coordinates":[[0.76849,42.91203],[0.76845,42.91157],[0.7684,42.911],[0.76835,42.91041],[0.76827,42.90941],[0.76818,42.90839],[0.76817,42.90823],[0.76811,42.90759],[0.76804,42.90675],[0.76796,42.90587],[0.7679,42.90512],[0.76784,42.90436],[0.76779,42.90387],[0.76775,42.90341],[0.76772,42.903],[0.76769,42.90266],[0.76765,42.90233]]}},
{"type":"Feature","id":"way/221188963","properties":{"station_id":"le-mourtis","osm_id":221188963,"feature":"lift","kind":"drag_lift","name":"Fontaines I","length_m":191},"geometry":{"type":"LineString","coordinates":[[0.77133,42.91242],[0.77027,42.91089]]}},
{"type":"Feature","id":"way/221188964","properties":{"station_id":"le-mourtis","osm_id":221188964,"feature":"lift","kind":"drag_lift","name":"Fontaines II","length_m":227},"geometry":{"type":"LineString","coordinates":[[0.76972,42.91218],[0.76885,42.91024]]}},
{"type":"Feature","id":"way/221188965","properties":{"station_id":"le-mourtis","osm_id":221188965,"feature":"lift","kind":"platter","name":"Batinore","length_m":551},"geometry":{"type":"LineString","coordinates":[[0.76872,42.89781],[0.77472,42.90009]]}},
{"type":"Feature","id":"way/256178336","properties":{"station_id":"le-mourtis","osm_id":256178336,"feature":"lift","kind":"drag_lift","name":"Gimbres","length_m":268},"geometry":{"type":"LineString","coordinates":[[0.77903,42.90579],[0.7771,42.90384]]}},
{"type":"Feature","id":"way/265142206","properties":{"station_id":"le-mourtis","osm_id":265142206,"feature":"lift","kind":"magic_carpet","name":"Espace Ludique","length_m":30},"geometry":{"type":"LineString","coordinates":[[0.77059,42.91254],[0.77024,42.91245]]}},
{"type":"Feature","id":"way/265142212","properties":{"station_id":"le-mourtis","osm_id":265142212,"feature":"lift","kind":"drag_lift","name":"Bambins","length_m":181},"geometry":{"type":"LineString","coordinates":[[0.7721,42.91212],[0.7706,42.91092]]}},
{"type":"Feature","id":"way/265142472","properties":{"station_id":"le-mourtis","osm_id":265142472,"feature":"lift","kind":"drag_lift","name":"Pierres Blanches","length_m":141},"geometry":{"type":"LineString","coordinates":[[0.7659,42.91126],[0.76739,42.91061]]}},
{"type":"Feature","id":"way/1552872295","properties":{"station_id":"le-mourtis","osm_id":1552872295,"feature":"lift","kind":"chair_lift","name":"TSF2 Tuc de l'Escalas","length_m":1073},"geometry":{"type":"LineString","coordinates":[[0.77493,42.91008],[0.77425,42.90044]]}},
{"type":"Feature","id":"way/95030667","properties":{"station_id":"le-mourtis","osm_id":95030667,"feature":"piste","kind":"advanced","name":"Batinore","length_m":1168},"geometry":{"type":"LineString","coordinates":[[0.77472,42.90009],[0.77418,42.90023],[0.77285,42.90033],[0.77255,42.90036],[0.77213,42.90048],[0.77062,42.90121],[0.77023,42.90126],[0.7704,42.90088],[0.77028,42.90079],[0.76983,42.90081],[0.76928,42.90088],[0.76891,42.90095],[0.76854,42.90093],[0.76819,42.90092],[0.7679,42.90081],[0.76761,42.90054],[0.767,42.90002],[0.76681,42.89985],[0.76658,42.89954],[0.76642,42.89925],[0.76649,42.89908],[0.76683,42.89909],[0.76688,42.89904],[0.76684,42.8987],[0.76689,42.89852],[0.76722,42.89855],[0.7674,42.89857],[0.76763,42.89854],[0.76794,42.89846],[0.76819,42.89836],[0.76841,42.89825],[0.76852,42.89813],[0.76854,42.89811],[0.76856,42.89803],[0.76872,42.89781]]}},
{"type":"Feature","id":"way/95030677","properties":{"station_id":"le-mourtis","osm_id":95030677,"feature":"piste","kind":"intermediate","name":"Rouge de l'Artigue","length_m":1921},"geometry":{"type":"LineString","coordinates":[[0.7703,42.90138],[0.77055,42.90149],[0.771,42.9016],[0.77152,42.90159],[0.7723,42.90146],[0.773,42.90144],[0.7735,42.9015],[0.77401,42.90168],[0.77444,42.90195],[0.77475,42.90235],[0.775,42.90261],[0.77561,42.90266],[0.77615,42.90277],[0.77647,42.90288],[0.77658,42.90296],[0.77671,42.90307],[0.77689,42.90325],[0.77702,42.90344],[0.77746,42.90392],[0.77809,42.90438],[0.77862,42.90477],[0.77907,42.90512],[0.7796,42.90554],[0.78004,42.90588],[0.78015,42.90626],[0.77997,42.90703],[0.77978,42.9074],[0.77962,42.90754],[0.77944,42.90761],[0.77903,42.90765],[0.77863,42.90759],[0.77819,42.90737],[0.77777,42.90729],[0.77754,42.90728],[0.77734,42.90737],[0.77707,42.90755],[0.77686,42.90762],[0.77618,42.90767],[0.77471,42.90814],[0.77439,42.90835],[0.77426,42.90861],[0.77426,42.90888],[0.77439,42.90944],[0.77451,42.90992],[0.77457,42.91023],[0.77458,42.91048]]}},
{"type":"Feature","id":"way/95030681","properties":{"station_id":"le-mourtis","osm_id":95030681,"feature":"piste","kind":"easy","name":"Sources","length_m":390},"geometry":{"type":"LineString","coordinates":[[0.76883,42.91019],[0.76874,42.91017],[0.76873,42.91015],[0.76877,42.91012],[0.76887,42.91011],[0.76933,42.91009],[0.76992,42.91003],[0.77048,42.91005],[0.7708,42.91009],[0.77127,42.91021],[0.77208,42.91034],[0.77314,42.9104],[0.77332,42.91042]]}},
{"type":"Feature","id":"way/256178335","properties":{"station_id":"le-mourtis","osm_id":256178335,"feature":"piste","kind":"advanced","name":"L'Étang","length_m":706},"geometry":{"type":"LineString","coordinates":[[0.76841,42.90298],[0.76842,42.90316],[0.76852,42.9038],[0.76882,42.90483],[0.76895,42.9053],[0.76911,42.90568],[0.76904,42.9062],[0.76918,42.90665],[0.76932,42.90712],[0.7695,42.90746],[0.76953,42.90777],[0.76949,42.90805],[0.76939,42.90837],[0.76921,42.90864],[0.76909,42.90887],[0.76904,42.90917]]}},
{"type":"Feature","id":"way/256178341","properties":{"station_id":"le-mourtis","osm_id":256178341,"feature":"piste","kind":"intermediate","name":"Stade de Slalom","length_m":450},"geometry":{"type":"LineString","coordinates":[[0.76807,42.90894],[0.76808,42.90893],[0.76809,42.90891],[0.76806,42.90888],[0.76787,42.90888],[0.76763,42.90892],[0.76721,42.90901],[0.76656,42.90913],[0.76581,42.90927],[0.76518,42.90934],[0.76463,42.90938],[0.76383,42.90942],[0.76352,42.90944],[0.76338,42.90952],[0.76334,42.9097],[0.76328,42.90986],[0.7633,42.9099],[0.76333,42.90991],[0.76339,42.90991]]}},
{"type":"Feature","id":"way/429301808","properties":{"station_id":"le-mourtis","osm_id":429301808,"feature":"piste","kind":"easy","name":"Gimbres","length_m":308},"geometry":{"type":"LineString","coordinates":[[0.77702,42.90375],[0.77704,42.90373],[0.77708,42.90372],[0.77715,42.90372],[0.77722,42.90373],[0.77746,42.90392],[0.77809,42.90438],[0.77862,42.90477],[0.77907,42.90512],[0.77903,42.90579]]}},
{"type":"Feature","id":"way/429301809","properties":{"station_id":"le-mourtis","osm_id":429301809,"feature":"piste","kind":"easy","name":"Boutève","length_m":1416},"geometry":{"type":"LineString","coordinates":[[0.7703,42.90138],[0.77056,42.90162],[0.77092,42.902],[0.77139,42.90253],[0.77162,42.90281],[0.77203,42.90308],[0.77238,42.90333],[0.77273,42.90355],[0.77281,42.90369],[0.77284,42.90383],[0.77277,42.904],[0.77255,42.90418],[0.77243,42.90437],[0.77219,42.90475],[0.77187,42.90511],[0.77128,42.90577],[0.77053,42.90646],[0.77037,42.90672],[0.77032,42.90706],[0.77034,42.90747],[0.77031,42.90777],[0.77019,42.90813],[0.77002,42.90855],[0.76979,42.9088],[0.76956,42.90892],[0.76904,42.90917],[0.76886,42.90941],[0.76874,42.9097],[0.76864,42.91012],[0.76863,42.91019],[0.76863,42.91028],[0.76863,42.91101],[0.76875,42.91143],[0.76893,42.91169],[0.76899,42.91186],[0.76895,42.912],[0.76882,42.91207],[0.76871,42.9121],[0.76857,42.91211],[0.76851,42.91209],[0.7685,42.91208],[0.76849,42.91203]]}},
{"type":"Feature","id":"way/429301810","properties":{"station_id":"le-mourtis","osm_id":429301810,"feature":"piste","kind":"intermediate","name":null,"length_m":145},"geometry":{"type":"LineString","coordinates":[[0.77062,42.90121],[0.77125,42.90096],[0.77109,42.90105],[0.77075,42.90117],[0.77062,42.90121],[0.77031,42.90132]]}},
{"type":"Feature","id":"way/1150991363","properties":{"station_id":"le-mourtis","osm_id":1150991363,"feature":"piste","kind":"easy","name":"Courraou","length_m":453},"geometry":{"type":"LineString","coordinates":[[0.76807,42.90894],[0.76809,42.90895],[0.76812,42.90898],[0.76812,42.90903],[0.76774,42.90931],[0.76716,42.90946],[0.7664,42.9096],[0.76581,42.90977],[0.76544,42.90998],[0.76506,42.91017],[0.76433,42.91019],[0.76374,42.91014],[0.76345,42.91008],[0.76338,42.91005],[0.76334,42.90999],[0.76336,42.90993],[0.76339,42.90991]]}},
{"type":"Feature","id":"way/1150991364","properties":{"station_id":"le-mourtis","osm_id":1150991364,"feature":"piste","kind":"easy","name":"Liaison D40","length_m":442},"geometry":{"type":"LineString","coordinates":[[0.76808,42.90894],[0.76814,42.90894],[0.76816,42.909],[0.76817,42.90909],[0.7682,42.90928],[0.76829,42.90953],[0.76848,42.90988],[0.76858,42.91009],[0.76859,42.91011],[0.76863,42.91019],[0.76852,42.91021],[0.76845,42.91022],[0.76841,42.91023],[0.76822,42.91024],[0.76748,42.91022],[0.76663,42.9102],[0.76556,42.91019],[0.76506,42.91017]]}},
{"type":"Feature","id":"way/1150991365","properties":{"station_id":"le-mourtis","osm_id":1150991365,"feature":"piste","kind":"novice","name":"Liaison Retour","length_m":302},"geometry":{"type":"LineString","coordinates":[[0.76863,42.91019],[0.76846,42.91025],[0.76811,42.91034],[0.76779,42.91039],[0.76756,42.91046],[0.76739,42.91061],[0.76723,42.91052],[0.76691,42.91054],[0.76657,42.91062],[0.76623,42.91079],[0.766,42.91089],[0.76588,42.91106],[0.76576,42.9112],[0.76574,42.91125],[0.76575,42.91127],[0.76578,42.91128],[0.7659,42.91126]]}},
{"type":"Feature","id":"way/1150991366","properties":{"station_id":"le-mourtis","osm_id":1150991366,"feature":"piste","kind":"novice","name":"Pierres Blanches","length_m":175},"geometry":{"type":"LineString","coordinates":[[0.76739,42.91061],[0.76722,42.91083],[0.76705,42.911],[0.76665,42.91119],[0.76625,42.91125],[0.76612,42.91133],[0.76598,42.91136],[0.76589,42.91136],[0.76584,42.91136],[0.76582,42.91134],[0.76582,42.91131],[0.7659,42.91126]]}},
{"type":"Feature","id":"way/1150991367","properties":{"station_id":"le-mourtis","osm_id":1150991367,"feature":"piste","kind":"novice","name":"Liaison Tuc de Pan","length_m":182},"geometry":{"type":"LineString","coordinates":[[0.76705,42.911],[0.76713,42.91124],[0.76724,42.9114],[0.76749,42.91154],[0.76784,42.91167],[0.76816,42.91182],[0.76841,42.91206],[0.76844,42.91208],[0.76846,42.91208],[0.76849,42.91207],[0.76849,42.91203]]}},
{"type":"Feature","id":"way/1150991368","properties":{"station_id":"le-mourtis","osm_id":1150991368,"feature":"piste","kind":"novice","name":"Fontaines II","length_m":286},"geometry":{"type":"LineString","coordinates":[[0.76885,42.91024],[0.76882,42.91023],[0.76876,42.91022],[0.76871,42.91023],[0.76868,42.91025],[0.76868,42.91028],[0.76877,42.91039],[0.76887,42.91044],[0.76897,42.91046],[0.76906,42.91046],[0.76919,42.91049],[0.76929,42.91056],[0.76945,42.91087],[0.76952,42.91107],[0.76961,42.91126],[0.76977,42.91154],[0.76985,42.91178],[0.76988,42.91198],[0.76988,42.91211],[0.76989,42.91217],[0.76987,42.9122],[0.76982,42.91222],[0.76978,42.91221],[0.76972,42.91218]]}},
{"type":"Feature","id":"way/1150991369","properties":{"station_id":"le-mourtis","osm_id":1150991369,"feature":"piste","kind":"novice","name":"Fontaines I","length_m":277},"geometry":{"type":"LineString","coordinates":[[0.76929,42.91056],[0.76974,42.91069],[0.76995,42.91081],[0.77007,42.91095],[0.77057,42.91166],[0.77086,42.91213],[0.77107,42.91233],[0.77133,42.91242]]}},
{"type":"Feature","id":"way/1150991370","properties":{"station_id":"le-mourtis","osm_id":1150991370,"feature":"piste","kind":"novice","name":"Bambins","length_m":215},"geometry":{"type":"LineString","coordinates":[[0.7706,42.91092],[0.77056,42.91091],[0.77052,42.91092],[0.77051,42.91094],[0.77052,42.91099],[0.77057,42.91109],[0.77077,42.91131],[0.77107,42.91165],[0.77136,42.91184],[0.7716,42.91205],[0.77176,42.91216],[0.77195,42.91219],[0.77204,42.91218],[0.7721,42.91217],[0.7721,42.91212]]}},
{"type":"Feature","id":"way/1150991371","properties":{"station_id":"le-mourtis","osm_id":1150991371,"feature":"piste","kind":"easy","name":"Boutève","length_m":314},"geometry":{"type":"LineString","coordinates":[[0.76793,42.90226],[0.76796,42.90241],[0.76804,42.90262],[0.76819,42.90281],[0.76831,42.90293],[0.76841,42.90298],[0.76855,42.90298],[0.76865,42.90295],[0.76876,42.90287],[0.76887,42.90271],[0.76908,42.90245],[0.76939,42.90211],[0.76958,42.90194],[0.77002,42.9016],[0.77009,42.90162],[0.7701,42.90169]]}},
{"type":"Feature","id":"way/1150991372","properties":{"station_id":"le-mourtis","osm_id":1150991372,"feature":"piste","kind":"intermediate","name":"Narbout","length_m":1198},"geometry":{"type":"LineString","coordinates":[[0.76939,42.90211],[0.76955,42.90225],[0.76966,42.90239],[0.76988,42.90263],[0.77012,42.90285],[0.77024,42.903],[0.7703,42.90325],[0.77044,42.90352],[0.77064,42.90381],[0.77089,42.90413],[0.77127,42.90466],[0.77128,42.90577],[0.77053,42.90646],[0.77037,42.90672],[0.77032,42.90706],[0.77063,42.90707],[0.77085,42.90702],[0.77101,42.90702],[0.77108,42.90707],[0.77105,42.90722],[0.771,42.90733],[0.77095,42.90746],[0.77075,42.9076],[0.7706,42.90775],[0.77052,42.90798],[0.7706,42.90835],[0.77073,42.90854],[0.77092,42.90868],[0.77121,42.90871],[0.77149,42.90874],[0.77176,42.90887],[0.77196,42.90904],[0.77221,42.90916],[0.77248,42.90926],[0.77282,42.90924],[0.77314,42.90915],[0.77366,42.90914],[0.77409,42.90925],[0.77439,42.90944]]}},
{"type":"Feature","id":"way/1150991373","properties":{"station_id":"le-mourtis","osm_id":1150991373,"feature":"piste","kind":"novice","name":"Espace Ludique","length_m":40},"geometry":{"type":"LineString","coordinates":[[0.77024,42.91245],[0.7703,42.9124],[0.77041,42.9124],[0.77051,42.91243],[0.77058,42.91247],[0.77059,42.91254]]}},
{"type":"Feature","id":"way/1316183713","properties":{"station_id":"le-mourtis","osm_id":1316183713,"feature":"piste","kind":"novice","name":null,"length_m":9},"geometry":{"type":"LineString","coordinates":[[0.76765,42.90233],[0.76768,42.90225]]}},
{"type":"Feature","id":"way/1316183714","properties":{"station_id":"le-mourtis","osm_id":1316183714,"feature":"piste","kind":"novice","name":"La Promenade","length_m":2959},"geometry":{"type":"LineString","coordinates":[[0.76768,42.90225],[0.76793,42.90226],[0.76806,42.90226],[0.76821,42.90221],[0.76867,42.90196],[0.76913,42.90177],[0.76996,42.90131],[0.77011,42.90126],[0.77019,42.90125],[0.77023,42.90126],[0.77031,42.90132],[0.7703,42.90138],[0.77026,42.9015],[0.7701,42.90169],[0.77002,42.90195],[0.77008,42.90269],[0.7701,42.90279],[0.77012,42.90285],[0.77019,42.9029],[0.77028,42.90291],[0.77041,42.9029],[0.77068,42.90283],[0.77139,42.90253],[0.77157,42.90246],[0.77191,42.90236],[0.77217,42.90226],[0.77265,42.90209],[0.77313,42.90197],[0.7734,42.90197],[0.77357,42.902],[0.77371,42.90207],[0.77418,42.90236],[0.77469,42.90256],[0.775,42.90261],[0.77561,42.90266],[0.77615,42.90277],[0.77647,42.90288],[0.77658,42.90296],[0.77671,42.90307],[0.77689,42.90325],[0.77702,42.90344],[0.77704,42.90363],[0.77702,42.90375],[0.77701,42.90379],[0.77703,42.90391],[0.77714,42.90407],[0.77743,42.90433],[0.77799,42.90497],[0.77806,42.90515],[0.77801,42.90529],[0.77791,42.90535],[0.77777,42.90535],[0.7776,42.90532],[0.77722,42.9052],[0.7768,42.90509],[0.77657,42.90508],[0.77604,42.90509],[0.77585,42.9051],[0.77555,42.90512],[0.77532,42.90515],[0.77503,42.90523],[0.77478,42.90534],[0.77456,42.90546],[0.77418,42.90561],[0.77334,42.90589],[0.77313,42.90598],[0.77296,42.90611],[0.77288,42.90626],[0.7728,42.90642],[0.77264,42.90665],[0.77238,42.90692],[0.77202,42.90718],[0.77133,42.90767],[0.77096,42.90797],[0.77085,42.9081],[0.77082,42.90821],[0.77082,42.90837],[0.77092,42.90868],[0.771,42.90888],[0.771,42.90908],[0.77098,42.90914],[0.77093,42.9092],[0.77085,42.90926],[0.77065,42.90931],[0.77041,42.90935],[0.77021,42.90943],[0.77002,42.90951],[0.76982,42.90965],[0.76933,42.9099],[0.76929,42.90999],[0.76933,42.91009],[0.76955,42.91027],[0.7698,42.91037],[0.76995,42.9105],[0.77008,42.91057],[0.77043,42.91064],[0.77064,42.91071],[0.77091,42.91082],[0.77096,42.91084],[0.77122,42.91097],[0.77148,42.91109],[0.77173,42.91118],[0.77186,42.91127],[0.77195,42.91138],[0.77199,42.91156],[0.77207,42.9117],[0.77212,42.91173],[0.77221,42.91174],[0.7723,42.91173],[0.77249,42.9115],[0.77261,42.9113],[0.77271,42.91099],[0.77279,42.9108],[0.77292,42.91065],[0.77312,42.91049],[0.77332,42.91042],[0.7739,42.91043],[0.77427,42.91042],[0.77444,42.91045],[0.77458,42.91048],[0.77462,42.91053],[0.77464,42.9106],[0.77464,42.91063],[0.77459,42.91066]]}},
{"type":"Feature","id":"way/1342385214","properties":{"station_id":"le-mourtis","osm_id":1342385214,"feature":"piste","kind":"novice","name":null,"length_m":71},"geometry":{"type":"LineString","coordinates":[[0.77027,42.91089],[0.77008,42.91057],[0.77002,42.91061],[0.76995,42.91068],[0.76991,42.91075],[0.76995,42.91081]]}},
{"type":"Feature","id":"way/1342385215","properties":{"station_id":"le-mourtis","osm_id":1342385215,"feature":"piste","kind":"novice","name":null,"length_m":58},"geometry":{"type":"LineString","coordinates":[[0.77207,42.9117],[0.77205,42.9118],[0.772,42.91193],[0.77194,42.91202],[0.77191,42.91208],[0.77191,42.91212],[0.77194,42.91215],[0.77195,42.91219]]}},
{"type":"Feature","id":"way/1342385216","properties":{"station_id":"le-mourtis","osm_id":1342385216,"feature":"piste","kind":"novice","name":null,"length_m":73},"geometry":{"type":"LineString","coordinates":[[0.7716,42.91205],[0.77173,42.91207],[0.77183,42.91206],[0.77194,42.91202],[0.77219,42.91185],[0.7723,42.91173]]}},
{"type":"Feature","id":"way/1342387527","properties":{"station_id":"le-mourtis","osm_id":1342387527,"feature":"piste","kind":"intermediate","name":null,"length_m":118},"geometry":{"type":"LineString","coordinates":[[0.77255,42.90418],[0.77195,42.90438],[0.77137,42.90458],[0.77127,42.90466]]}},
{"type":"Feature","id":"way/1342387533","properties":{"station_id":"le-mourtis","osm_id":1342387533,"feature":"piste","kind":"novice","name":null,"length_m":12},"geometry":{"type":"LineString","coordinates":[[0.7771,42.90384],[0.77702,42.90375]]}},
{"type":"Feature","id":"way/1342387534","properties":{"station_id":"le-mourtis","osm_id":1342387534,"feature":"piste","kind":"novice","name":null,"length_m":33},"geometry":{"type":"LineString","coordinates":[[0.7706,42.91092],[0.77058,42.9109],[0.77059,42.91087],[0.77066,42.91084],[0.77081,42.91082],[0.77091,42.91082]]}},
{"type":"Feature","id":"way/1342398413","properties":{"station_id":"le-mourtis","osm_id":1342398413,"feature":"piste","kind":"novice","name":null,"length_m":83},"geometry":{"type":"LineString","coordinates":[[0.76883,42.91019],[0.76874,42.91017],[0.76864,42.91012],[0.76859,42.91011],[0.7685,42.91014],[0.76845,42.91017],[0.76845,42.91022],[0.76846,42.91025],[0.76853,42.91027],[0.76863,42.91028],[0.76868,42.91028],[0.76872,42.91028],[0.76885,42.91024],[0.76883,42.91019]]}},
{"type":"Feature","id":"way/28661115","properties":{"station_id":"les-angles","osm_id":28661115,"feature":"lift","kind":"gondola","name":"Pèlerins","length_m":1313},"geometry":{"type":"LineString","coordinates":[[2.06907,42.57488],[2.06867,42.57482],[2.06851,42.5748],[2.06838,42.57478],[2.06797,42.57472],[2.06696,42.57458],[2.06556,42.57439],[2.06427,42.57421],[2.06238,42.57394],[2.06149,42.57382],[2.06032,42.57365],[2.05851,42.5734],[2.05757,42.57327],[2.05617,42.57307],[2.05518,42.57293],[2.05486,42.57289],[2.05448,42.57283],[2.05396,42.57276],[2.05332,42.57267]]}},
{"type":"Feature","id":"way/28661122","properties":{"station_id":"les-angles","osm_id":28661122,"feature":"lift","kind":"chair_lift","name":"Jassettes Express","length_m":1456},"geometry":{"type":"LineString","coordinates":[[2.07055,42.57728],[2.07035,42.5773],[2.07025,42.57731],[2.06948,42.57739],[2.06842,42.57751],[2.06728,42.57764],[2.06534,42.57785],[2.06408,42.57799],[2.06313,42.5781],[2.06167,42.57826],[2.06071,42.57837],[2.05959,42.57849],[2.05865,42.57859],[2.05778,42.57869],[2.05756,42.57871],[2.05736,42.57874],[2.05661,42.57882],[2.05548,42.57894],[2.05451,42.57905],[2.05338,42.57918],[2.05297,42.57922]]}},
{"type":"Feature","id":"way/31052037","properties":{"station_id":"les-angles","osm_id":31052037,"feature":"lift","kind":"drag_lift","name":"Roc d'Aude","length_m":1238},"geometry":{"type":"LineString","coordinates":[[2.05423,42.58002],[2.0537,42.57977],[2.05309,42.57948],[2.05227,42.57909],[2.05121,42.57859],[2.05008,42.57805],[2.04913,42.57761],[2.04836,42.57724],[2.04735,42.57676],[2.04622,42.57623],[2.04505,42.57567],[2.04318,42.57479],[2.04223,42.57434],[2.04164,42.57406],[2.04151,42.574]]}},
{"type":"Feature","id":"way/33043633","properties":{"station_id":"les-angles","osm_id":33043633,"feature":"lift","kind":"chair_lift","name":"Pla del Mir","length_m":1208},"geometry":{"type":"LineString","coordinates":[[2.06485,42.56407],[2.06406,42.56446],[2.06327,42.56486],[2.06214,42.56542],[2.06116,42.56591],[2.06018,42.5664],[2.05917,42.56691],[2.05793,42.56753],[2.0572,42.56789],[2.05624,42.56837],[2.05481,42.56909],[2.05317,42.5699],[2.05282,42.57008],[2.05264,42.57017]]}},
{"type":"Feature","id":"way/47435673","properties":{"station_id":"les-angles","osm_id":47435673,"feature":"lift","kind":"platter","name":"Liaison","length_m":245},"geometry":{"type":"LineString","coordinates":[[2.04425,42.53396],[2.04155,42.5349]]}},
{"type":"Feature","id":"way/80417716","properties":{"station_id":"les-angles","osm_id":80417716,"feature":"lift","kind":"chair_lift","name":"Nord","length_m":628},"geometry":{"type":"LineString","coordinates":[[2.05497,42.5353],[2.05489,42.53524],[2.05456,42.53502],[2.05332,42.53419],[2.05221,42.53344],[2.05147,42.53294],[2.05034,42.53218],[2.04954,42.53164],[2.04932,42.53149]]}},
{"type":"Feature","id":"way/88074341","properties":{"station_id":"les-angles","osm_id":88074341,"feature":"lift","kind":"drag_lift","name":"Cabanes","length_m":569},"geometry":{"type":"LineString","coordinates":[[2.05154,42.57256],[2.05059,42.57246],[2.04882,42.57228],[2.04774,42.57216],[2.04684,42.57207],[2.04611,42.57199],[2.04524,42.5719],[2.04515,42.57189],[2.04466,42.57184]]}},
{"type":"Feature","id":"way/88074349","properties":{"station_id":"les-angles","osm_id":88074349,"feature":"lift","kind":"platter","name":"Bamby","length_m":296},"geometry":{"type":"LineString","coordinates":[[2.07118,42.57513],[2.07056,42.5754],[2.06969,42.57577],[2.06964,42.5758],[2.06921,42.57598],[2.06828,42.57639],[2.06807,42.57648]]}},
{"type":"Feature","id":"way/88074373","properties":{"station_id":"les-angles","osm_id":88074373,"feature":"lift","kind":"platter","name":"Collade","length_m":174},"geometry":{"type":"LineString","coordinates":[[2.06532,42.56425],[2.06583,42.56471],[2.06645,42.56528],[2.06666,42.56547]]}},
{"type":"Feature","id":"way/88074498","properties":{"station_id":"les-angles","osm_id":88074498,"feature":"lift","kind":"drag_lift","name":"San Père","length_m":1108},"geometry":{"type":"LineString","coordinates":[[2.05012,42.56544],[2.04922,42.56634],[2.04824,42.56733],[2.04716,42.56843],[2.04639,42.5692],[2.0453,42.5703],[2.04465,42.57096],[2.04374,42.57188],[2.04306,42.57256],[2.04261,42.57302],[2.04233,42.5733],[2.04214,42.57349]]}},
{"type":"Feature","id":"way/88074508","properties":{"station_id":"les-angles","osm_id":88074508,"feature":"lift","kind":"drag_lift","name":"Roc d'Aude","length_m":1085},"geometry":{"type":"LineString","coordinates":[[2.05349,42.57897],[2.0525,42.57854],[2.05068,42.57774],[2.04945,42.57721],[2.04854,42.57681],[2.04771,42.57645],[2.04509,42.57531],[2.0436,42.57465],[2.04276,42.57429],[2.04224,42.57406],[2.04209,42.574]]}},
{"type":"Feature","id":"way/88091566","properties":{"station_id":"les-angles","osm_id":88091566,"feature":"lift","kind":"platter","name":"Fount","length_m":142},"geometry":{"type":"LineString","coordinates":[[2.05267,42.57173],[2.05245,42.57121],[2.0523,42.57085],[2.05215,42.57051]]}},
{"type":"Feature","id":"way/88091578","properties":{"station_id":"les-angles","osm_id":88091578,"feature":"lift","kind":"platter","name":"Plateau","length_m":405},"geometry":{"type":"LineString","coordinates":[[2.05235,42.57422],[2.05217,42.57338],[2.05199,42.57256],[2.05174,42.57135],[2.05158,42.57062]]}},
{"type":"Feature","id":"way/88091579","properties":{"station_id":"les-angles","osm_id":88091579,"feature":"lift","kind":"drag_lift","name":"Llaret","length_m":1084},"geometry":{"type":"LineString","coordinates":[[2.05345,42.579],[2.05246,42.57858],[2.05158,42.5782],[2.05063,42.57779],[2.04941,42.57727],[2.04851,42.57688],[2.04766,42.57652],[2.04529,42.5755],[2.04353,42.57474],[2.04216,42.57415],[2.04202,42.57409]]}},
{"type":"Feature","id":"way/88091582","properties":{"station_id":"les-angles","osm_id":88091582,"feature":"lift","kind":"drag_lift","name":"Col Rouge","length_m":995},"geometry":{"type":"LineString","coordinates":[[2.04285,42.58251],[2.04257,42.58241],[2.04189,42.58216],[2.04133,42.58196],[2.04069,42.58173],[2.03967,42.58136],[2.03856,42.58096],[2.03771,42.58065],[2.03666,42.58027],[2.03527,42.57977],[2.0342,42.57938],[2.03325,42.57904],[2.03254,42.57879],[2.03194,42.57857]]}},
{"type":"Feature","id":"way/88091584","properties":{"station_id":"les-angles","osm_id":88091584,"feature":"lift","kind":"drag_lift","name":"Péborny 1","length_m":1010},"geometry":{"type":"LineString","coordinates":[[2.04601,42.58168],[2.0457,42.58155],[2.04501,42.58126],[2.04295,42.58038],[2.0419,42.57993],[2.0402,42.57921],[2.03895,42.57867],[2.03772,42.57815],[2.03594,42.57739],[2.03534,42.57713]]}},
{"type":"Feature","id":"way/88091590","properties":{"station_id":"les-angles","osm_id":88091590,"feature":"lift","kind":"drag_lift","name":"Bruyères","length_m":599},"geometry":{"type":"LineString","coordinates":[[2.0535,42.57888],[2.05301,42.57864],[2.05224,42.57827],[2.0512,42.57776],[2.05066,42.5775],[2.04956,42.57697],[2.04871,42.57656],[2.04787,42.57615],[2.04781,42.57612],[2.04739,42.57592]]}},
{"type":"Feature","id":"way/88196060","properties":{"station_id":"les-angles","osm_id":88196060,"feature":"lift","kind":"chair_lift","name":"Col Rouge","length_m":815},"geometry":{"type":"LineString","coordinates":[[2.03646,42.53979],[2.03636,42.53971],[2.03569,42.53914],[2.03527,42.53879],[2.03458,42.53822],[2.03388,42.53763],[2.03301,42.5369],[2.03176,42.53586],[2.03107,42.53528],[2.03047,42.53478],[2.03016,42.53452],[2.02989,42.53429]]}},
{"type":"Feature","id":"way/187376584","properties":{"station_id":"les-angles","osm_id":187376584,"feature":"lift","kind":"chair_lift","name":"Aveillans","length_m":1477},"geometry":{"type":"LineString","coordinates":[[2.03954,42.54394],[2.03922,42.54346],[2.03883,42.54289],[2.03827,42.54206],[2.03782,42.5414],[2.03711,42.54034],[2.03675,42.53981],[2.0361,42.53883],[2.03564,42.53815],[2.03494,42.53711],[2.03443,42.53636],[2.0341,42.53587],[2.03387,42.53554],[2.03324,42.53459],[2.03265,42.53371],[2.03206,42.53283],[2.03168,42.53226],[2.03153,42.53204]]}},
{"type":"Feature","id":"way/203981327","properties":{"station_id":"les-angles","osm_id":203981327,"feature":"lift","kind":"chair_lift","name":"Baliu","length_m":798},"geometry":{"type":"LineString","coordinates":[[2.07051,42.57299],[2.07046,42.5729],[2.07008,42.57218],[2.06973,42.57152],[2.06932,42.57074],[2.06896,42.57007],[2.06857,42.56933],[2.06816,42.56855],[2.06768,42.56764],[2.06731,42.56694],[2.06711,42.56657],[2.06697,42.5663]]}},
{"type":"Feature","id":"way/265432098","properties":{"station_id":"les-angles","osm_id":265432098,"feature":"lift","kind":"magic_carpet","name":"Petits Princes","length_m":127},"geometry":{"type":"LineString","coordinates":[[2.07095,42.57491],[2.06949,42.5753]]}},
{"type":"Feature","id":"way/265432099","properties":{"station_id":"les-angles","osm_id":265432099,"feature":"lift","kind":"magic_carpet","name":"Piou Piou 2","length_m":39},"geometry":{"type":"LineString","coordinates":[[2.07153,42.57554],[2.07107,42.57562]]}},
{"type":"Feature","id":"way/265432100","properties":{"station_id":"les-angles","osm_id":265432100,"feature":"lift","kind":"magic_carpet","name":"Piou Piou 3","length_m":24},"geometry":{"type":"LineString","coordinates":[[2.07144,42.57571],[2.07115,42.57575]]}},
{"type":"Feature","id":"way/1037839820","properties":{"station_id":"les-angles","osm_id":1037839820,"feature":"lift","kind":"magic_carpet","name":"Garoloup","length_m":62},"geometry":{"type":"LineString","coordinates":[[2.07057,42.57547],[2.07124,42.5752]]}},
{"type":"Feature","id":"way/1037839826","properties":{"station_id":"les-angles","osm_id":1037839826,"feature":"lift","kind":"drag_lift","name":"Péborny 2","length_m":1010},"geometry":{"type":"LineString","coordinates":[[2.04596,42.58174],[2.04566,42.58161],[2.04496,42.58131],[2.0429,42.58044],[2.04185,42.57999],[2.04015,42.57926],[2.0389,42.57873],[2.03767,42.5782],[2.0359,42.57745],[2.03529,42.57719]]}},
{"type":"Feature","id":"way/47435672","properties":{"station_id":"les-angles","osm_id":47435672,"feature":"piste","kind":"easy","name":"Sapinettes","length_m":664},"geometry":{"type":"LineString","coordinates":[[2.03628,42.53157],[2.03625,42.53165],[2.03624,42.53169],[2.03626,42.53173],[2.03676,42.53257],[2.03707,42.53278],[2.03714,42.53284],[2.03775,42.53312],[2.03882,42.53386],[2.03965,42.53444],[2.03997,42.53468],[2.04035,42.53481],[2.0406,42.53478],[2.04079,42.5347],[2.0411,42.53446],[2.04153,42.53409],[2.04155,42.53403],[2.04153,42.53399],[2.04146,42.53396],[2.04137,42.53394]]}},
{"type":"Feature","id":"way/47435675","properties":{"station_id":"les-angles","osm_id":47435675,"feature":"piste","kind":"easy","name":"Belvédère haut","length_m":816},"geometry":{"type":"LineString","coordinates":[[2.03159,42.5318],[2.03197,42.53207],[2.03244,42.53225],[2.03262,42.53223],[2.03276,42.53222],[2.03316,42.53238],[2.03355,42.53264],[2.03392,42.53302],[2.03423,42.53319],[2.03459,42.53334],[2.03557,42.53365],[2.03595,42.53374],[2.03646,42.53377],[2.0369,42.53383],[2.03719,42.5339],[2.03811,42.53424],[2.03848,42.53442],[2.03913,42.53463],[2.0396,42.53475],[2.03999,42.53481],[2.04035,42.53481]]}},
{"type":"Feature","id":"way/80417683","properties":{"station_id":"les-angles","osm_id":80417683,"feature":"piste","kind":"advanced","name":"Bouton d'Or","length_m":936},"geometry":{"type":"LineString","coordinates":[[2.04932,42.53149],[2.04922,42.53144],[2.04921,42.53139],[2.04925,42.53136],[2.04939,42.53137],[2.04952,42.53141],[2.04972,42.53142],[2.05004,42.53138],[2.05057,42.53117],[2.0508,42.53113],[2.05117,42.53117],[2.05177,42.53119],[2.0524,42.53115],[2.05313,42.53122],[2.05388,42.53136],[2.05445,42.53166],[2.05504,42.53206],[2.05527,42.53235],[2.05525,42.53261],[2.05518,42.53288],[2.05486,42.53326],[2.05454,42.53397],[2.05451,42.53438],[2.05456,42.53462],[2.0547,42.53486],[2.05488,42.53505],[2.05523,42.53528],[2.05528,42.53533]]}},
{"type":"Feature","id":"way/88118459","properties":{"station_id":"les-angles","osm_id":88118459,"feature":"piste","kind":"easy","name":"Collade","length_m":287},"geometry":{"type":"LineString","coordinates":[[2.06678,42.56589],[2.06695,42.5656],[2.06686,42.56535],[2.06667,42.56519],[2.06627,42.56483],[2.06556,42.56427],[2.06543,42.56417],[2.0651,42.564],[2.06506,42.564],[2.06503,42.56401],[2.06501,42.56401],[2.06494,42.56403]]}},
{"type":"Feature","id":"way/88118465","properties":{"station_id":"les-angles","osm_id":88118465,"feature":"piste","kind":"novice","name":"Les Petits Princes","length_m":149},"geometry":{"type":"LineString","coordinates":[[2.06773,42.57653],[2.06812,42.5763],[2.06897,42.57597],[2.06928,42.57584]]}},
{"type":"Feature","id":"way/88118468","properties":{"station_id":"les-angles","osm_id":88118468,"feature":"piste","kind":"novice","name":"Plateau","length_m":236},"geometry":{"type":"LineString","coordinates":[[2.05132,42.57051],[2.05115,42.5706],[2.05098,42.5708],[2.05095,42.57103],[2.05115,42.57162],[2.05149,42.57233],[2.05156,42.57246]]}},
{"type":"Feature","id":"way/88118469","properties":{"station_id":"les-angles","osm_id":88118469,"feature":"piste","kind":"easy","name":"Collets","length_m":1233},"geometry":{"type":"LineString","coordinates":[[2.04201,42.5736],[2.04193,42.57353],[2.04188,42.57344],[2.04186,42.5734],[2.04185,42.57332],[2.0421,42.5728],[2.0423,42.57248],[2.04282,42.57231],[2.04319,42.57202],[2.04369,42.5716],[2.04401,42.57116],[2.04425,42.5707],[2.04441,42.57039],[2.04475,42.57022],[2.04524,42.56998],[2.04581,42.56908],[2.04618,42.56861],[2.04646,42.5681],[2.04665,42.56756],[2.04697,42.56722],[2.04732,42.5667],[2.0477,42.56642],[2.04823,42.56626],[2.04884,42.56609],[2.04945,42.5658],[2.04968,42.56565],[2.04975,42.56556],[2.04997,42.56541],[2.05004,42.56538],[2.05016,42.56538],[2.05026,42.56542],[2.05047,42.56552]]}},
{"type":"Feature","id":"way/88118474","properties":{"station_id":"les-angles","osm_id":88118474,"feature":"piste","kind":"intermediate","name":"Lièvre","length_m":463},"geometry":{"type":"LineString","coordinates":[[2.04515,42.57189],[2.0451,42.57206],[2.04513,42.57229],[2.04527,42.57249],[2.04544,42.57272],[2.04576,42.57298],[2.04619,42.57322],[2.04666,42.57338],[2.04737,42.57356],[2.04791,42.57378],[2.04836,42.57383],[2.04899,42.57388],[2.04943,42.57396]]}},
{"type":"Feature","id":"way/88118482","properties":{"station_id":"les-angles","osm_id":88118482,"feature":"piste","kind":"intermediate","name":"Delcerf","length_m":858},"geometry":{"type":"LineString","coordinates":[[2.05499,42.56287],[2.05575,42.56275],[2.05733,42.56258],[2.05807,42.56255],[2.05833,42.56265],[2.05854,42.56283],[2.05866,42.5631],[2.05884,42.5632],[2.05913,42.5632],[2.05952,42.56312],[2.05979,42.56297],[2.06001,42.56287],[2.06022,42.56286],[2.06054,42.5629],[2.06135,42.56316],[2.0617,42.5632],[2.06222,42.56321],[2.06272,42.56326],[2.0632,42.56336],[2.06367,42.56352],[2.06418,42.56379],[2.06423,42.56381],[2.0643,42.56383],[2.06438,42.56385],[2.06444,42.56386],[2.06456,42.56388]]}},
{"type":"Feature","id":"way/88118491","properties":{"station_id":"les-angles","osm_id":88118491,"feature":"piste","kind":"intermediate","name":"Esquirol","length_m":137},"geometry":{"type":"LineString","coordinates":[[2.03498,42.57724],[2.03495,42.57762],[2.03494,42.57802],[2.03509,42.57846]]}},
{"type":"Feature","id":"way/88118492","properties":{"station_id":"les-angles","osm_id":88118492,"feature":"piste","kind":"intermediate","name":"Courbas","length_m":1335},"geometry":{"type":"LineString","coordinates":[[2.05215,42.57008],[2.05214,42.56962],[2.05226,42.56937],[2.05241,42.56919],[2.05255,42.56903],[2.05327,42.56869],[2.05355,42.56854],[2.05383,42.56831],[2.0541,42.56812],[2.05446,42.56802],[2.05488,42.56795],[2.05545,42.56771],[2.05598,42.56745],[2.05619,42.56724],[2.05639,42.56696],[2.05682,42.56668],[2.0572,42.56645],[2.0577,42.56615],[2.0581,42.56596],[2.05917,42.56561],[2.06027,42.56527],[2.06155,42.56505],[2.06218,42.56488],[2.06282,42.56467],[2.06339,42.5644],[2.06392,42.56417],[2.06433,42.56396],[2.06441,42.56391],[2.06449,42.56389],[2.06456,42.56388],[2.06466,42.56388],[2.06479,42.56388],[2.06488,42.56389],[2.06497,42.56391],[2.06501,42.56393],[2.06504,42.56395],[2.06505,42.56396],[2.06506,42.56397],[2.06505,42.56398],[2.06503,42.56401]]}},
{"type":"Feature","id":"way/88118498","properties":{"station_id":"les-angles","osm_id":88118498,"feature":"piste","kind":"novice","name":"Llaret","length_m":2925},"geometry":{"type":"LineString","coordinates":[[2.0526,42.57434],[2.05286,42.57475],[2.05298,42.57494],[2.0533,42.57547],[2.05343,42.57578],[2.0535,42.57605],[2.05351,42.57639],[2.05342,42.57718],[2.05338,42.57758],[2.05348,42.57808],[2.05369,42.57845],[2.05397,42.57885],[2.0543,42.5791],[2.05477,42.57927],[2.05556,42.57952],[2.05611,42.57977],[2.05675,42.58018],[2.0573,42.58051],[2.05787,42.58073],[2.05855,42.58088],[2.05918,42.58094],[2.06019,42.58098],[2.06097,42.58108],[2.06215,42.58141],[2.06348,42.58191],[2.06433,42.58219],[2.06519,42.58247],[2.06585,42.58255],[2.0664,42.58244],[2.06693,42.58225],[2.0674,42.582],[2.06783,42.58164],[2.06849,42.58091],[2.06861,42.58064],[2.06855,42.58034],[2.06826,42.58006],[2.06728,42.57947],[2.06636,42.57912],[2.06542,42.57876],[2.0648,42.5784],[2.06448,42.57808],[2.06433,42.57778],[2.0645,42.57758],[2.06497,42.57741],[2.06533,42.57732],[2.06584,42.5772],[2.0666,42.57701],[2.0674,42.5768],[2.06773,42.57653],[2.06775,42.57611],[2.06798,42.57551],[2.06818,42.57527],[2.06833,42.57513],[2.06852,42.57505]]}},
{"type":"Feature","id":"way/88118507","properties":{"station_id":"les-angles","osm_id":88118507,"feature":"piste","kind":"easy","name":"Soucarade Pla del Mir","length_m":290},"geometry":{"type":"LineString","coordinates":[[2.05317,42.57164],[2.0539,42.57126],[2.05428,42.57104],[2.05457,42.57075],[2.05468,42.57051],[2.05469,42.57022],[2.05473,42.57005],[2.05489,42.5699],[2.05521,42.56968]]}},
{"type":"Feature","id":"way/88118510","properties":{"station_id":"les-angles","osm_id":88118510,"feature":"piste","kind":"novice","name":"Chevreuil","length_m":2580},"geometry":{"type":"LineString","coordinates":[[2.05215,42.57008],[2.05187,42.56955],[2.0515,42.56917],[2.05085,42.56865],[2.05017,42.5681],[2.04993,42.56786],[2.04983,42.56762],[2.04983,42.56703],[2.04986,42.56667],[2.05,42.56627],[2.0501,42.56605],[2.05027,42.56575],[2.05047,42.56552],[2.05083,42.56533],[2.05118,42.56515],[2.05125,42.56508],[2.05151,42.56482],[2.05178,42.56434],[2.05232,42.56391],[2.05279,42.56371],[2.05353,42.56355],[2.05406,42.56339],[2.05465,42.56311],[2.05499,42.56287],[2.05586,42.56201],[2.05636,42.56167],[2.05724,42.56143],[2.05791,42.56136],[2.05861,42.56115],[2.05922,42.56072],[2.06034,42.55957],[2.06073,42.55914],[2.06094,42.55883],[2.06108,42.55858],[2.06125,42.5585],[2.06157,42.55851],[2.06167,42.55863],[2.06168,42.55892],[2.06146,42.55992],[2.06137,42.56036],[2.06139,42.56071],[2.06178,42.56227],[2.06191,42.5625],[2.06216,42.56263],[2.06316,42.56295],[2.0637,42.56328],[2.06457,42.56372],[2.06466,42.56377],[2.06474,42.56383],[2.06481,42.56387],[2.06488,42.56389]]}},
{"type":"Feature","id":"way/88118516","properties":{"station_id":"les-angles","osm_id":88118516,"feature":"piste","kind":"intermediate","name":"Isard","length_m":999},"geometry":{"type":"LineString","coordinates":[[2.03195,42.57879],[2.03247,42.57913],[2.0334,42.57947],[2.03367,42.57955],[2.03553,42.58011],[2.0375,42.58081],[2.03871,42.58144],[2.03997,42.58177],[2.04058,42.58202],[2.04105,42.58239],[2.04144,42.58252],[2.04183,42.58254],[2.04221,42.58257],[2.04257,42.58263],[2.04277,42.58263]]}},
{"type":"Feature","id":"way/88118517","properties":{"station_id":"les-angles","osm_id":88118517,"feature":"piste","kind":"intermediate","name":null,"length_m":307},"geometry":{"type":"LineString","coordinates":[[2.03213,42.57844],[2.03246,42.57818],[2.03273,42.57791],[2.03362,42.57756],[2.03438,42.57741],[2.03498,42.57724],[2.03527,42.57707]]}},
{"type":"Feature","id":"way/88118521","properties":{"station_id":"les-angles","osm_id":88118521,"feature":"piste","kind":"novice","name":"Source","length_m":426},"geometry":{"type":"LineString","coordinates":[[2.05187,42.57056],[2.05205,42.57137],[2.05224,42.57186],[2.0524,42.57228],[2.05247,42.57292],[2.05248,42.57348],[2.05251,42.57392],[2.0526,42.57434]]}},
{"type":"Feature","id":"way/88118522","properties":{"station_id":"les-angles","osm_id":88118522,"feature":"piste","kind":"intermediate","name":"Bruyères Basse","length_m":618},"geometry":{"type":"LineString","coordinates":[[2.04807,42.57574],[2.04851,42.57579],[2.04918,42.57591],[2.05052,42.57623],[2.05118,42.57634],[2.05163,42.57651],[2.05193,42.57678],[2.05226,42.57727],[2.05255,42.57768],[2.05301,42.57829],[2.05321,42.57852],[2.05347,42.57868],[2.05365,42.57888]]}},
{"type":"Feature","id":"way/88118528","properties":{"station_id":"les-angles","osm_id":88118528,"feature":"piste","kind":"novice","name":null,"length_m":79},"geometry":{"type":"LineString","coordinates":[[2.0674,42.5768],[2.06836,42.57681]]}},
{"type":"Feature","id":"way/88118534","properties":{"station_id":"les-angles","osm_id":88118534,"feature":"piste","kind":"novice","name":"Bigorre Verte","length_m":931},"geometry":{"type":"LineString","coordinates":[[2.04515,42.57189],[2.04504,42.57215],[2.04506,42.57241],[2.04542,42.57298],[2.0457,42.57316],[2.04608,42.5735],[2.04644,42.57417],[2.04686,42.57476],[2.04711,42.57498],[2.04761,42.57523],[2.04785,42.57536],[2.04814,42.57543],[2.04825,42.57542],[2.04837,42.5754],[2.04855,42.57526],[2.04865,42.57514],[2.04904,42.57465],[2.04943,42.57396],[2.04982,42.57353],[2.05019,42.57319],[2.05041,42.57305],[2.05093,42.57282],[2.05157,42.57266]]}},
{"type":"Feature","id":"way/88118543","properties":{"station_id":"les-angles","osm_id":88118543,"feature":"piste","kind":"intermediate","name":"Fountanals","length_m":1248},"geometry":{"type":"LineString","coordinates":[[2.04144,42.57422],[2.04173,42.57477],[2.04172,42.57497],[2.04164,42.5753],[2.04197,42.57559],[2.04277,42.57616],[2.04314,42.57652],[2.04362,42.57685],[2.0439,42.57729],[2.04474,42.57745],[2.04504,42.5775],[2.04575,42.57777],[2.04634,42.578],[2.04706,42.57828],[2.04804,42.5785],[2.04864,42.57871],[2.04911,42.5789],[2.04965,42.57904],[2.05011,42.57907],[2.05053,42.57908],[2.05097,42.57911],[2.05171,42.57905],[2.05237,42.57896],[2.0526,42.57892],[2.05287,42.57892],[2.05309,42.57898],[2.05348,42.5791]]}},
{"type":"Feature","id":"way/88118548","properties":{"station_id":"les-angles","osm_id":88118548,"feature":"piste","kind":"easy","name":"Soucarade Pla del Mir","length_m":1616},"geometry":{"type":"LineString","coordinates":[[2.05255,42.56903],[2.05313,42.56896],[2.05366,42.56894],[2.05421,42.5691],[2.05462,42.56938],[2.05483,42.56957],[2.05521,42.56968],[2.05583,42.5694],[2.05696,42.56883],[2.05791,42.5685],[2.05845,42.56828],[2.05894,42.56799],[2.05947,42.56759],[2.06001,42.56741],[2.06103,42.56724],[2.06322,42.56716],[2.06365,42.56723],[2.06397,42.56724],[2.06458,42.56714],[2.06492,42.567],[2.06522,42.56691],[2.0655,42.56689],[2.06593,42.56685],[2.06621,42.56672],[2.0664,42.56659],[2.0666,42.56637],[2.06671,42.56614],[2.06678,42.56589],[2.06654,42.56559],[2.06591,42.56493],[2.06531,42.56446],[2.06528,42.56443],[2.06526,42.56438],[2.06508,42.56406],[2.06506,42.56404],[2.06504,42.56403],[2.06502,42.56403],[2.06494,42.56403],[2.06485,42.56407]]}},
{"type":"Feature","id":"way/88118554","properties":{"station_id":"les-angles","osm_id":88118554,"feature":"piste","kind":"novice","name":"Soucarade Village","length_m":1146},"geometry":{"type":"LineString","coordinates":[[2.06678,42.56589],[2.06729,42.56591],[2.06759,42.56605],[2.06776,42.56625],[2.06793,42.56684],[2.0678,42.5671],[2.0676,42.56748],[2.06742,42.56815],[2.06722,42.56903],[2.06735,42.56953],[2.06769,42.57056],[2.06791,42.57158],[2.06798,42.57223],[2.06784,42.57365],[2.06786,42.57396],[2.06795,42.57414],[2.06799,42.57435],[2.0677,42.5746],[2.06768,42.57471],[2.06772,42.5748],[2.06795,42.57488],[2.06856,42.57496]]}},
{"type":"Feature","id":"way/88118559","properties":{"station_id":"les-angles","osm_id":88118559,"feature":"piste","kind":"intermediate","name":"Esquirol","length_m":244},"geometry":{"type":"LineString","coordinates":[[2.03213,42.57844],[2.03344,42.57835],[2.03416,42.57833],[2.03509,42.57846]]}},
{"type":"Feature","id":"way/88118565","properties":{"station_id":"les-angles","osm_id":88118565,"feature":"piste","kind":"intermediate","name":null,"length_m":1015},"geometry":{"type":"LineString","coordinates":[[2.04277,42.58263],[2.043,42.58247],[2.04322,42.58235],[2.0436,42.58222],[2.04408,42.58212],[2.04437,42.58208],[2.04469,42.58206],[2.04495,42.58203],[2.04526,42.582],[2.04573,42.58192],[2.04599,42.58179],[2.04639,42.58146],[2.0466,42.58141],[2.04677,42.58132],[2.04724,42.5811],[2.04745,42.58106],[2.04775,42.58098],[2.04831,42.58082],[2.0493,42.58067],[2.05005,42.58063],[2.0513,42.58057],[2.0521,42.58046],[2.05317,42.58023],[2.05378,42.58018],[2.05419,42.58015],[2.05428,42.58013],[2.05431,42.58009],[2.05431,42.58005]]}},
{"type":"Feature","id":"way/88118571","properties":{"station_id":"les-angles","osm_id":88118571,"feature":"piste","kind":"easy","name":"Bigorre","length_m":586},"geometry":{"type":"LineString","coordinates":[[2.04515,42.57189],[2.04514,42.57202],[2.04536,42.57225],[2.0458,42.57247],[2.04631,42.5726],[2.04672,42.5726],[2.04716,42.57256],[2.04744,42.57259],[2.04766,42.57273],[2.04808,42.57308],[2.04839,42.57313],[2.04926,42.57317],[2.04966,42.57309],[2.05026,42.57298],[2.05082,42.57279],[2.05141,42.57263]]}},
{"type":"Feature","id":"way/88118572","properties":{"station_id":"les-angles","osm_id":88118572,"feature":"piste","kind":"intermediate","name":"Paillissous","length_m":1260},"geometry":{"type":"LineString","coordinates":[[2.04144,42.57422],[2.04194,42.57441],[2.04228,42.57453],[2.04292,42.57491],[2.04342,42.57524],[2.04392,42.57567],[2.04439,42.57602],[2.04486,42.57628],[2.04574,42.57659],[2.0464,42.57681],[2.04658,42.57686],[2.04721,42.57698],[2.04801,42.57725],[2.0486,42.57757],[2.04951,42.5781],[2.05049,42.57849],[2.05133,42.57882],[2.05171,42.57905],[2.05286,42.57959],[2.05342,42.5799],[2.05383,42.58003],[2.0541,42.58011],[2.05423,42.58011],[2.0543,42.58008],[2.05431,42.58005]]}},
{"type":"Feature","id":"way/88118579","properties":{"station_id":"les-angles","osm_id":88118579,"feature":"piste","kind":"intermediate","name":"Grand Tétras","length_m":963},"geometry":{"type":"LineString","coordinates":[[2.04164,42.5753],[2.04143,42.57583],[2.04132,42.57616],[2.04116,42.57632],[2.04079,42.57653],[2.0406,42.57661],[2.0403,42.57675],[2.04022,42.57684],[2.0403,42.577],[2.04049,42.57727],[2.04065,42.57748],[2.04096,42.57783],[2.04118,42.57806],[2.04159,42.57829],[2.04207,42.57845],[2.04269,42.57871],[2.04334,42.57909],[2.0439,42.57948],[2.04445,42.58008],[2.04489,42.58049],[2.04533,42.58072],[2.04574,42.58097],[2.04594,42.58111],[2.04604,42.58132],[2.04612,42.58166]]}},
{"type":"Feature","id":"way/88118583","properties":{"station_id":"les-angles","osm_id":88118583,"feature":"piste","kind":"intermediate","name":"Les Sorbiers","length_m":554},"geometry":{"type":"LineString","coordinates":[[2.04515,42.57189],[2.04513,42.57187],[2.04512,42.57185],[2.0452,42.57182],[2.04555,42.57179],[2.04636,42.57168],[2.04697,42.57165],[2.04787,42.57156],[2.04871,42.57166],[2.05055,42.57196],[2.05102,42.57205],[2.05131,42.57223],[2.05148,42.57243]]}},
{"type":"Feature","id":"way/88118587","properties":{"station_id":"les-angles","osm_id":88118587,"feature":"piste","kind":"easy","name":"Rigals","length_m":96},"geometry":{"type":"LineString","coordinates":[[2.04736,42.5698],[2.0476,42.56998],[2.04795,42.57009],[2.04836,42.57022]]}},
{"type":"Feature","id":"way/88118593","properties":{"station_id":"les-angles","osm_id":88118593,"feature":"piste","kind":"advanced","name":"Esquirol","length_m":809},"geometry":{"type":"LineString","coordinates":[[2.03509,42.57846],[2.03585,42.57881],[2.03679,42.57926],[2.03749,42.57959],[2.03803,42.57988],[2.03876,42.5802],[2.0393,42.58049],[2.03975,42.58069],[2.04031,42.58088],[2.04103,42.58106],[2.04177,42.5813],[2.04219,42.58151],[2.04255,42.5818],[2.0429,42.58202],[2.04301,42.58219],[2.043,42.58247]]}},
{"type":"Feature","id":"way/88118600","properties":{"station_id":"les-angles","osm_id":88118600,"feature":"piste","kind":"easy","name":"Soucarade Pla del Mir","length_m":154},"geometry":{"type":"LineString","coordinates":[[2.05317,42.57164],[2.05279,42.5722],[2.05247,42.57292]]}},
{"type":"Feature","id":"way/88118603","properties":{"station_id":"les-angles","osm_id":88118603,"feature":"piste","kind":"intermediate","name":"Mermet","length_m":1370},"geometry":{"type":"LineString","coordinates":[[2.04185,42.57378],[2.04203,42.57377],[2.04242,42.57376],[2.04254,42.57373],[2.04275,42.57363],[2.04296,42.5734],[2.04319,42.5733],[2.04425,42.57302],[2.04492,42.57296],[2.0454,42.57302],[2.04578,42.57325],[2.04612,42.57367],[2.04674,42.57466],[2.04705,42.57511],[2.04722,42.57547],[2.04735,42.57559],[2.04756,42.57565],[2.04807,42.57574],[2.04866,42.5757],[2.0492,42.57577],[2.04972,42.57585],[2.05044,42.57595],[2.05106,42.576],[2.05165,42.5762],[2.05191,42.57639],[2.05232,42.57682],[2.05274,42.57734],[2.05294,42.57779],[2.05341,42.57856],[2.05397,42.57885]]}},
{"type":"Feature","id":"way/88118610","properties":{"station_id":"les-angles","osm_id":88118610,"feature":"piste","kind":"novice","name":null,"length_m":244},"geometry":{"type":"LineString","coordinates":[[2.06773,42.57653],[2.06808,42.5767],[2.06836,42.57681],[2.06945,42.577],[2.07056,42.57714]]}},
{"type":"Feature","id":"way/88118613","properties":{"station_id":"les-angles","osm_id":88118613,"feature":"piste","kind":"easy","name":"Socarade","length_m":610},"geometry":{"type":"LineString","coordinates":[[2.04517,42.57086],[2.04608,42.57067],[2.04737,42.57044],[2.04836,42.57022],[2.04988,42.57005],[2.05067,42.56994],[2.05116,42.56981],[2.05154,42.5697],[2.0517,42.56968],[2.05198,42.56989],[2.05215,42.57008]]}},
{"type":"Feature","id":"way/88118615","properties":{"station_id":"les-angles","osm_id":88118615,"feature":"piste","kind":"advanced","name":"Soucarade Noire","length_m":321},"geometry":{"type":"LineString","coordinates":[[2.06458,42.56714],[2.06489,42.56714],[2.06522,42.56721],[2.06571,42.56746],[2.06623,42.56773],[2.06656,42.56806],[2.06688,42.56845],[2.06722,42.56903]]}},
{"type":"Feature","id":"way/88118618","properties":{"station_id":"les-angles","osm_id":88118618,"feature":"piste","kind":"intermediate","name":"Lagopède","length_m":1036},"geometry":{"type":"LineString","coordinates":[[2.03498,42.57724],[2.03549,42.57764],[2.03665,42.57809],[2.03813,42.57867],[2.03906,42.57915],[2.03979,42.57964],[2.0404,42.58005],[2.04081,42.58025],[2.04147,42.58054],[2.04233,42.58081],[2.04289,42.58088],[2.04327,42.58098],[2.04371,42.58123],[2.04418,42.58144],[2.04483,42.58159],[2.04527,42.58177],[2.04545,42.58187],[2.04573,42.58192]]}},
{"type":"Feature","id":"way/88118621","properties":{"station_id":"les-angles","osm_id":88118621,"feature":"piste","kind":"easy","name":"Rigals","length_m":946},"geometry":{"type":"LineString","coordinates":[[2.04201,42.5736],[2.04218,42.57353],[2.04275,42.57308],[2.04357,42.57236],[2.04429,42.57164],[2.04463,42.57134],[2.04517,42.57086],[2.04581,42.5701],[2.04629,42.56981],[2.04674,42.56975],[2.04736,42.5698],[2.04787,42.56966],[2.04835,42.56921],[2.04875,42.56891],[2.04948,42.56831],[2.04993,42.56786]]}},
{"type":"Feature","id":"way/88118623","properties":{"station_id":"les-angles","osm_id":88118623,"feature":"piste","kind":"intermediate","name":"Balcère","length_m":1261},"geometry":{"type":"LineString","coordinates":[[2.03527,42.57707],[2.03555,42.57708],[2.0359,42.57721],[2.03627,42.57722],[2.03706,42.5772],[2.03833,42.57725],[2.03894,42.57722],[2.03938,42.5771],[2.0399,42.57691],[2.04022,42.57684],[2.04029,42.57685],[2.04086,42.5768],[2.04151,42.5768],[2.04176,42.57682],[2.04201,42.57686],[2.04237,42.57697],[2.0432,42.57721],[2.0439,42.57729],[2.04393,42.57746],[2.04417,42.57789],[2.04443,42.57861],[2.04478,42.57918],[2.04515,42.57952],[2.04568,42.57996],[2.04576,42.58018],[2.0458,42.58067],[2.04599,42.58095],[2.04614,42.5812],[2.04612,42.58166]]}},
{"type":"Feature","id":"way/88196043","properties":{"station_id":"les-angles","osm_id":88196043,"feature":"piste","kind":"advanced","name":"Competition","length_m":461},"geometry":{"type":"LineString","coordinates":[[2.0329,42.53738],[2.03262,42.53768],[2.0323,42.53801],[2.03199,42.53846],[2.03199,42.53864],[2.03204,42.53881],[2.03213,42.53896],[2.03232,42.53914],[2.03252,42.5393],[2.03265,42.53945],[2.03293,42.53957],[2.03318,42.53972],[2.03334,42.53984],[2.0335,42.5399],[2.03366,42.53993],[2.03413,42.53994],[2.03479,42.53991]]}},
{"type":"Feature","id":"way/88196050","properties":{"station_id":"les-angles","osm_id":88196050,"feature":"piste","kind":"advanced","name":null,"length_m":214},"geometry":{"type":"LineString","coordinates":[[2.03465,42.53942],[2.03483,42.53949],[2.03527,42.53937],[2.0359,42.53935],[2.03615,42.5394],[2.03627,42.53949],[2.03624,42.53955],[2.03598,42.53987],[2.0359,42.54],[2.03589,42.54007]]}},
{"type":"Feature","id":"way/88196063","properties":{"station_id":"les-angles","osm_id":88196063,"feature":"piste","kind":"easy","name":"Belvédère bas","length_m":784},"geometry":{"type":"LineString","coordinates":[[2.04035,42.53481],[2.04089,42.53483],[2.04105,42.5349],[2.04115,42.53498],[2.04116,42.53509],[2.04109,42.53523],[2.04084,42.53542],[2.03984,42.53595],[2.0394,42.53621],[2.03918,42.53645],[2.03885,42.53683],[2.03828,42.53722],[2.03802,42.53745],[2.0378,42.53771],[2.0375,42.53822],[2.03724,42.53855],[2.03691,42.53889],[2.0365,42.53925],[2.03627,42.53949],[2.03628,42.53953],[2.03631,42.53957],[2.03642,42.53963],[2.03654,42.53974],[2.03657,42.53979],[2.03656,42.53983],[2.03653,42.53984],[2.03651,42.53984],[2.03646,42.53979]]}},
{"type":"Feature","id":"way/88196067","properties":{"station_id":"les-angles","osm_id":88196067,"feature":"piste","kind":"advanced","name":"Grand Tétras","length_m":416},"geometry":{"type":"LineString","coordinates":[[2.03614,42.53489],[2.03622,42.53506],[2.03626,42.53517],[2.03623,42.53534],[2.03607,42.53562],[2.03591,42.53587],[2.03572,42.53601],[2.03536,42.5362],[2.03464,42.53656],[2.03407,42.53677],[2.03382,42.53685],[2.03359,42.53697],[2.03336,42.5371],[2.03307,42.53726],[2.0329,42.53738]]}},
{"type":"Feature","id":"way/88196072","properties":{"station_id":"les-angles","osm_id":88196072,"feature":"piste","kind":"advanced","name":"Myrtilles","length_m":361},"geometry":{"type":"LineString","coordinates":[[2.02975,42.5345],[2.0298,42.53473],[2.02996,42.53493],[2.03009,42.53498],[2.03031,42.53501],[2.03041,42.53509],[2.03046,42.5352],[2.03053,42.53531],[2.03095,42.53561],[2.03116,42.53574],[2.03155,42.53572],[2.03175,42.53588],[2.03202,42.53611],[2.03241,42.5364],[2.03268,42.53664]]}},
{"type":"Feature","id":"way/88196075","properties":{"station_id":"les-angles","osm_id":88196075,"feature":"piste","kind":"advanced","name":"Record","length_m":1584},"geometry":{"type":"LineString","coordinates":[[2.03002,42.53414],[2.03008,42.53423],[2.03016,42.53437],[2.03033,42.53453],[2.03059,42.5347],[2.03161,42.53509],[2.03248,42.53552],[2.03263,42.53563],[2.0328,42.53583],[2.03277,42.5363],[2.03268,42.53664],[2.0327,42.53706],[2.0329,42.53738],[2.03325,42.53751],[2.0336,42.5375],[2.03398,42.53752],[2.03413,42.53769],[2.03416,42.53799],[2.03416,42.53847],[2.03428,42.53885],[2.0345,42.53914],[2.03465,42.53942],[2.03467,42.53966],[2.03471,42.53979],[2.03479,42.53991],[2.03494,42.53994],[2.03538,42.53995],[2.03563,42.54],[2.03589,42.54007],[2.03624,42.54031],[2.03706,42.54061],[2.03722,42.54074],[2.03728,42.54088],[2.03729,42.54104],[2.03726,42.54135],[2.0371,42.542],[2.0371,42.54219],[2.03716,42.54236],[2.03735,42.54258],[2.03851,42.54338],[2.03892,42.54354],[2.03939,42.54366],[2.03953,42.54373],[2.03961,42.54378],[2.03971,42.54388],[2.03976,42.54399],[2.03974,42.54406],[2.0397,42.54409],[2.03964,42.54409],[2.0396,42.54405],[2.03954,42.54394]]}},
{"type":"Feature","id":"way/187376569","properties":{"station_id":"les-angles","osm_id":187376569,"feature":"piste","kind":"easy","name":"Liaison","length_m":916},"geometry":{"type":"LineString","coordinates":[[2.04089,42.53483],[2.04141,42.53478],[2.04183,42.53471],[2.04219,42.53463],[2.04259,42.53451],[2.04275,42.53446],[2.04286,42.53441],[2.04318,42.5343],[2.04339,42.53419],[2.0438,42.53393],[2.04418,42.53374],[2.04447,42.53359],[2.04461,42.53355],[2.04482,42.53347],[2.04537,42.53306],[2.04563,42.53289],[2.04594,42.53275],[2.04616,42.53267],[2.04665,42.53255],[2.04686,42.53253],[2.04714,42.53253],[2.04735,42.53254],[2.04753,42.53254],[2.04774,42.53251],[2.04812,42.5324],[2.04858,42.53223],[2.04922,42.53196],[2.04968,42.53178],[2.04994,42.53163],[2.05023,42.53147],[2.05057,42.53117]]}},
{"type":"Feature","id":"way/187376573","properties":{"station_id":"les-angles","osm_id":187376573,"feature":"piste","kind":"intermediate","name":"Perce Neige","length_m":877},"geometry":{"type":"LineString","coordinates":[[2.05359,42.5288],[2.0538,42.52883],[2.05396,42.52891],[2.0542,42.52911],[2.05441,42.52931],[2.05446,42.5294],[2.05444,42.52969],[2.05445,42.52987],[2.05459,42.53009],[2.05485,42.53038],[2.05514,42.53069],[2.0554,42.53102],[2.05562,42.53118],[2.05599,42.53143],[2.05617,42.53163],[2.05633,42.53186],[2.05645,42.53211],[2.05651,42.53236],[2.05655,42.53289],[2.05656,42.53368],[2.05648,42.53402],[2.05639,42.53425],[2.05618,42.53449],[2.05599,42.53467],[2.05571,42.53487],[2.0555,42.53509],[2.05528,42.53533],[2.05523,42.53537],[2.05515,42.53538],[2.05507,42.53535],[2.05497,42.5353]]}},
{"type":"Feature","id":"way/203981324","properties":{"station_id":"les-angles","osm_id":203981324,"feature":"piste","kind":"easy","name":"Baliu","length_m":723},"geometry":{"type":"LineString","coordinates":[[2.06793,42.56684],[2.06814,42.5679],[2.0683,42.56827],[2.06847,42.56855],[2.06876,42.56878],[2.06901,42.56894],[2.06931,42.56935],[2.06962,42.5701],[2.06973,42.57074],[2.06984,42.57132],[2.07003,42.57184],[2.07063,42.57291]]}},
{"type":"Feature","id":"way/208886441","properties":{"station_id":"les-angles","osm_id":208886441,"feature":"piste","kind":"novice","name":null,"length_m":91},"geometry":{"type":"LineString","coordinates":[[2.06395,42.56272],[2.06402,42.56271],[2.06411,42.56271],[2.06483,42.56296],[2.06488,42.563],[2.06489,42.56306]]}},
{"type":"Feature","id":"way/255841430","properties":{"station_id":"les-angles","osm_id":255841430,"feature":"piste","kind":"advanced","name":null,"length_m":333},"geometry":{"type":"LineString","coordinates":[[2.03294,42.5348],[2.03334,42.53512],[2.03354,42.53545],[2.0336,42.53563],[2.03339,42.53591],[2.03346,42.53625],[2.03364,42.53655],[2.03382,42.53685],[2.03395,42.53709],[2.03399,42.53734],[2.03398,42.53752]]}},
{"type":"Feature","id":"way/766095628","properties":{"station_id":"les-angles","osm_id":766095628,"feature":"piste","kind":"advanced","name":"Peborni","length_m":1256},"geometry":{"type":"LineString","coordinates":[[2.03367,42.57955],[2.03368,42.58011],[2.03364,42.58065],[2.03355,42.58117],[2.03323,42.58141],[2.03359,42.58193],[2.03364,42.58226],[2.03419,42.58269],[2.03435,42.58296],[2.03456,42.58311],[2.03451,42.58328],[2.03471,42.58386],[2.03542,42.58428],[2.03656,42.58439],[2.03742,42.58435],[2.03799,42.58425],[2.03856,42.58406],[2.03903,42.58376],[2.03959,42.58342],[2.03987,42.5833],[2.04015,42.58321],[2.04059,42.58314],[2.04106,42.58312],[2.04156,42.58305],[2.04196,42.58296],[2.04235,42.58281],[2.04277,42.58263]]}},
{"type":"Feature","id":"way/766095629","properties":{"station_id":"les-angles","osm_id":766095629,"feature":"piste","kind":"advanced","name":"Epervier","length_m":1906},"geometry":{"type":"LineString","coordinates":[[2.04185,42.57378],[2.04156,42.5736],[2.04134,42.57349],[2.04115,42.57347],[2.04037,42.57361],[2.04013,42.57361],[2.04002,42.5736],[2.03978,42.57359],[2.03858,42.573],[2.03807,42.57291],[2.03747,42.57264],[2.03729,42.57255],[2.03714,42.57239],[2.03712,42.57228],[2.03715,42.57217],[2.03728,42.57208],[2.03742,42.57204],[2.03752,42.57205],[2.03761,42.57197],[2.03791,42.57196],[2.03798,42.57189],[2.038,42.57181],[2.03806,42.57169],[2.03817,42.57161],[2.03833,42.57162],[2.03851,42.57162],[2.03883,42.57146],[2.03912,42.57131],[2.03944,42.57116],[2.03976,42.57088],[2.04012,42.57043],[2.04049,42.56999],[2.04061,42.56957],[2.04089,42.56923],[2.04117,42.56889],[2.04123,42.56853],[2.04138,42.56836],[2.04179,42.56809],[2.04197,42.56779],[2.04222,42.56755],[2.04249,42.5672],[2.04272,42.56704],[2.04298,42.5669],[2.04341,42.56675],[2.04382,42.56666],[2.04427,42.56651],[2.04487,42.56632],[2.04551,42.56618],[2.04588,42.566],[2.0462,42.56563],[2.04666,42.56535],[2.04702,42.56509],[2.04712,42.56503],[2.04731,42.565],[2.04763,42.56502],[2.04787,42.56506],[2.04813,42.56525],[2.04843,42.56535],[2.04872,42.56548],[2.0489,42.56552],[2.04968,42.56565]]}},
{"type":"Feature","id":"way/842178644","properties":{"station_id":"les-angles","osm_id":842178644,"feature":"piste","kind":"novice","name":"Les Petits Princes","length_m":151},"geometry":{"type":"LineString","coordinates":[[2.06957,42.57572],[2.07114,42.575]]}},
{"type":"Feature","id":"way/842178645","properties":{"station_id":"les-angles","osm_id":842178645,"feature":"piste","kind":"novice","name":"Les Petits Princes","length_m":27},"geometry":{"type":"LineString","coordinates":[[2.06928,42.57584],[2.06957,42.57572]]}},
{"type":"Feature","id":"way/1037839816","properties":{"station_id":"les-angles","osm_id":1037839816,"feature":"piste","kind":"easy","name":null,"length_m":18},"geometry":{"type":"LineString","coordinates":[[2.06526,42.56438],[2.06525,42.56434],[2.06525,42.5643],[2.06527,42.56427],[2.06529,42.56425],[2.06532,42.56425]]}},
{"type":"Feature","id":"way/1037839817","properties":{"station_id":"les-angles","osm_id":1037839817,"feature":"piste","kind":"easy","name":null,"length_m":22},"geometry":{"type":"LineString","coordinates":[[2.06556,42.56427],[2.0655,42.56424],[2.06542,42.56423],[2.06535,42.56423],[2.06532,42.56425]]}},
{"type":"Feature","id":"way/1244063423","properties":{"station_id":"les-angles","osm_id":1244063423,"feature":"piste","kind":"novice","name":"Ourson","length_m":174},"geometry":{"type":"LineString","coordinates":[[2.06949,42.5753],[2.0695,42.57543],[2.06952,42.57545],[2.06956,42.57545],[2.07093,42.57503],[2.07106,42.57498],[2.07109,42.57494],[2.07108,42.5749],[2.07101,42.5749],[2.07095,42.57491]]}},
{"type":"Feature","id":"way/1343078206","properties":{"station_id":"les-angles","osm_id":1343078206,"feature":"piste","kind":"easy","name":null,"length_m":19},"geometry":{"type":"LineString","coordinates":[[2.04155,42.5349],[2.04148,42.53492],[2.04145,42.53491],[2.04134,42.53487]]}},
{"type":"Feature","id":"way/1343078207","properties":{"station_id":"les-angles","osm_id":1343078207,"feature":"piste","kind":"easy","name":null,"length_m":34},"geometry":{"type":"LineString","coordinates":[[2.04265,42.53429],[2.04254,42.53438],[2.04248,42.53444],[2.04249,42.53447],[2.04251,42.53448],[2.04259,42.53451]]}},
{"type":"Feature","id":"way/1343078208","properties":{"station_id":"les-angles","osm_id":1343078208,"feature":"piste","kind":"easy","name":null,"length_m":71},"geometry":{"type":"LineString","coordinates":[[2.04177,42.53409],[2.04245,42.5344],[2.04248,42.53444]]}},
{"type":"Feature","id":"way/1343078209","properties":{"station_id":"les-angles","osm_id":1343078209,"feature":"piste","kind":"easy","name":null,"length_m":121},"geometry":{"type":"LineString","coordinates":[[2.04175,42.53413],[2.04176,42.53434],[2.04162,42.53458],[2.04141,42.53478],[2.04134,42.53487],[2.04116,42.53509]]}},
{"type":"Feature","id":"way/1343078213","properties":{"station_id":"les-angles","osm_id":1343078213,"feature":"piste","kind":"advanced","name":"Compétition","length_m":386},"geometry":{"type":"LineString","coordinates":[[2.02983,42.53421],[2.02974,42.53425],[2.0297,42.53432],[2.02969,42.5344],[2.02975,42.5345],[2.02993,42.53464],[2.03039,42.53484],[2.03105,42.53512],[2.03149,42.53535],[2.03192,42.53564],[2.03222,42.53595],[2.03257,42.53637],[2.03268,42.53664]]}},
{"type":"Feature","id":"way/1343084510","properties":{"station_id":"les-angles","osm_id":1343084510,"feature":"piste","kind":"novice","name":null,"length_m":48},"geometry":{"type":"LineString","coordinates":[[2.06697,42.5663],[2.06678,42.56589]]}},
{"type":"Feature","id":"way/1343084511","properties":{"station_id":"les-angles","osm_id":1343084511,"feature":"piste","kind":"novice","name":null,"length_m":48},"geometry":{"type":"LineString","coordinates":[[2.06666,42.56547],[2.06678,42.56589]]}},
{"type":"Feature","id":"way/1343188409","properties":{"station_id":"les-angles","osm_id":1343188409,"feature":"piste","kind":"advanced","name":"Mermet Mur","length_m":880},"geometry":{"type":"LineString","coordinates":[[2.05397,42.57885],[2.05509,42.57876],[2.05577,42.57867],[2.05689,42.57841],[2.05769,42.5783],[2.05864,42.57822],[2.06004,42.57812],[2.06213,42.57812],[2.06272,42.57806],[2.06358,42.57787],[2.0645,42.57758]]}},
{"type":"Feature","id":"way/1343188410","properties":{"station_id":"les-angles","osm_id":1343188410,"feature":"piste","kind":"novice","name":null,"length_m":24},"geometry":{"type":"LineString","coordinates":[[2.05257,42.5742],[2.05255,42.57424],[2.0525,42.57426],[2.05243,42.57428],[2.05238,42.57428],[2.05234,42.57426]]}},
{"type":"Feature","id":"way/1343188411","properties":{"station_id":"les-angles","osm_id":1343188411,"feature":"piste","kind":"novice","name":null,"length_m":11},"geometry":{"type":"LineString","coordinates":[[2.05228,42.57428],[2.05232,42.57428],[2.05233,42.57428],[2.05234,42.57426],[2.05235,42.57422]]}},
{"type":"Feature","id":"way/1343188412","properties":{"station_id":"les-angles","osm_id":1343188412,"feature":"piste","kind":"novice","name":"Écureuil","length_m":270},"geometry":{"type":"LineString","coordinates":[[2.04943,42.57396],[2.05008,42.57405],[2.05134,42.57433],[2.05159,42.57428],[2.05168,42.57423],[2.05186,42.5742],[2.05202,42.57421],[2.05223,42.57427],[2.05228,42.57428],[2.05238,42.5743],[2.0526,42.57434]]}},
{"type":"Feature","id":"way/1343188413","properties":{"station_id":"les-angles","osm_id":1343188413,"feature":"piste","kind":"intermediate","name":null,"length_m":41},"geometry":{"type":"LineString","coordinates":[[2.05285,42.57924],[2.05282,42.57926],[2.0528,42.57931],[2.05283,42.57938],[2.05286,42.57959]]}},
{"type":"Feature","id":"way/1343188414","properties":{"station_id":"les-angles","osm_id":1343188414,"feature":"piste","kind":"intermediate","name":null,"length_m":282},"geometry":{"type":"LineString","coordinates":[[2.05297,42.57922],[2.05285,42.57924],[2.05281,42.57923],[2.05277,42.5792],[2.05277,42.57917],[2.05281,42.57913],[2.05292,42.57909],[2.05314,42.57906],[2.05348,42.5791],[2.05382,42.5791],[2.05418,42.57911],[2.0543,42.5791],[2.05455,42.57931],[2.05463,42.57947],[2.05464,42.57958],[2.05459,42.5797],[2.05446,42.57983],[2.05438,42.58003],[2.05435,42.58005],[2.05431,42.58005],[2.05423,42.58002]]}},
{"type":"Feature","id":"way/1343188415","properties":{"station_id":"les-angles","osm_id":1343188415,"feature":"piste","kind":"easy","name":null,"length_m":22},"geometry":{"type":"LineString","coordinates":[[2.04198,42.57395],[2.04185,42.57378]]}},
{"type":"Feature","id":"way/1343188416","properties":{"station_id":"les-angles","osm_id":1343188416,"feature":"piste","kind":"intermediate","name":null,"length_m":84},"geometry":{"type":"LineString","coordinates":[[2.04191,42.57405],[2.0419,42.57412],[2.04194,42.57427],[2.04194,42.57441],[2.04186,42.57461],[2.04173,42.57477]]}},
{"type":"Feature","id":"way/1343188417","properties":{"station_id":"les-angles","osm_id":1343188417,"feature":"piste","kind":"easy","name":null,"length_m":54},"geometry":{"type":"LineString","coordinates":[[2.04186,42.57403],[2.04191,42.57405],[2.04202,42.57409],[2.04209,42.574],[2.04198,42.57395],[2.04194,42.57393],[2.04186,42.57403]]}},
{"type":"Feature","id":"way/1343188418","properties":{"station_id":"les-angles","osm_id":1343188418,"feature":"piste","kind":"easy","name":null,"length_m":16},"geometry":{"type":"LineString","coordinates":[[2.04214,42.57349],[2.04201,42.5736]]}},
{"type":"Feature","id":"way/1343188419","properties":{"station_id":"les-angles","osm_id":1343188419,"feature":"piste","kind":"easy","name":null,"length_m":68},"geometry":{"type":"LineString","coordinates":[[2.04151,42.574],[2.04148,42.57398],[2.04149,42.57393],[2.04153,42.57388],[2.04185,42.57378],[2.04201,42.5736]]}},
{"type":"Feature","id":"way/1343188420","properties":{"station_id":"les-angles","osm_id":1343188420,"feature":"piste","kind":"intermediate","name":null,"length_m":36},"geometry":{"type":"LineString","coordinates":[[2.04151,42.574],[2.04141,42.574],[2.04138,42.57403],[2.04136,42.57409],[2.04137,42.57415],[2.04144,42.57422]]}},
{"type":"Feature","id":"way/1343188421","properties":{"station_id":"les-angles","osm_id":1343188421,"feature":"piste","kind":"intermediate","name":"Bruyères Haute","length_m":569},"geometry":{"type":"LineString","coordinates":[[2.04185,42.57378],[2.04231,42.57389],[2.04308,42.57399],[2.04367,42.57419],[2.04434,42.5745],[2.04568,42.57518],[2.04648,42.57562],[2.04687,42.57572],[2.04737,42.57578],[2.04807,42.57574]]}},
{"type":"Feature","id":"way/1343188422","properties":{"station_id":"les-angles","osm_id":1343188422,"feature":"piste","kind":"novice","name":null,"length_m":93},"geometry":{"type":"LineString","coordinates":[[2.04781,42.57612],[2.04783,42.57604],[2.04793,42.57587],[2.04807,42.57574],[2.04837,42.5754]]}},
{"type":"Feature","id":"way/1343188423","properties":{"station_id":"les-angles","osm_id":1343188423,"feature":"piste","kind":"novice","name":null,"length_m":40},"geometry":{"type":"LineString","coordinates":[[2.05224,42.57186],[2.05242,42.57188],[2.05257,42.57185],[2.05265,42.5718],[2.05268,42.57177]]}},
{"type":"Feature","id":"way/1343188424","properties":{"station_id":"les-angles","osm_id":1343188424,"feature":"piste","kind":"novice","name":null,"length_m":48},"geometry":{"type":"LineString","coordinates":[[2.05317,42.57164],[2.05272,42.57178],[2.0527,42.57177],[2.05268,42.57177],[2.05267,42.57173]]}},
{"type":"Feature","id":"way/1343188426","properties":{"station_id":"les-angles","osm_id":1343188426,"feature":"piste","kind":"novice","name":"Refuge","length_m":149},"geometry":{"type":"LineString","coordinates":[[2.0524,42.57043],[2.05264,42.57075],[2.05299,42.57126],[2.05317,42.57164]]}},
{"type":"Feature","id":"way/1343188427","properties":{"station_id":"les-angles","osm_id":1343188427,"feature":"piste","kind":"novice","name":null,"length_m":16},"geometry":{"type":"LineString","coordinates":[[2.05264,42.57017],[2.05246,42.57023]]}},
{"type":"Feature","id":"way/1343188428","properties":{"station_id":"les-angles","osm_id":1343188428,"feature":"piste","kind":"novice","name":null,"length_m":250},"geometry":{"type":"LineString","coordinates":[[2.05177,42.57016],[2.05132,42.57051],[2.05158,42.57062],[2.05187,42.57056],[2.05215,42.57051],[2.0524,42.57043],[2.05257,42.57036],[2.05246,42.57023],[2.05229,42.57005],[2.05215,42.57008],[2.05177,42.57016]]}},
{"type":"Feature","id":"way/1343188429","properties":{"station_id":"les-angles","osm_id":1343188429,"feature":"piste","kind":"novice","name":null,"length_m":36},"geometry":{"type":"LineString","coordinates":[[2.05047,42.56552],[2.0502,42.5655],[2.05016,42.56548],[2.05015,42.56546],[2.05016,42.56544],[2.05014,42.56542],[2.05012,42.56544]]}},
{"type":"Feature","id":"way/1347370387","properties":{"station_id":"les-angles","osm_id":1347370387,"feature":"piste","kind":"intermediate","name":null,"length_m":148},"geometry":{"type":"LineString","coordinates":[[2.04504,42.5775],[2.04565,42.57737],[2.04595,42.57724],[2.04613,42.57709],[2.04658,42.57686]]}},
{"type":"Feature","id":"way/1347370388","properties":{"station_id":"les-angles","osm_id":1347370388,"feature":"piste","kind":"intermediate","name":"Bosses","length_m":427},"geometry":{"type":"LineString","coordinates":[[2.04292,42.57491],[2.04341,42.57496],[2.04442,42.5754],[2.04515,42.57578],[2.0465,42.57641],[2.04692,42.57671],[2.04721,42.57698]]}},
{"type":"Feature","id":"way/1454458883","properties":{"station_id":"les-angles","osm_id":1454458883,"feature":"piste","kind":"advanced","name":"Aiglr royal","length_m":501},"geometry":{"type":"LineString","coordinates":[[2.04013,42.57361],[2.04011,42.57345],[2.04019,42.57335],[2.04035,42.57315],[2.04043,42.57297],[2.04045,42.57287],[2.04047,42.57278],[2.04041,42.57267],[2.04036,42.57247],[2.04037,42.57228],[2.04038,42.57219],[2.04035,42.57194],[2.04036,42.57183],[2.04036,42.57179],[2.04041,42.57153],[2.04048,42.57123],[2.04058,42.57083],[2.04068,42.57033],[2.04084,42.5698],[2.04097,42.56951],[2.04089,42.56923]]}},
{"type":"Feature","id":"way/1556052156","properties":{"station_id":"les-angles","osm_id":1556052156,"feature":"piste","kind":"advanced","name":"Gypaète","length_m":235},"geometry":{"type":"LineString","coordinates":[[2.04188,42.57344],[2.04175,42.57348],[2.04168,42.57347],[2.04164,42.57341],[2.0416,42.57325],[2.0416,42.5732],[2.04152,42.57307],[2.04144,42.573],[2.04137,42.57292],[2.04124,42.57279],[2.04113,42.5727],[2.04099,42.57262],[2.04083,42.57244],[2.04075,42.57238],[2.04072,42.57222],[2.04056,42.57202],[2.04036,42.57183]]}},
{"type":"Feature","id":"way/1556052157","properties":{"station_id":"les-angles","osm_id":1556052157,"feature":"piste","kind":"advanced","name":"Vautour","length_m":349},"geometry":{"type":"LineString","coordinates":[[2.04865,42.57514],[2.04932,42.57508],[2.04968,42.57504],[2.05001,42.575],[2.0503,42.57498],[2.05053,42.57492],[2.05099,42.57485],[2.05147,42.57487],[2.05204,42.57486],[2.05248,42.57482],[2.05286,42.57475]]}},
{"type":"Feature","id":"way/10209907","properties":{"station_id":"luz-ardiden","osm_id":10209907,"feature":"lift","kind":"gondola","name":"Lys","length_m":3595},"geometry":{"type":"LineString","coordinates":[[-0.11289,42.89124],[-0.11963,42.88987],[-0.12291,42.8892],[-0.12354,42.88907],[-0.12594,42.88858],[-0.12825,42.88811],[-0.13194,42.88736],[-0.136,42.88654],[-0.13925,42.88588],[-0.14151,42.88541],[-0.14383,42.88494],[-0.14526,42.88464],[-0.14931,42.88381],[-0.1508,42.88351],[-0.15214,42.88323],[-0.15232,42.88319],[-0.15487,42.88267],[-0.15503,42.88264],[-0.15514,42.88262],[-0.15539,42.88256]]}},
{"type":"Feature","id":"way/118587354","properties":{"station_id":"luz-ardiden","osm_id":118587354,"feature":"lift","kind":"platter","name":"Pourtères 2","length_m":482},"geometry":{"type":"LineString","coordinates":[[-0.06061,42.88419],[-0.06071,42.88393],[-0.061,42.88312],[-0.06119,42.8826],[-0.0615,42.88173],[-0.06166,42.88128],[-0.0621,42.88008],[-0.06212,42.88]]}},
{"type":"Feature","id":"way/118590549","properties":{"station_id":"luz-ardiden","osm_id":118590549,"feature":"lift","kind":"magic_carpet","name":"Turon","length_m":149},"geometry":{"type":"LineString","coordinates":[[-0.06089,42.88446],[-0.06199,42.88339]]}},
{"type":"Feature","id":"way/118631113","properties":{"station_id":"luz-ardiden","osm_id":118631113,"feature":"lift","kind":"chair_lift","name":"Caperette","length_m":1028},"geometry":{"type":"LineString","coordinates":[[-0.06952,42.88012],[-0.06972,42.88002],[-0.07064,42.87954],[-0.07209,42.8788],[-0.073,42.87832],[-0.07375,42.87794],[-0.07523,42.87717],[-0.07568,42.87694],[-0.07744,42.87603],[-0.0786,42.87542],[-0.07896,42.87524],[-0.07948,42.87497],[-0.07983,42.87479]]}},
{"type":"Feature","id":"way/118631117","properties":{"station_id":"luz-ardiden","osm_id":118631117,"feature":"lift","kind":"chair_lift","name":"Aulian Express","length_m":1101},"geometry":{"type":"LineString","coordinates":[[-0.06189,42.88456],[-0.06211,42.88455],[-0.06262,42.88454],[-0.06444,42.88449],[-0.06623,42.88444],[-0.06803,42.88438],[-0.06931,42.88435],[-0.07043,42.88432],[-0.07112,42.8843],[-0.07196,42.88427],[-0.07418,42.88421],[-0.07515,42.88418],[-0.07526,42.88418],[-0.07539,42.88418]]}},
{"type":"Feature","id":"way/118631118","properties":{"station_id":"luz-ardiden","osm_id":118631118,"feature":"lift","kind":"chair_lift","name":"Cloze","length_m":479},"geometry":{"type":"LineString","coordinates":[[-0.07917,42.87179],[-0.07915,42.87147],[-0.07907,42.87044],[-0.079,42.86951],[-0.07893,42.86848],[-0.07889,42.868],[-0.07887,42.86761],[-0.07886,42.86749]]}},
{"type":"Feature","id":"way/118631119","properties":{"station_id":"luz-ardiden","osm_id":118631119,"feature":"lift","kind":"chair_lift","name":"Bederet Express","length_m":1402},"geometry":{"type":"LineString","coordinates":[[-0.06099,42.89368],[-0.06124,42.89359],[-0.06195,42.89331],[-0.06308,42.89286],[-0.06467,42.89224],[-0.06582,42.89178],[-0.06682,42.89139],[-0.06818,42.89085],[-0.0695,42.89033],[-0.07109,42.8897],[-0.07199,42.88935],[-0.07321,42.88887],[-0.07457,42.88833],[-0.0759,42.88781],[-0.07615,42.88771]]}},
{"type":"Feature","id":"way/200259057","properties":{"station_id":"luz-ardiden","osm_id":200259057,"feature":"lift","kind":"chair_lift","name":"Source","length_m":767},"geometry":{"type":"LineString","coordinates":[[-0.06319,42.88347],[-0.06374,42.88318],[-0.06418,42.88296],[-0.06479,42.88264],[-0.06582,42.88212],[-0.06648,42.88178],[-0.06758,42.88121],[-0.06766,42.88117],[-0.06802,42.88098],[-0.06932,42.88031],[-0.06944,42.88025],[-0.07089,42.8795]]}},
{"type":"Feature","id":"way/212370568","properties":{"station_id":"luz-ardiden","osm_id":212370568,"feature":"lift","kind":"chair_lift","name":"Bambi","length_m":418},"geometry":{"type":"LineString","coordinates":[[-0.0621,42.88417],[-0.06225,42.88331],[-0.06236,42.88267],[-0.0625,42.88186],[-0.06274,42.88054],[-0.06275,42.88044]]}},
{"type":"Feature","id":"way/200259026","properties":{"station_id":"luz-ardiden","osm_id":200259026,"feature":"piste","kind":"easy","name":"La Belle Bleue","length_m":3333},"geometry":{"type":"LineString","coordinates":[[-0.07635,42.88761],[-0.07614,42.88687],[-0.07604,42.88636],[-0.07598,42.88564],[-0.0758,42.88483],[-0.07581,42.88449],[-0.07576,42.88431],[-0.07565,42.88435],[-0.07561,42.88438],[-0.0756,42.8844],[-0.07553,42.88446],[-0.07533,42.8849],[-0.07456,42.88623],[-0.07441,42.88656],[-0.07438,42.88667],[-0.07437,42.88678],[-0.07457,42.88733],[-0.07459,42.88742],[-0.07458,42.88767],[-0.07441,42.88792],[-0.07408,42.88844],[-0.07402,42.88867],[-0.07404,42.8892],[-0.07405,42.88927],[-0.07409,42.88976],[-0.07418,42.8901],[-0.07423,42.89022],[-0.07423,42.89029],[-0.07423,42.89046],[-0.07427,42.89093],[-0.07408,42.89169],[-0.07401,42.89183],[-0.07368,42.8925],[-0.07363,42.89264],[-0.07351,42.89272],[-0.07334,42.89278],[-0.07318,42.89277],[-0.07307,42.89272],[-0.07289,42.89245],[-0.07266,42.8922],[-0.07238,42.89204],[-0.07235,42.89199],[-0.07195,42.89189],[-0.07129,42.89181],[-0.0711,42.89179],[-0.07076,42.89176],[-0.07056,42.89175],[-0.0703,42.89171],[-0.07024,42.89167],[-0.0701,42.8916],[-0.06977,42.89145],[-0.06969,42.89141],[-0.06964,42.89139],[-0.06898,42.89125],[-0.06867,42.89118],[-0.06841,42.89116],[-0.06816,42.89116],[-0.0679,42.89121],[-0.06756,42.89132],[-0.06684,42.89163],[-0.06638,42.89183],[-0.06623,42.89186],[-0.06609,42.89182],[-0.06604,42.8918],[-0.06531,42.89146],[-0.06527,42.89144],[-0.06515,42.89138],[-0.06488,42.89125],[-0.06459,42.89114],[-0.0645,42.89106],[-0.06449,42.89093],[-0.06464,42.89064],[-0.0647,42.89047],[-0.06478,42.88999],[-0.06479,42.88983],[-0.06491,42.88968],[-0.06523,42.88943],[-0.06557,42.88912],[-0.06582,42.88895],[-0.06605,42.88878],[-0.06616,42.88857],[-0.06627,42.88841],[-0.06638,42.88825],[-0.06644,42.88811],[-0.06639,42.88799],[-0.06633,42.88794],[-0.06624,42.88792],[-0.06597,42.88799],[-0.06567,42.88812],[-0.06551,42.88822],[-0.06527,42.88843],[-0.06516,42.88845],[-0.06506,42.88845],[-0.06497,42.88837],[-0.06482,42.88813],[-0.06457,42.88785],[-0.06434,42.88751],[-0.0642,42.88734],[-0.06388,42.88711],[-0.06378,42.88689],[-0.06369,42.88632],[-0.06379,42.886],[-0.06383,42.88566],[-0.06375,42.88514],[-0.06373,42.88476],[-0.0638,42.88457],[-0.06392,42.88434],[-0.06394,42.88419],[-0.06391,42.88405],[-0.06377,42.88389],[-0.06364,42.88381],[-0.06357,42.88378],[-0.06344,42.88375],[-0.06327,42.88374],[-0.06308,42.88378]]}},
{"type":"Feature","id":"way/200259028","properties":{"station_id":"luz-ardiden","osm_id":200259028,"feature":"piste","kind":"easy","name":"Source","length_m":580},"geometry":{"type":"LineString","coordinates":[[-0.06956,42.87978],[-0.06951,42.87972],[-0.06937,42.8795],[-0.06914,42.87919],[-0.06879,42.87892],[-0.06853,42.87878],[-0.06797,42.87856],[-0.06716,42.87833],[-0.06659,42.87822],[-0.06634,42.87817],[-0.06603,42.87808],[-0.06585,42.87805],[-0.06547,42.87814],[-0.06526,42.8782],[-0.06499,42.8783],[-0.06486,42.87835],[-0.06471,42.87843],[-0.06467,42.87845],[-0.06444,42.87865],[-0.06425,42.87884],[-0.06385,42.87908]]}},
{"type":"Feature","id":"way/200259048","properties":{"station_id":"luz-ardiden","osm_id":200259048,"feature":"piste","kind":"intermediate","name":"Vallons","length_m":180},"geometry":{"type":"LineString","coordinates":[[-0.07983,42.87479],[-0.07998,42.87462],[-0.0801,42.87454],[-0.08035,42.87445],[-0.08049,42.87445],[-0.08074,42.87445],[-0.08084,42.87449],[-0.08093,42.87458],[-0.08096,42.87473],[-0.08089,42.87489],[-0.08066,42.87513]]}},
{"type":"Feature","id":"way/200259050","properties":{"station_id":"luz-ardiden","osm_id":200259050,"feature":"piste","kind":"intermediate","name":"Cîmes","length_m":658},"geometry":{"type":"LineString","coordinates":[[-0.07886,42.86749],[-0.07866,42.86721],[-0.07853,42.86716],[-0.07831,42.86715],[-0.07825,42.86715],[-0.07801,42.86723],[-0.0778,42.86741],[-0.07764,42.86763],[-0.07757,42.86778],[-0.07759,42.86792],[-0.07764,42.86798],[-0.07802,42.86809],[-0.0783,42.86818],[-0.07866,42.86827],[-0.07913,42.86833],[-0.07953,42.86843],[-0.0799,42.86854],[-0.08005,42.86854],[-0.08058,42.86865],[-0.0809,42.86876],[-0.08103,42.8689],[-0.08105,42.86903],[-0.0809,42.86908],[-0.08062,42.86908],[-0.08041,42.86913],[-0.08017,42.86912],[-0.07976,42.8692],[-0.07961,42.86921],[-0.07916,42.86922]]}},
{"type":"Feature","id":"way/212370525","properties":{"station_id":"luz-ardiden","osm_id":212370525,"feature":"piste","kind":"intermediate","name":null,"length_m":276},"geometry":{"type":"LineString","coordinates":[[-0.07658,42.88223],[-0.07651,42.88205],[-0.07594,42.88139],[-0.07578,42.88109],[-0.07562,42.88074],[-0.07564,42.88051],[-0.07552,42.88021],[-0.07545,42.88011],[-0.07533,42.88006],[-0.07525,42.88008]]}},
{"type":"Feature","id":"way/212370533","properties":{"station_id":"luz-ardiden","osm_id":212370533,"feature":"piste","kind":"easy","name":"Source","length_m":296},"geometry":{"type":"LineString","coordinates":[[-0.0713,42.8795],[-0.07141,42.87955],[-0.07163,42.87963],[-0.07177,42.87968],[-0.07183,42.87977],[-0.07184,42.87987],[-0.07177,42.88001],[-0.07158,42.88018],[-0.07146,42.88029],[-0.07129,42.88036],[-0.07112,42.88037],[-0.07091,42.88034],[-0.06968,42.87984],[-0.06956,42.87978]]}},
{"type":"Feature","id":"way/212370537","properties":{"station_id":"luz-ardiden","osm_id":212370537,"feature":"piste","kind":"intermediate","name":null,"length_m":329},"geometry":{"type":"LineString","coordinates":[[-0.0733,42.88132],[-0.07267,42.8807],[-0.07258,42.88058],[-0.07253,42.87996],[-0.07241,42.87971],[-0.07227,42.87949],[-0.07214,42.87942],[-0.07204,42.8794],[-0.07181,42.87937],[-0.07161,42.87936],[-0.07139,42.87934],[-0.07132,42.87935],[-0.07127,42.87937],[-0.07124,42.87942],[-0.07126,42.87947],[-0.0713,42.8795]]}},
{"type":"Feature","id":"way/212370552","properties":{"station_id":"luz-ardiden","osm_id":212370552,"feature":"piste","kind":"intermediate","name":null,"length_m":167},"geometry":{"type":"LineString","coordinates":[[-0.07635,42.88761],[-0.07656,42.88787],[-0.07699,42.8884],[-0.07764,42.88874]]}},
{"type":"Feature","id":"way/212370554","properties":{"station_id":"luz-ardiden","osm_id":212370554,"feature":"piste","kind":"intermediate","name":"Cîmes","length_m":120},"geometry":{"type":"LineString","coordinates":[[-0.07894,42.87074],[-0.07908,42.87079],[-0.0796,42.87131],[-0.07974,42.87161]]}},
{"type":"Feature","id":"way/212370556","properties":{"station_id":"luz-ardiden","osm_id":212370556,"feature":"piste","kind":"intermediate","name":"Lagopède","length_m":155},"geometry":{"type":"LineString","coordinates":[[-0.07616,42.87715],[-0.076,42.87749],[-0.07594,42.87783],[-0.07586,42.87837],[-0.07585,42.87852]]}},
{"type":"Feature","id":"way/212370557","properties":{"station_id":"luz-ardiden","osm_id":212370557,"feature":"piste","kind":"intermediate","name":"Vallons","length_m":168},"geometry":{"type":"LineString","coordinates":[[-0.07585,42.87852],[-0.07582,42.87868],[-0.0758,42.8789],[-0.07532,42.87967],[-0.07521,42.87994]]}},
{"type":"Feature","id":"way/212370559","properties":{"station_id":"luz-ardiden","osm_id":212370559,"feature":"piste","kind":"novice","name":"Ourson","length_m":148},"geometry":{"type":"LineString","coordinates":[[-0.06508,42.88131],[-0.06455,42.88157],[-0.06408,42.88174],[-0.06382,42.88184],[-0.06368,42.88198],[-0.06366,42.88207]]}},
{"type":"Feature","id":"way/212370567","properties":{"station_id":"luz-ardiden","osm_id":212370567,"feature":"piste","kind":"intermediate","name":"Lisey","length_m":250},"geometry":{"type":"LineString","coordinates":[[-0.07576,42.88431],[-0.07584,42.88393],[-0.07588,42.88375],[-0.07587,42.88357],[-0.0759,42.88332],[-0.07603,42.88308],[-0.07656,42.88251],[-0.07664,42.88232],[-0.07658,42.88223]]}},
{"type":"Feature","id":"way/212370570","properties":{"station_id":"luz-ardiden","osm_id":212370570,"feature":"piste","kind":"advanced","name":"Perdrix","length_m":276},"geometry":{"type":"LineString","coordinates":[[-0.07757,42.86778],[-0.07741,42.86796],[-0.07733,42.86807],[-0.07738,42.86815],[-0.07746,42.86821],[-0.0776,42.86824],[-0.07782,42.86829],[-0.07793,42.86838],[-0.07796,42.86848],[-0.07794,42.86859],[-0.07787,42.86869],[-0.07775,42.86881],[-0.07769,42.86891],[-0.07766,42.86898],[-0.07767,42.86905],[-0.07786,42.86907],[-0.07794,42.86912],[-0.07801,42.86921],[-0.07812,42.86927],[-0.07848,42.86942],[-0.07864,42.86943]]}},
{"type":"Feature","id":"way/212370572","properties":{"station_id":"luz-ardiden","osm_id":212370572,"feature":"piste","kind":"novice","name":"Ourson","length_m":415},"geometry":{"type":"LineString","coordinates":[[-0.06366,42.88207],[-0.06323,42.88247],[-0.06317,42.88253],[-0.06242,42.88343],[-0.06214,42.88368],[-0.0617,42.88406],[-0.06126,42.88441],[-0.06101,42.88454],[-0.06088,42.88455],[-0.06065,42.88446],[-0.06057,42.88429],[-0.06058,42.88423],[-0.06061,42.88419]]}},
{"type":"Feature","id":"way/212370576","properties":{"station_id":"luz-ardiden","osm_id":212370576,"feature":"piste","kind":"intermediate","name":"Crêtes","length_m":792},"geometry":{"type":"LineString","coordinates":[[-0.07402,42.88867],[-0.07367,42.8888],[-0.07295,42.88901],[-0.07265,42.88905],[-0.07215,42.88913],[-0.07175,42.88925],[-0.0713,42.88934],[-0.07071,42.88941],[-0.07007,42.8895],[-0.06957,42.88962],[-0.06928,42.8897],[-0.069,42.88977],[-0.06862,42.88986],[-0.06819,42.88998],[-0.06767,42.89021],[-0.06724,42.89048],[-0.06683,42.89062],[-0.06641,42.89079],[-0.06547,42.89124],[-0.06515,42.89138]]}},
{"type":"Feature","id":"way/212370577","properties":{"station_id":"luz-ardiden","osm_id":212370577,"feature":"piste","kind":"novice","name":"Ourson","length_m":365},"geometry":{"type":"LineString","coordinates":[[-0.06212,42.88],[-0.06321,42.87998],[-0.0633,42.88],[-0.06469,42.88026],[-0.06514,42.88039],[-0.06525,42.88049],[-0.06531,42.88055],[-0.06535,42.88062],[-0.06533,42.88089],[-0.06523,42.88109],[-0.06508,42.88131]]}},
{"type":"Feature","id":"way/212370578","properties":{"station_id":"luz-ardiden","osm_id":212370578,"feature":"piste","kind":"intermediate","name":"Badette","length_m":2307},"geometry":{"type":"LineString","coordinates":[[-0.07983,42.87479],[-0.07992,42.87466],[-0.07994,42.87451],[-0.07985,42.87433],[-0.07982,42.87417],[-0.07977,42.87401],[-0.07981,42.87386],[-0.08003,42.87341],[-0.08015,42.87314],[-0.08031,42.87294],[-0.08055,42.87271],[-0.08075,42.87241],[-0.08084,42.87217],[-0.08086,42.87187],[-0.08081,42.87169],[-0.08072,42.87161],[-0.08048,42.87152],[-0.0802,42.87156],[-0.08003,42.87164],[-0.07975,42.87179],[-0.07962,42.87191],[-0.07936,42.87203],[-0.07915,42.87211],[-0.07899,42.87217],[-0.07891,42.8723],[-0.07883,42.87251],[-0.07882,42.87263],[-0.07867,42.87277],[-0.07845,42.87295],[-0.07812,42.87306],[-0.07783,42.87317],[-0.07763,42.87322],[-0.07707,42.87351],[-0.07595,42.87409],[-0.07578,42.87415],[-0.0756,42.87417],[-0.07545,42.87421],[-0.07529,42.87432],[-0.07526,42.87439],[-0.07524,42.8745],[-0.07536,42.87457],[-0.07535,42.87472],[-0.07503,42.875],[-0.07491,42.8751],[-0.07474,42.87527],[-0.07462,42.87535],[-0.07447,42.87539],[-0.07439,42.87535],[-0.07434,42.87526],[-0.07425,42.87513],[-0.07393,42.87516],[-0.07362,42.87521],[-0.0735,42.87527],[-0.07336,42.87537],[-0.0733,42.87541],[-0.07331,42.87554],[-0.07339,42.8756],[-0.07352,42.87569],[-0.07365,42.87581],[-0.07367,42.87593],[-0.07363,42.87602],[-0.07354,42.87608],[-0.07343,42.87613],[-0.0733,42.8761],[-0.07304,42.87603],[-0.07198,42.87566],[-0.07182,42.87556],[-0.07085,42.87527],[-0.07022,42.87507],[-0.06988,42.87501],[-0.06972,42.87499],[-0.06957,42.87494],[-0.06931,42.87482],[-0.06924,42.87481],[-0.06916,42.87483],[-0.06911,42.8749],[-0.06907,42.875],[-0.06898,42.87527],[-0.06896,42.87543],[-0.06891,42.8758],[-0.06891,42.87602],[-0.06894,42.87609],[-0.06924,42.87637],[-0.06944,42.87648],[-0.06982,42.87675],[-0.06991,42.87691],[-0.06989,42.87702],[-0.06968,42.87729],[-0.06954,42.87752],[-0.0695,42.8777],[-0.06941,42.87787],[-0.0694,42.87805],[-0.06942,42.87848],[-0.06948,42.87868],[-0.0696,42.87893],[-0.06971,42.87914],[-0.06978,42.87937],[-0.06969,42.87961],[-0.06956,42.87978]]}},
{"type":"Feature","id":"way/212370582","properties":{"station_id":"luz-ardiden","osm_id":212370582,"feature":"piste","kind":"advanced","name":"Noire d'Aulian","length_m":502},"geometry":{"type":"LineString","coordinates":[[-0.06891,42.87602],[-0.06845,42.87579],[-0.06829,42.87563],[-0.06811,42.87553],[-0.06789,42.87542],[-0.06754,42.8753],[-0.06721,42.87553],[-0.06677,42.87597],[-0.06643,42.8765],[-0.06627,42.87679],[-0.06601,42.87711],[-0.06567,42.87757],[-0.06547,42.87814]]}},
{"type":"Feature","id":"way/212370587","properties":{"station_id":"luz-ardiden","osm_id":212370587,"feature":"piste","kind":"intermediate","name":"Stade de Slalom","length_m":555},"geometry":{"type":"LineString","coordinates":[[-0.06212,42.88],[-0.06182,42.88003],[-0.06159,42.88018],[-0.06146,42.88048],[-0.06135,42.8807],[-0.06075,42.88108],[-0.06072,42.8812],[-0.06065,42.88142],[-0.06058,42.88166],[-0.06054,42.8819],[-0.06049,42.88216],[-0.06034,42.88299],[-0.06027,42.88383],[-0.06033,42.88427],[-0.06042,42.88428],[-0.06051,42.88427],[-0.06058,42.88423]]}},
{"type":"Feature","id":"way/212370588","properties":{"station_id":"luz-ardiden","osm_id":212370588,"feature":"piste","kind":"intermediate","name":"Vallons","length_m":759},"geometry":{"type":"LineString","coordinates":[[-0.08066,42.87513],[-0.08041,42.87589],[-0.08009,42.87622],[-0.07972,42.87641],[-0.07932,42.87659],[-0.07925,42.87735],[-0.07919,42.87765],[-0.07894,42.87827],[-0.0788,42.87874],[-0.07866,42.87903],[-0.07848,42.87912],[-0.07806,42.87925],[-0.07789,42.8793],[-0.07714,42.87929],[-0.07678,42.8792],[-0.07636,42.87894],[-0.07604,42.87854],[-0.07585,42.87852]]}},
{"type":"Feature","id":"way/212370590","properties":{"station_id":"luz-ardiden","osm_id":212370590,"feature":"piste","kind":"intermediate","name":"Lisey","length_m":978},"geometry":{"type":"LineString","coordinates":[[-0.07658,42.88223],[-0.07592,42.8821],[-0.074,42.8816],[-0.07379,42.88153],[-0.07342,42.88144],[-0.07326,42.88141],[-0.07237,42.88106],[-0.07148,42.88064],[-0.07105,42.88046],[-0.07068,42.88039],[-0.0702,42.88054],[-0.06983,42.88073],[-0.06965,42.88079],[-0.06922,42.88081],[-0.06814,42.88059],[-0.06748,42.88052],[-0.0669,42.88051],[-0.06638,42.88066],[-0.06554,42.88108]]}},
{"type":"Feature","id":"way/212370592","properties":{"station_id":"luz-ardiden","osm_id":212370592,"feature":"piste","kind":"intermediate","name":"Combe","length_m":1101},"geometry":{"type":"LineString","coordinates":[[-0.0756,42.8844],[-0.07541,42.88431],[-0.07531,42.88425],[-0.07526,42.88418],[-0.07518,42.88411],[-0.07448,42.88375],[-0.07426,42.88376],[-0.07398,42.88383],[-0.07353,42.88397],[-0.07327,42.88409],[-0.07292,42.88436],[-0.07266,42.88459],[-0.07235,42.88485],[-0.07221,42.88495],[-0.07187,42.88515],[-0.07116,42.88559],[-0.07075,42.88586],[-0.06973,42.88638],[-0.06933,42.88655],[-0.06893,42.88674],[-0.06869,42.88691],[-0.06846,42.88714],[-0.06815,42.88732],[-0.06778,42.88744],[-0.06727,42.88751],[-0.06615,42.88772],[-0.06563,42.88776],[-0.06516,42.88772],[-0.06445,42.88758],[-0.06434,42.88751]]}},
{"type":"Feature","id":"way/212370598","properties":{"station_id":"luz-ardiden","osm_id":212370598,"feature":"piste","kind":"intermediate","name":null,"length_m":16},"geometry":{"type":"LineString","coordinates":[[-0.07342,42.88144],[-0.0733,42.88132]]}},
{"type":"Feature","id":"way/212370599","properties":{"station_id":"luz-ardiden","osm_id":212370599,"feature":"piste","kind":"intermediate","name":null,"length_m":18},"geometry":{"type":"LineString","coordinates":[[-0.07105,42.88046],[-0.07091,42.88034]]}},
{"type":"Feature","id":"way/212370606","properties":{"station_id":"luz-ardiden","osm_id":212370606,"feature":"piste","kind":"intermediate","name":null,"length_m":16},"geometry":{"type":"LineString","coordinates":[[-0.07525,42.88008],[-0.07508,42.88016]]}},
{"type":"Feature","id":"way/212370608","properties":{"station_id":"luz-ardiden","osm_id":212370608,"feature":"piste","kind":"easy","name":"Bergères","length_m":614},"geometry":{"type":"LineString","coordinates":[[-0.07076,42.89176],[-0.07028,42.89212],[-0.0701,42.89234],[-0.06999,42.89249],[-0.06988,42.89283],[-0.06979,42.89321],[-0.06951,42.89364],[-0.06902,42.89432],[-0.06879,42.89456],[-0.06849,42.89477],[-0.06816,42.89487],[-0.06808,42.8945],[-0.06788,42.89412],[-0.06778,42.89407],[-0.0675,42.89398],[-0.06723,42.89405],[-0.06675,42.89417],[-0.06665,42.89419]]}},
{"type":"Feature","id":"way/212370613","properties":{"station_id":"luz-ardiden","osm_id":212370613,"feature":"piste","kind":"easy","name":"Source","length_m":988},"geometry":{"type":"LineString","coordinates":[[-0.06385,42.87908],[-0.06339,42.87925],[-0.06325,42.87938],[-0.06328,42.87952],[-0.06337,42.8796],[-0.06356,42.87962],[-0.06402,42.87958],[-0.06522,42.87991],[-0.0656,42.88004],[-0.06573,42.88025],[-0.06581,42.88048],[-0.06573,42.88063],[-0.06554,42.88108],[-0.06552,42.88109],[-0.06545,42.88112],[-0.06508,42.88131],[-0.06476,42.88174],[-0.06435,42.88239],[-0.06401,42.88293],[-0.06371,42.88335],[-0.06361,42.88345],[-0.0635,42.88359],[-0.06308,42.88378],[-0.06196,42.88429],[-0.06112,42.88465],[-0.06098,42.88468],[-0.06088,42.88455]]}},
{"type":"Feature","id":"way/212370616","properties":{"station_id":"luz-ardiden","osm_id":212370616,"feature":"piste","kind":"intermediate","name":"Brêche","length_m":79},"geometry":{"type":"LineString","coordinates":[[-0.07595,42.87409],[-0.07557,42.87449],[-0.07538,42.87466]]}},
{"type":"Feature","id":"way/212370622","properties":{"station_id":"luz-ardiden","osm_id":212370622,"feature":"piste","kind":"intermediate","name":"Banila 2","length_m":246},"geometry":{"type":"LineString","coordinates":[[-0.07423,42.89029],[-0.07388,42.89058],[-0.07333,42.89117],[-0.07238,42.89204]]}},
{"type":"Feature","id":"way/212370623","properties":{"station_id":"luz-ardiden","osm_id":212370623,"feature":"piste","kind":"intermediate","name":"Badette","length_m":173},"geometry":{"type":"LineString","coordinates":[[-0.07085,42.87527],[-0.07034,42.87528],[-0.06983,42.87539],[-0.06936,42.87556],[-0.06891,42.8758]]}},
{"type":"Feature","id":"way/212370626","properties":{"station_id":"luz-ardiden","osm_id":212370626,"feature":"piste","kind":"intermediate","name":"Riou","length_m":490},"geometry":{"type":"LineString","coordinates":[[-0.07318,42.89277],[-0.0727,42.89304],[-0.07241,42.89316],[-0.07208,42.89329],[-0.07163,42.89343],[-0.07107,42.89353],[-0.06951,42.89364],[-0.06886,42.8937],[-0.0675,42.89398]]}},
{"type":"Feature","id":"way/212370628","properties":{"station_id":"luz-ardiden","osm_id":212370628,"feature":"piste","kind":"easy","name":null,"length_m":209},"geometry":{"type":"LineString","coordinates":[[-0.06526,42.8782],[-0.06522,42.8788],[-0.06523,42.87909],[-0.06529,42.8794],[-0.0656,42.88004]]}},
{"type":"Feature","id":"way/212370629","properties":{"station_id":"luz-ardiden","osm_id":212370629,"feature":"piste","kind":"intermediate","name":"Bamby","length_m":236},"geometry":{"type":"LineString","coordinates":[[-0.06275,42.88044],[-0.06293,42.88059],[-0.06295,42.88115],[-0.06288,42.88172],[-0.06306,42.88213],[-0.06323,42.88247]]}},
{"type":"Feature","id":"way/212370631","properties":{"station_id":"luz-ardiden","osm_id":212370631,"feature":"piste","kind":"intermediate","name":"Marmottes","length_m":292},"geometry":{"type":"LineString","coordinates":[[-0.07876,42.87678],[-0.0786,42.87714],[-0.07864,42.87727],[-0.07855,42.87745],[-0.07843,42.8776],[-0.07828,42.87788],[-0.0782,42.87817],[-0.07812,42.87852],[-0.07801,42.87899],[-0.07789,42.8793]]}},
{"type":"Feature","id":"way/212370632","properties":{"station_id":"luz-ardiden","osm_id":212370632,"feature":"piste","kind":"intermediate","name":"La Toy","length_m":529},"geometry":{"type":"LineString","coordinates":[[-0.07764,42.88874],[-0.07741,42.88892],[-0.07701,42.88926],[-0.07654,42.88978],[-0.07565,42.89072],[-0.07502,42.89122],[-0.07473,42.89157],[-0.0744,42.89189],[-0.07368,42.8925]]}},
{"type":"Feature","id":"way/212370635","properties":{"station_id":"luz-ardiden","osm_id":212370635,"feature":"piste","kind":"intermediate","name":"Vallons","length_m":217},"geometry":{"type":"LineString","coordinates":[[-0.07521,42.87994],[-0.07508,42.88016],[-0.07474,42.88071],[-0.07452,42.88109],[-0.07422,42.8813],[-0.07394,42.88146],[-0.07379,42.88153]]}},
{"type":"Feature","id":"way/212370638","properties":{"station_id":"luz-ardiden","osm_id":212370638,"feature":"piste","kind":"advanced","name":"Noire de la Pique","length_m":545},"geometry":{"type":"LineString","coordinates":[[-0.07462,42.87535],[-0.07467,42.87551],[-0.07469,42.87564],[-0.07469,42.87577],[-0.0747,42.87587],[-0.07468,42.87603],[-0.07433,42.87649],[-0.07423,42.87663],[-0.07408,42.87685],[-0.0741,42.87706],[-0.0741,42.87716],[-0.07405,42.87763],[-0.07391,42.87781],[-0.07379,42.87803],[-0.07358,42.87811],[-0.07351,42.87814],[-0.07342,42.87825],[-0.07327,42.87828],[-0.07325,42.87839],[-0.07315,42.87847],[-0.07282,42.87861],[-0.07275,42.87871],[-0.07259,42.87877],[-0.07247,42.87886],[-0.07235,42.8789],[-0.07224,42.87901],[-0.07217,42.87907],[-0.07213,42.87911],[-0.07203,42.87923],[-0.07196,42.87926],[-0.07181,42.87937]]}},
{"type":"Feature","id":"way/212370639","properties":{"station_id":"luz-ardiden","osm_id":212370639,"feature":"piste","kind":"intermediate","name":"Château d'Eau","length_m":393},"geometry":{"type":"LineString","coordinates":[[-0.06983,42.88073],[-0.06963,42.88092],[-0.06937,42.88106],[-0.06854,42.88122],[-0.06806,42.88134],[-0.06743,42.88153],[-0.06713,42.88157],[-0.06681,42.88158],[-0.06645,42.8815],[-0.06611,42.8814],[-0.06574,42.88124],[-0.06545,42.88112]]}},
{"type":"Feature","id":"way/212370640","properties":{"station_id":"luz-ardiden","osm_id":212370640,"feature":"piste","kind":"intermediate","name":"Lagopède","length_m":381},"geometry":{"type":"LineString","coordinates":[[-0.08009,42.87622],[-0.07933,42.87645],[-0.07876,42.87678],[-0.07823,42.87683],[-0.07766,42.87679],[-0.07682,42.87665],[-0.07658,42.87657],[-0.0764,42.87682],[-0.07616,42.87715]]}},
{"type":"Feature","id":"way/212370641","properties":{"station_id":"luz-ardiden","osm_id":212370641,"feature":"piste","kind":"intermediate","name":"Aulhères Bas","length_m":374},"geometry":{"type":"LineString","coordinates":[[-0.06604,42.8918],[-0.0653,42.89212],[-0.06484,42.89233],[-0.06448,42.89248],[-0.06431,42.89256],[-0.06408,42.8927],[-0.06343,42.89311],[-0.06265,42.89338],[-0.06213,42.89353]]}},
{"type":"Feature","id":"way/212370642","properties":{"station_id":"luz-ardiden","osm_id":212370642,"feature":"piste","kind":"intermediate","name":"Cîmes","length_m":202},"geometry":{"type":"LineString","coordinates":[[-0.07916,42.86922],[-0.07884,42.86928],[-0.07866,42.8694],[-0.07864,42.86943],[-0.07857,42.86991],[-0.0787,42.87027],[-0.07882,42.87057],[-0.07894,42.87074]]}},
{"type":"Feature","id":"way/212374994","properties":{"station_id":"luz-ardiden","osm_id":212374994,"feature":"piste","kind":"novice","name":"Poussin","length_m":106},"geometry":{"type":"LineString","coordinates":[[-0.05909,42.88482],[-0.05943,42.88485],[-0.0599,42.88477],[-0.0603,42.88459]]}},
{"type":"Feature","id":"way/212374995","properties":{"station_id":"luz-ardiden","osm_id":212374995,"feature":"piste","kind":"novice","name":"Poussin","length_m":110},"geometry":{"type":"LineString","coordinates":[[-0.05909,42.88482],[-0.05914,42.88474],[-0.05935,42.88465],[-0.05973,42.88457],[-0.0602,42.88455],[-0.0603,42.88459]]}},
{"type":"Feature","id":"way/213217915","properties":{"station_id":"luz-ardiden","osm_id":213217915,"feature":"piste","kind":"easy","name":null,"length_m":51},"geometry":{"type":"LineString","coordinates":[[-0.06956,42.87978],[-0.06945,42.87987],[-0.0694,42.87999],[-0.06939,42.88007],[-0.0694,42.88012],[-0.06942,42.88016],[-0.06946,42.88019]]}},
{"type":"Feature","id":"way/1160649528","properties":{"station_id":"luz-ardiden","osm_id":1160649528,"feature":"piste","kind":null,"name":null,"length_m":173},"geometry":{"type":"LineString","coordinates":[[-0.06199,42.88339],[-0.06214,42.88368],[-0.06126,42.88441],[-0.06089,42.88446]]}},
{"type":"Feature","id":"way/1454377945","properties":{"station_id":"luz-ardiden","osm_id":1454377945,"feature":"piste","kind":"advanced","name":"Perdix","length_m":150},"geometry":{"type":"LineString","coordinates":[[-0.07775,42.86881],[-0.07763,42.86893],[-0.07755,42.86908],[-0.07752,42.86921],[-0.07747,42.86936],[-0.07764,42.86936],[-0.07777,42.86934],[-0.07793,42.86934],[-0.07813,42.86935],[-0.07829,42.86936],[-0.07848,42.86942]]}},
{"type":"Feature","id":"way/1560458106","properties":{"station_id":"luz-ardiden","osm_id":1560458106,"feature":"piste","kind":"intermediate","name":"Banila 1","length_m":323},"geometry":{"type":"LineString","coordinates":[[-0.07656,42.88787],[-0.07619,42.88822],[-0.07543,42.88893],[-0.07492,42.88952],[-0.07462,42.88986],[-0.07423,42.89022]]}},
{"type":"Feature","id":"way/1560460668","properties":{"station_id":"luz-ardiden","osm_id":1560460668,"feature":"piste","kind":"advanced","name":"Bruyères","length_m":412},"geometry":{"type":"LineString","coordinates":[[-0.07405,42.88927],[-0.07372,42.88943],[-0.0731,42.88976],[-0.07243,42.89012],[-0.07212,42.8903],[-0.07158,42.8906],[-0.07143,42.89068],[-0.07107,42.89097],[-0.07065,42.89134],[-0.07024,42.89167]]}},
{"type":"Feature","id":"way/1560460669","properties":{"station_id":"luz-ardiden","osm_id":1560460669,"feature":"piste","kind":"easy","name":"Myrilles","length_m":1231},"geometry":{"type":"LineString","coordinates":[[-0.06969,42.89141],[-0.06942,42.89155],[-0.06923,42.89163],[-0.06903,42.89182],[-0.06901,42.89201],[-0.06891,42.89224],[-0.0686,42.89236],[-0.06834,42.89234],[-0.0681,42.89223],[-0.06791,42.89211],[-0.06764,42.89208],[-0.06731,42.89218],[-0.06698,42.89257],[-0.06667,42.89274],[-0.06633,42.89289],[-0.06617,42.89303],[-0.06613,42.89307],[-0.06651,42.89338],[-0.06668,42.89363],[-0.06679,42.89394],[-0.06675,42.89417],[-0.06643,42.89427],[-0.0661,42.89436],[-0.0655,42.8945],[-0.06537,42.89454],[-0.065,42.89457],[-0.06433,42.89461],[-0.06398,42.8946],[-0.06367,42.89469],[-0.06337,42.89473],[-0.06316,42.89479],[-0.06287,42.89487],[-0.06273,42.89484],[-0.06247,42.89477],[-0.06245,42.89472],[-0.06241,42.89463],[-0.06239,42.89443],[-0.06243,42.89421],[-0.06246,42.89409],[-0.06246,42.89388],[-0.06213,42.89353],[-0.06179,42.89334],[-0.06154,42.89319],[-0.06123,42.89308],[-0.0611,42.89313],[-0.06088,42.89332],[-0.06078,42.89349],[-0.06099,42.89368]]}},
{"type":"Feature","id":"way/1560460670","properties":{"station_id":"luz-ardiden","osm_id":1560460670,"feature":"piste","kind":"easy","name":"Mur de Gray","length_m":360},"geometry":{"type":"LineString","coordinates":[[-0.06617,42.89303],[-0.06591,42.89317],[-0.06571,42.89332],[-0.06514,42.89366],[-0.06466,42.89392],[-0.06433,42.89408],[-0.0638,42.8943],[-0.06346,42.89442],[-0.06295,42.89457],[-0.06245,42.89472]]}},
{"type":"Feature","id":"way/49845520","properties":{"station_id":"peyragudes","osm_id":49845520,"feature":"lift","kind":"chair_lift","name":"Privilège","length_m":1908},"geometry":{"type":"LineString","coordinates":[[0.44489,42.78963],[0.44576,42.78845],[0.44637,42.78761],[0.44675,42.78709],[0.44717,42.78652],[0.44817,42.78515],[0.44902,42.78397],[0.44985,42.78284],[0.45084,42.78147],[0.4514,42.78071],[0.45154,42.78051],[0.45168,42.78032],[0.45238,42.77935],[0.45321,42.77822],[0.45445,42.7765],[0.45487,42.77593],[0.45577,42.77469],[0.45582,42.77463],[0.45591,42.7745]]}},
{"type":"Feature","id":"way/49845521","properties":{"station_id":"peyragudes","osm_id":49845521,"feature":"lift","kind":"chair_lift","name":"Cap de Pales","length_m":2216},"geometry":{"type":"LineString","coordinates":[[0.47713,42.78734],[0.47637,42.78688],[0.47581,42.78654],[0.4744,42.78568],[0.47184,42.78413],[0.47015,42.7831],[0.46918,42.78251],[0.46823,42.78194],[0.46721,42.78132],[0.46709,42.78125],[0.46595,42.78055],[0.46445,42.77965],[0.46432,42.77957],[0.46391,42.77932],[0.46211,42.77824],[0.4607,42.77739],[0.46058,42.77731],[0.45996,42.77694],[0.45977,42.77682],[0.45844,42.77602],[0.45807,42.7758],[0.45638,42.77478],[0.45618,42.77466]]}},
{"type":"Feature","id":"way/95034208","properties":{"station_id":"peyragudes","osm_id":95034208,"feature":"lift","kind":"platter","name":"Plateau","length_m":909},"geometry":{"type":"LineString","coordinates":[[0.4385,42.7911],[0.43967,42.78886],[0.4402,42.78786],[0.44075,42.78681],[0.44132,42.78572],[0.44192,42.78457],[0.4425,42.78347]]}},
{"type":"Feature","id":"way/95034210","properties":{"station_id":"peyragudes","osm_id":95034210,"feature":"lift","kind":"chair_lift","name":"Serre Doumenge","length_m":1376},"geometry":{"type":"LineString","coordinates":[[0.47045,42.77506],[0.47029,42.77494],[0.46916,42.77412],[0.46762,42.77301],[0.46626,42.77203],[0.46518,42.77124],[0.46482,42.77098],[0.46452,42.77076],[0.46334,42.76991],[0.4625,42.7693],[0.46118,42.76835],[0.46042,42.7678],[0.45866,42.76652],[0.45844,42.76637]]}},
{"type":"Feature","id":"way/95034214","properties":{"station_id":"peyragudes","osm_id":95034214,"feature":"lift","kind":"chair_lift","name":"Sérias","length_m":1078},"geometry":{"type":"LineString","coordinates":[[0.44764,42.79097],[0.44916,42.79038],[0.45031,42.78994],[0.45197,42.7893],[0.45324,42.78882],[0.45497,42.78815],[0.45665,42.78751],[0.45773,42.78709],[0.45866,42.78673],[0.45934,42.78647]]}},
{"type":"Feature","id":"way/180360424","properties":{"station_id":"peyragudes","osm_id":180360424,"feature":"lift","kind":"chair_lift","name":"Flamme","length_m":687},"geometry":{"type":"LineString","coordinates":[[0.45932,42.78484],[0.45921,42.78382],[0.45913,42.78313],[0.459,42.78193],[0.45886,42.78062],[0.45875,42.7796],[0.45867,42.77883],[0.45865,42.77868]]}},
{"type":"Feature","id":"way/180360425","properties":{"station_id":"peyragudes","osm_id":180360425,"feature":"lift","kind":"chair_lift","name":"Cimes","length_m":1260},"geometry":{"type":"LineString","coordinates":[[0.44266,42.77925],[0.44325,42.7789],[0.44398,42.77846],[0.44503,42.77784],[0.44654,42.77694],[0.44752,42.77636],[0.44832,42.77588],[0.44906,42.77544],[0.44918,42.77537],[0.4507,42.77447],[0.45129,42.77412],[0.45165,42.77391],[0.45273,42.77326],[0.45445,42.77224],[0.45452,42.7722],[0.45465,42.77212]]}},
{"type":"Feature","id":"way/203579967","properties":{"station_id":"peyragudes","osm_id":203579967,"feature":"lift","kind":"platter","name":"Barbioules","length_m":460},"geometry":{"type":"LineString","coordinates":[[0.47617,42.78761],[0.47531,42.78747],[0.47428,42.78727],[0.47348,42.78711],[0.47221,42.78669],[0.47127,42.78637],[0.47114,42.78633],[0.47088,42.78624]]}},
{"type":"Feature","id":"way/203580017","properties":{"station_id":"peyragudes","osm_id":203580017,"feature":"lift","kind":"platter","name":"Soulas","length_m":1077},"geometry":{"type":"LineString","coordinates":[[0.47696,42.78669],[0.47666,42.78656],[0.47572,42.78616],[0.47469,42.78572],[0.47449,42.78563],[0.47397,42.78532],[0.47312,42.7848],[0.47214,42.78419],[0.47132,42.78369],[0.47012,42.78295],[0.46905,42.78229],[0.46827,42.78181],[0.46728,42.78121],[0.46656,42.78076]]}},
{"type":"Feature","id":"way/203580018","properties":{"station_id":"peyragudes","osm_id":203580018,"feature":"lift","kind":"chair_lift","name":"Lac Barbioules","length_m":1475},"geometry":{"type":"LineString","coordinates":[[0.47698,42.7874],[0.47438,42.78661],[0.47356,42.78636],[0.47245,42.78603],[0.47171,42.7858],[0.47115,42.78564],[0.46997,42.78528],[0.46918,42.78504],[0.46807,42.7847],[0.46686,42.78434],[0.46611,42.78411],[0.46532,42.78387],[0.46433,42.78357],[0.46325,42.78325],[0.46128,42.78265],[0.46045,42.7824],[0.46027,42.78235]]}},
{"type":"Feature","id":"way/203600172","properties":{"station_id":"peyragudes","osm_id":203600172,"feature":"lift","kind":"platter","name":"Boum","length_m":332},"geometry":{"type":"LineString","coordinates":[[0.4599,42.77664],[0.45934,42.77589],[0.45903,42.77547],[0.45862,42.77493],[0.45798,42.77407],[0.45794,42.77402]]}},
{"type":"Feature","id":"way/217589076","properties":{"station_id":"peyragudes","osm_id":217589076,"feature":"lift","kind":"magic_carpet","name":"Barbioules Enfants","length_m":83},"geometry":{"type":"LineString","coordinates":[[0.47632,42.78708],[0.47545,42.7867]]}},
{"type":"Feature","id":"way/217589077","properties":{"station_id":"peyragudes","osm_id":217589077,"feature":"lift","kind":"magic_carpet","name":"Blanche-Neige","length_m":124},"geometry":{"type":"LineString","coordinates":[[0.44728,42.79057],[0.44825,42.78971]]}},
{"type":"Feature","id":"way/217589633","properties":{"station_id":"peyragudes","osm_id":217589633,"feature":"lift","kind":"chair_lift","name":"Cabanou","length_m":837},"geometry":{"type":"LineString","coordinates":[[0.44491,42.78644],[0.445,42.78627],[0.44526,42.78576],[0.44548,42.78534],[0.44594,42.78445],[0.44638,42.78359],[0.44682,42.78275],[0.44718,42.78205],[0.44734,42.78174],[0.44776,42.78093],[0.44792,42.78061],[0.448,42.78047],[0.44805,42.78037],[0.44844,42.77961],[0.44848,42.77953],[0.44855,42.7794]]}},
{"type":"Feature","id":"way/217589634","properties":{"station_id":"peyragudes","osm_id":217589634,"feature":"lift","kind":"chair_lift","name":"Carroussel","length_m":290},"geometry":{"type":"LineString","coordinates":[[0.44599,42.78973],[0.44596,42.78928],[0.44587,42.78802],[0.44584,42.7876],[0.44581,42.78713]]}},
{"type":"Feature","id":"way/721753384","properties":{"station_id":"peyragudes","osm_id":721753384,"feature":"lift","kind":"gondola","name":"Skyvall","length_m":3003},"geometry":{"type":"LineString","coordinates":[[0.41119,42.79934],[0.41196,42.79916],[0.4131,42.79887],[0.41408,42.79863],[0.41602,42.79815],[0.41757,42.79777],[0.41898,42.79741],[0.41908,42.79739],[0.42076,42.79697],[0.42295,42.79643],[0.42476,42.79598],[0.42691,42.79545],[0.42911,42.7949],[0.43057,42.79454],[0.4329,42.79396],[0.43455,42.79355],[0.43692,42.79296],[0.43866,42.79253],[0.4411,42.79192],[0.443,42.79146],[0.44538,42.79086],[0.44544,42.79085],[0.44605,42.79069]]}},
{"type":"Feature","id":"way/1036887175","properties":{"station_id":"peyragudes","osm_id":1036887175,"feature":"lift","kind":"magic_carpet","name":"ESF 1","length_m":29},"geometry":{"type":"LineString","coordinates":[[0.44438,42.79008],[0.44472,42.79015]]}},
{"type":"Feature","id":"way/1036887176","properties":{"station_id":"peyragudes","osm_id":1036887176,"feature":"lift","kind":"magic_carpet","name":"ESF 2","length_m":29},"geometry":{"type":"LineString","coordinates":[[0.44437,42.78991],[0.44472,42.78996]]}},
{"type":"Feature","id":"way/1036887189","properties":{"station_id":"peyragudes","osm_id":1036887189,"feature":"lift","kind":"drag_lift","name":"Snow Park","length_m":174},"geometry":{"type":"LineString","coordinates":[[0.45191,42.77706],[0.45218,42.77551]]}},
{"type":"Feature","id":"way/1036887196","properties":{"station_id":"peyragudes","osm_id":1036887196,"feature":"lift","kind":"magic_carpet","name":"Marmottes","length_m":20},"geometry":{"type":"LineString","coordinates":[[0.47758,42.78651],[0.47778,42.78662]]}},
{"type":"Feature","id":"way/1036887197","properties":{"station_id":"peyragudes","osm_id":1036887197,"feature":"lift","kind":"magic_carpet","name":"Piou Piou","length_m":24},"geometry":{"type":"LineString","coordinates":[[0.47735,42.78669],[0.4776,42.78681]]}},
{"type":"Feature","id":"way/1117093521","properties":{"station_id":"peyragudes","osm_id":1117093521,"feature":"lift","kind":"platter","name":"1000","length_m":380},"geometry":{"type":"LineString","coordinates":[[0.45928,42.76588],[0.45943,42.76568],[0.45979,42.76519],[0.46018,42.76465],[0.46057,42.76411],[0.46096,42.76358],[0.46124,42.76319],[0.46147,42.76287]]}},
{"type":"Feature","id":"way/1202420777","properties":{"station_id":"peyragudes","osm_id":1202420777,"feature":"lift","kind":"magic_carpet","name":"Aladin","length_m":76},"geometry":{"type":"LineString","coordinates":[[0.44727,42.78951],[0.44818,42.78938]]}},
{"type":"Feature","id":"way/95034202","properties":{"station_id":"peyragudes","osm_id":95034202,"feature":"piste","kind":"advanced","name":"Pène Nère","length_m":996},"geometry":{"type":"LineString","coordinates":[[0.45931,42.76605],[0.45937,42.76608],[0.45952,42.76617],[0.45973,42.76624],[0.45983,42.7663],[0.46023,42.76626],[0.46037,42.76637],[0.46057,42.76661],[0.46067,42.76675],[0.46082,42.76688],[0.46094,42.76693],[0.4611,42.76701],[0.46134,42.76708],[0.46151,42.76706],[0.46163,42.76703],[0.46174,42.76699],[0.46183,42.76695],[0.46192,42.76686],[0.4619,42.76675],[0.4619,42.76663],[0.46192,42.76658],[0.462,42.76653],[0.46216,42.76652],[0.46239,42.76654],[0.46265,42.76637],[0.46282,42.76634],[0.46296,42.7664],[0.46308,42.76652],[0.46324,42.76665],[0.46335,42.76678],[0.46351,42.7669],[0.46413,42.76717],[0.46438,42.76725],[0.46464,42.76745],[0.46494,42.76762],[0.46525,42.76781],[0.46556,42.768],[0.46577,42.76812],[0.46598,42.76821],[0.46636,42.76836],[0.4668,42.76854],[0.46701,42.76862],[0.4673,42.76878],[0.46759,42.76897],[0.46815,42.76942],[0.46836,42.7697],[0.46846,42.7698]]}},
{"type":"Feature","id":"way/95034203","properties":{"station_id":"peyragudes","osm_id":95034203,"feature":"piste","kind":"easy","name":"Cabane","length_m":874},"geometry":{"type":"LineString","coordinates":[[0.46542,42.77042],[0.46548,42.77014],[0.46541,42.76941],[0.46547,42.76938],[0.4656,42.76939],[0.46591,42.76954],[0.467,42.76975],[0.46846,42.7698],[0.46872,42.77135],[0.46891,42.77193],[0.4689,42.77231],[0.46869,42.77314],[0.46859,42.77384],[0.46859,42.77428]]}},
{"type":"Feature","id":"way/95034204","properties":{"station_id":"peyragudes","osm_id":95034204,"feature":"piste","kind":"easy","name":null,"length_m":13},"geometry":{"type":"LineString","coordinates":[[0.45934,42.78647],[0.45948,42.78642]]}},
{"type":"Feature","id":"way/95034205","properties":{"station_id":"peyragudes","osm_id":95034205,"feature":"piste","kind":"easy","name":"Gourgs Blancs","length_m":1578},"geometry":{"type":"LineString","coordinates":[[0.45477,42.77113],[0.45611,42.77158],[0.45686,42.77175],[0.45783,42.77188],[0.45869,42.77154],[0.45907,42.77134],[0.45977,42.77103],[0.4602,42.77099],[0.46087,42.77099],[0.46138,42.7709],[0.46328,42.77078],[0.46424,42.77062],[0.4649,42.77046],[0.46542,42.77042],[0.46567,42.77049],[0.46579,42.77058],[0.46688,42.77285],[0.46785,42.77384],[0.46829,42.77411],[0.46859,42.77428],[0.46954,42.77501],[0.46972,42.77509],[0.46985,42.77517]]}},
{"type":"Feature","id":"way/95034206","properties":{"station_id":"peyragudes","osm_id":95034206,"feature":"piste","kind":"intermediate","name":"Cap de Pales","length_m":588},"geometry":{"type":"LineString","coordinates":[[0.45607,42.7745],[0.45604,42.77456],[0.45597,42.77467],[0.45594,42.77607],[0.4562,42.77789],[0.45625,42.77803],[0.45654,42.77802],[0.45692,42.77806],[0.45741,42.77832],[0.45789,42.77851],[0.45826,42.77879]]}},
{"type":"Feature","id":"way/95034207","properties":{"station_id":"peyragudes","osm_id":95034207,"feature":"piste","kind":"intermediate","name":"Vallée Blanche","length_m":2861},"geometry":{"type":"LineString","coordinates":[[0.46846,42.7698],[0.47006,42.76935],[0.47129,42.76914],[0.47244,42.76905],[0.47393,42.76954],[0.47516,42.76996],[0.47646,42.77034],[0.4765,42.77111],[0.47683,42.77164],[0.47757,42.77255],[0.47775,42.77255],[0.47778,42.77245],[0.47776,42.77222],[0.47778,42.77212],[0.47785,42.77204],[0.47809,42.77195],[0.47949,42.7728],[0.47998,42.77302],[0.48056,42.77406],[0.48051,42.77625],[0.48062,42.77675],[0.48067,42.77697],[0.48083,42.77744],[0.4812,42.77825],[0.48139,42.77929],[0.4813,42.77995],[0.48123,42.78065],[0.48132,42.78123],[0.48141,42.78176],[0.48257,42.78373],[0.48271,42.7844],[0.48302,42.78486],[0.48324,42.78546],[0.48335,42.78575],[0.48333,42.78616],[0.48354,42.78627],[0.48386,42.78657],[0.48398,42.7867],[0.48406,42.78682]]}},
{"type":"Feature","id":"way/95034209","properties":{"station_id":"peyragudes","osm_id":95034209,"feature":"piste","kind":"intermediate","name":"Ardoisières","length_m":516},"geometry":{"type":"LineString","coordinates":[[0.45783,42.77188],[0.45859,42.7723],[0.45912,42.77259],[0.46113,42.77314],[0.46227,42.77355],[0.46283,42.77364],[0.46355,42.77358]]}},
{"type":"Feature","id":"way/95034211","properties":{"station_id":"peyragudes","osm_id":95034211,"feature":"piste","kind":"intermediate","name":"Marmottes","length_m":639},"geometry":{"type":"LineString","coordinates":[[0.45828,42.76663],[0.45837,42.76669],[0.45853,42.76678],[0.45857,42.76703],[0.45888,42.76745],[0.45961,42.76809],[0.4601,42.76871],[0.46035,42.7691],[0.46069,42.76937],[0.46121,42.76963],[0.46188,42.76983],[0.46279,42.77025],[0.46321,42.77063],[0.46328,42.77078]]}},
{"type":"Feature","id":"way/95034212","properties":{"station_id":"peyragudes","osm_id":95034212,"feature":"piste","kind":"intermediate","name":"Faucons Bas","length_m":966},"geometry":{"type":"LineString","coordinates":[[0.44951,42.77904],[0.4495,42.7791],[0.44942,42.77922],[0.44925,42.77941],[0.44902,42.77959],[0.44883,42.77971],[0.44858,42.77987],[0.44817,42.78012],[0.4476,42.78044],[0.4475,42.78065],[0.44753,42.78099],[0.44766,42.78129],[0.44778,42.78157],[0.44779,42.78194],[0.44773,42.78223],[0.44704,42.78372],[0.44656,42.78526],[0.44631,42.78575],[0.44595,42.78619],[0.44535,42.78667]]}},
{"type":"Feature","id":"way/95034215","properties":{"station_id":"peyragudes","osm_id":95034215,"feature":"piste","kind":"easy","name":"Traverse vive","length_m":468},"geometry":{"type":"LineString","coordinates":[[0.45456,42.784],[0.45451,42.78474],[0.45467,42.7857],[0.45434,42.78769],[0.4543,42.78819]]}},
{"type":"Feature","id":"way/95034216","properties":{"station_id":"peyragudes","osm_id":95034216,"feature":"piste","kind":"easy","name":"Belvédère","length_m":348},"geometry":{"type":"LineString","coordinates":[[0.45607,42.7745],[0.45606,42.77443],[0.45602,42.7744],[0.45581,42.77424],[0.45571,42.77414],[0.45563,42.77403],[0.45548,42.77322],[0.45517,42.77259],[0.45502,42.77226],[0.45481,42.77196],[0.45458,42.77163]]}},
{"type":"Feature","id":"way/95034217","properties":{"station_id":"peyragudes","osm_id":95034217,"feature":"piste","kind":"advanced","name":"Solène","length_m":587},"geometry":{"type":"LineString","coordinates":[[0.45997,42.78672],[0.45989,42.78692],[0.45973,42.78706],[0.45953,42.78717],[0.45937,42.78727],[0.45915,42.78736],[0.45869,42.78761],[0.45831,42.78773],[0.45803,42.78776],[0.45774,42.78773],[0.4574,42.78768],[0.45714,42.78765],[0.45674,42.78773],[0.45635,42.78776],[0.45609,42.78787],[0.4555,42.78807],[0.45435,42.7885],[0.45372,42.78877]]}},
{"type":"Feature","id":"way/95034218","properties":{"station_id":"peyragudes","osm_id":95034218,"feature":"piste","kind":"advanced","name":"Faucons","length_m":414},"geometry":{"type":"LineString","coordinates":[[0.45625,42.77803],[0.4533,42.77855],[0.45126,42.77856]]}},
{"type":"Feature","id":"way/95034219","properties":{"station_id":"peyragudes","osm_id":95034219,"feature":"piste","kind":"advanced","name":"Éperviers","length_m":1115},"geometry":{"type":"LineString","coordinates":[[0.45625,42.77803],[0.45599,42.77851],[0.45557,42.77884],[0.45541,42.77914],[0.45507,42.77945],[0.45472,42.77971],[0.45455,42.77995],[0.45402,42.78024],[0.45288,42.78048],[0.45221,42.78074],[0.45093,42.78197],[0.44825,42.78573]]}},
{"type":"Feature","id":"way/95034220","properties":{"station_id":"peyragudes","osm_id":95034220,"feature":"piste","kind":"easy","name":"Traversée des Isards","length_m":693},"geometry":{"type":"LineString","coordinates":[[0.45844,42.76637],[0.45833,42.76629],[0.45832,42.76629],[0.45829,42.76629],[0.45827,42.76632],[0.45826,42.76633],[0.45826,42.76651],[0.45828,42.76663],[0.45823,42.76678],[0.45797,42.76719],[0.45756,42.76786],[0.45724,42.76837],[0.45586,42.76971],[0.45525,42.7703],[0.45477,42.77113],[0.45458,42.77163]]}},
{"type":"Feature","id":"way/95034221","properties":{"station_id":"peyragudes","osm_id":95034221,"feature":"piste","kind":"intermediate","name":"Lumières","length_m":1242},"geometry":{"type":"LineString","coordinates":[[0.45502,42.77226],[0.4543,42.77262],[0.45364,42.77303],[0.45313,42.77343],[0.45265,42.77368],[0.45224,42.77392],[0.45177,42.77427],[0.45127,42.77474],[0.45101,42.77543],[0.45074,42.77598],[0.45045,42.77637],[0.45009,42.7768],[0.44971,42.77713],[0.4493,42.77732],[0.44881,42.77743],[0.44852,42.77742],[0.44809,42.77737],[0.44569,42.77768],[0.44511,42.77764],[0.44464,42.77764],[0.4434,42.77786]]}},
{"type":"Feature","id":"way/95034223","properties":{"station_id":"peyragudes","osm_id":95034223,"feature":"piste","kind":"easy","name":"Circuit des Palombes Haut","length_m":903},"geometry":{"type":"LineString","coordinates":[[0.45456,42.784],[0.4538,42.78389],[0.45311,42.78402],[0.45232,42.78467],[0.45211,42.78493],[0.45173,42.78528],[0.45121,42.78546],[0.45081,42.78554],[0.45,42.78552],[0.44825,42.78573],[0.44734,42.7859],[0.44636,42.78626],[0.44535,42.78667],[0.44494,42.78653],[0.44492,42.78653],[0.44491,42.78651],[0.4449,42.7865],[0.44489,42.78648],[0.4449,42.78647],[0.44491,42.78644]]}},
{"type":"Feature","id":"way/174619528","properties":{"station_id":"peyragudes","osm_id":174619528,"feature":"piste","kind":"novice","name":null,"length_m":41},"geometry":{"type":"LineString","coordinates":[[0.44271,42.7835],[0.4428,42.78354],[0.44319,42.78357]]}},
{"type":"Feature","id":"way/180360426","properties":{"station_id":"peyragudes","osm_id":180360426,"feature":"piste","kind":"easy","name":"Combe de la Flamme","length_m":776},"geometry":{"type":"LineString","coordinates":[[0.45841,42.77789],[0.45833,42.77873],[0.45826,42.77879],[0.45806,42.7803],[0.45809,42.78106],[0.45831,42.78198],[0.45879,42.78385],[0.45869,42.78439],[0.45856,42.78465],[0.45844,42.78474]]}},
{"type":"Feature","id":"way/203526331","properties":{"station_id":"peyragudes","osm_id":203526331,"feature":"piste","kind":"easy","name":"Sources","length_m":281},"geometry":{"type":"LineString","coordinates":[[0.45768,42.77415],[0.45769,42.774],[0.45764,42.77357],[0.45747,42.77311],[0.45723,42.77277],[0.45716,42.77257],[0.45724,42.77233],[0.45746,42.77211],[0.45783,42.77188]]}},
{"type":"Feature","id":"way/203579968","properties":{"station_id":"peyragudes","osm_id":203579968,"feature":"piste","kind":"intermediate","name":"Chevriers","length_m":604},"geometry":{"type":"LineString","coordinates":[[0.45976,42.78325],[0.46097,42.78333],[0.46157,42.78349],[0.46201,42.78362],[0.46264,42.78393],[0.46361,42.78435],[0.46419,42.78454],[0.46483,42.78464],[0.46547,42.78462],[0.4667,42.78444]]}},
{"type":"Feature","id":"way/203579969","properties":{"station_id":"peyragudes","osm_id":203579969,"feature":"piste","kind":"easy","name":"Perdrix","length_m":798},"geometry":{"type":"LineString","coordinates":[[0.45841,42.77789],[0.45887,42.77842],[0.45913,42.77874],[0.45916,42.77896],[0.45911,42.77975],[0.45926,42.78089],[0.4595,42.78222],[0.45955,42.78242],[0.45973,42.78312],[0.45976,42.78325],[0.45997,42.78366],[0.46015,42.78404],[0.46033,42.78437],[0.46064,42.78474]]}},
{"type":"Feature","id":"way/203579970","properties":{"station_id":"peyragudes","osm_id":203579970,"feature":"piste","kind":"easy","name":"Courbes de Serre Doumenges","length_m":262},"geometry":{"type":"LineString","coordinates":[[0.46572,42.77838],[0.46603,42.77839],[0.46629,42.77835],[0.46644,42.77821],[0.46654,42.77804],[0.46658,42.77785],[0.46647,42.77759],[0.46643,42.77739],[0.46654,42.77722],[0.46664,42.77706],[0.46681,42.77685],[0.46689,42.77656]]}},
{"type":"Feature","id":"way/203579971","properties":{"station_id":"peyragudes","osm_id":203579971,"feature":"piste","kind":"easy","name":"Courbes de Serre Doumenge","length_m":528},"geometry":{"type":"LineString","coordinates":[[0.46689,42.77656],[0.46675,42.77636],[0.46652,42.77611],[0.46632,42.77584],[0.46627,42.7756],[0.46628,42.77541],[0.46635,42.7752],[0.46648,42.77504],[0.46671,42.77494],[0.46691,42.7749],[0.46736,42.77487],[0.46772,42.77492],[0.46805,42.7749],[0.46851,42.77499],[0.46879,42.77505],[0.46985,42.77517],[0.47057,42.77524]]}},
{"type":"Feature","id":"way/203579972","properties":{"station_id":"peyragudes","osm_id":203579972,"feature":"piste","kind":"easy","name":null,"length_m":11},"geometry":{"type":"LineString","coordinates":[[0.4644,42.7782],[0.46428,42.77815]]}},
{"type":"Feature","id":"way/203579973","properties":{"station_id":"peyragudes","osm_id":203579973,"feature":"piste","kind":"easy","name":"Courbes de Serre Doumenges","length_m":625},"geometry":{"type":"LineString","coordinates":[[0.45942,42.77859],[0.45943,42.77846],[0.45944,42.77826],[0.45937,42.77798],[0.45925,42.77771],[0.45924,42.77758],[0.45921,42.77737],[0.45927,42.77719],[0.45937,42.77706],[0.45951,42.777],[0.45971,42.77696],[0.45984,42.77693],[0.45996,42.77686],[0.46015,42.77669],[0.4603,42.77653],[0.46053,42.7764],[0.46083,42.77631],[0.46112,42.77626],[0.4614,42.7763],[0.46207,42.77653],[0.46281,42.77679],[0.46295,42.77686],[0.46307,42.77697],[0.46308,42.77699],[0.46314,42.77709],[0.46312,42.77719],[0.46306,42.77736],[0.46308,42.77744],[0.46316,42.77767],[0.46315,42.7778]]}},
{"type":"Feature","id":"way/203579974","properties":{"station_id":"peyragudes","osm_id":203579974,"feature":"piste","kind":"easy","name":"Courbes de Serre Doumenges","length_m":100},"geometry":{"type":"LineString","coordinates":[[0.46315,42.7778],[0.46347,42.77791],[0.46401,42.77807],[0.46428,42.77815]]}},
{"type":"Feature","id":"way/203579975","properties":{"station_id":"peyragudes","osm_id":203579975,"feature":"piste","kind":"easy","name":"Courbes de Serre Doumenges","length_m":33},"geometry":{"type":"LineString","coordinates":[[0.45913,42.77874],[0.4593,42.77873],[0.45936,42.7787],[0.4594,42.77864],[0.45942,42.77859]]}},
{"type":"Feature","id":"way/203579976","properties":{"station_id":"peyragudes","osm_id":203579976,"feature":"piste","kind":"easy","name":"Courbes de Serre Doumenges","length_m":114},"geometry":{"type":"LineString","coordinates":[[0.4644,42.7782],[0.46451,42.77827],[0.46468,42.77835],[0.46491,42.77839],[0.46509,42.77839],[0.46572,42.77838]]}},
{"type":"Feature","id":"way/203579988","properties":{"station_id":"peyragudes","osm_id":203579988,"feature":"piste","kind":"easy","name":"Passe Bleue","length_m":636},"geometry":{"type":"LineString","coordinates":[[0.46656,42.78076],[0.46623,42.78095],[0.46604,42.78112],[0.46552,42.78169],[0.46539,42.78219],[0.46537,42.78245],[0.46542,42.78262],[0.46585,42.78309],[0.46612,42.78327],[0.46629,42.78341],[0.46644,42.78399],[0.46655,42.78433],[0.4667,42.78444],[0.46848,42.78505]]}},
{"type":"Feature","id":"way/203580019","properties":{"station_id":"peyragudes","osm_id":203580019,"feature":"piste","kind":"intermediate","name":"Traverse Rouge","length_m":526},"geometry":{"type":"LineString","coordinates":[[0.46604,42.78112],[0.4665,42.78153],[0.4669,42.78185],[0.46724,42.78225],[0.46755,42.78295],[0.46789,42.78345],[0.46848,42.78393],[0.46997,42.78473]]}},
{"type":"Feature","id":"way/203580020","properties":{"station_id":"peyragudes","osm_id":203580020,"feature":"piste","kind":"easy","name":"Val des Agudes","length_m":247},"geometry":{"type":"LineString","coordinates":[[0.45986,42.78649],[0.45989,42.78647],[0.45996,42.7864],[0.46003,42.78625],[0.46008,42.78602],[0.46009,42.78586],[0.46008,42.78574],[0.46,42.78564],[0.45982,42.7855],[0.4596,42.78534],[0.45938,42.78519],[0.45918,42.78506],[0.45899,42.78495],[0.45874,42.78481],[0.45864,42.78479]]}},
{"type":"Feature","id":"way/203600174","properties":{"station_id":"peyragudes","osm_id":203600174,"feature":"piste","kind":"easy","name":null,"length_m":26},"geometry":{"type":"LineString","coordinates":[[0.45794,42.77402],[0.45768,42.77415]]}},
{"type":"Feature","id":"way/203886829","properties":{"station_id":"peyragudes","osm_id":203886829,"feature":"piste","kind":"novice","name":"Barbioules Adultes","length_m":452},"geometry":{"type":"LineString","coordinates":[[0.47114,42.78633],[0.47126,42.78628],[0.47146,42.7863],[0.47254,42.78654],[0.47382,42.78697],[0.47485,42.7872],[0.47566,42.78733],[0.47618,42.78753],[0.47622,42.78758],[0.47622,42.78761],[0.47617,42.78761]]}},
{"type":"Feature","id":"way/217554415","properties":{"station_id":"peyragudes","osm_id":217554415,"feature":"piste","kind":"intermediate","name":"Isards","length_m":375},"geometry":{"type":"LineString","coordinates":[[0.45586,42.76971],[0.45624,42.76985],[0.45659,42.76994],[0.45721,42.76999],[0.45757,42.77012],[0.45782,42.77035],[0.45796,42.77059],[0.45813,42.77079],[0.45842,42.77091],[0.4589,42.771],[0.45977,42.77103]]}},
{"type":"Feature","id":"way/217554416","properties":{"station_id":"peyragudes","osm_id":217554416,"feature":"piste","kind":"intermediate","name":"Estives de Serre Doumenge","length_m":834},"geometry":{"type":"LineString","coordinates":[[0.45869,42.77154],[0.45994,42.77176],[0.4605,42.77189],[0.46088,42.77204],[0.46106,42.77229],[0.46162,42.77272],[0.46187,42.77289],[0.46233,42.77306],[0.46273,42.77315],[0.46331,42.77325],[0.46355,42.77358],[0.46393,42.77369],[0.46444,42.77375],[0.46537,42.77382],[0.46785,42.77384]]}},
{"type":"Feature","id":"way/217554417","properties":{"station_id":"peyragudes","osm_id":217554417,"feature":"piste","kind":"intermediate","name":"Petite Vallée","length_m":1066},"geometry":{"type":"LineString","coordinates":[[0.46985,42.77517],[0.47028,42.77465],[0.47065,42.77455],[0.47118,42.7745],[0.47175,42.77452],[0.47246,42.77464],[0.47419,42.77572],[0.47593,42.77669],[0.47692,42.77701],[0.47782,42.77714],[0.47824,42.77702],[0.47852,42.77671],[0.47881,42.77636],[0.47927,42.77626],[0.48004,42.77638],[0.48062,42.77675]]}},
{"type":"Feature","id":"way/217589592","properties":{"station_id":"peyragudes","osm_id":217589592,"feature":"piste","kind":"intermediate","name":"Val des Lumières","length_m":220},"geometry":{"type":"LineString","coordinates":[[0.43686,42.78971],[0.43711,42.78977],[0.4375,42.78993],[0.43775,42.79008],[0.43803,42.79026],[0.43813,42.79041],[0.43815,42.79059],[0.43817,42.79077],[0.43818,42.79084],[0.43818,42.79099],[0.43823,42.79104],[0.43829,42.79105],[0.43841,42.79105]]}},
{"type":"Feature","id":"way/217589606","properties":{"station_id":"peyragudes","osm_id":217589606,"feature":"piste","kind":"novice","name":"Grande Traverse","length_m":696},"geometry":{"type":"LineString","coordinates":[[0.43995,42.77963],[0.44001,42.77983],[0.44011,42.77992],[0.44063,42.77989],[0.44106,42.78032],[0.44152,42.78096],[0.44185,42.78127],[0.44192,42.78155],[0.44179,42.78172],[0.44167,42.78198],[0.44147,42.78268],[0.44145,42.78276],[0.44142,42.78287],[0.4415,42.78306],[0.4417,42.78325],[0.44195,42.78334],[0.44238,42.7833],[0.44261,42.78333],[0.44301,42.78351],[0.44319,42.78357],[0.44339,42.7836],[0.44373,42.78359],[0.4439,42.78362],[0.44399,42.78369]]}},
{"type":"Feature","id":"way/217589635","properties":{"station_id":"peyragudes","osm_id":217589635,"feature":"piste","kind":"easy","name":"Pla de l'Hourgade","length_m":664},"geometry":{"type":"LineString","coordinates":[[0.4543,42.78819],[0.45404,42.78851],[0.45372,42.78877],[0.45326,42.78897],[0.45035,42.78963],[0.44937,42.78995],[0.44838,42.79031],[0.44758,42.79062],[0.44738,42.79071],[0.44731,42.7908],[0.44731,42.79088]]}},
{"type":"Feature","id":"way/217589636","properties":{"station_id":"peyragudes","osm_id":217589636,"feature":"piste","kind":"intermediate","name":"Stade de Slalom","length_m":713},"geometry":{"type":"LineString","coordinates":[[0.45,42.78552],[0.44931,42.78634],[0.44913,42.78658],[0.44911,42.78715],[0.4491,42.78751],[0.44891,42.78791],[0.44823,42.78858],[0.44784,42.78895],[0.44714,42.78944],[0.44711,42.78953],[0.44717,42.78982],[0.44703,42.79044],[0.44731,42.79088],[0.44735,42.79094],[0.44742,42.79099],[0.44746,42.791],[0.4475,42.791],[0.44764,42.79097]]}},
{"type":"Feature","id":"way/217589638","properties":{"station_id":"peyragudes","osm_id":217589638,"feature":"piste","kind":"novice","name":"Blanche-Neige","length_m":151},"geometry":{"type":"LineString","coordinates":[[0.44825,42.78971],[0.44815,42.7897],[0.4477,42.7898],[0.44749,42.78991],[0.44748,42.79003],[0.44744,42.79013],[0.44729,42.79024],[0.44718,42.79033],[0.44728,42.79057]]}},
{"type":"Feature","id":"way/217589640","properties":{"station_id":"peyragudes","osm_id":217589640,"feature":"piste","kind":"intermediate","name":"Val des Lumières","length_m":1692},"geometry":{"type":"LineString","coordinates":[[0.44321,42.77813],[0.44278,42.77802],[0.44231,42.77796],[0.44184,42.77802],[0.44112,42.77817],[0.43937,42.77889],[0.43885,42.77926],[0.43863,42.7795],[0.43848,42.77972],[0.43849,42.78039],[0.4383,42.78076],[0.43817,42.78115],[0.43801,42.78198],[0.43773,42.78253],[0.43749,42.78281],[0.43587,42.78384],[0.43553,42.7842],[0.43556,42.78443],[0.43573,42.78536],[0.43573,42.78625],[0.43555,42.78796],[0.43557,42.78839],[0.43594,42.78879],[0.43619,42.78908],[0.43646,42.7895],[0.43686,42.78971]]}},
{"type":"Feature","id":"way/217589645","properties":{"station_id":"peyragudes","osm_id":217589645,"feature":"piste","kind":"intermediate","name":"Descente","length_m":1225},"geometry":{"type":"LineString","coordinates":[[0.45158,42.7727],[0.45119,42.77291],[0.45108,42.77304],[0.45105,42.77327],[0.45104,42.77346],[0.451,42.77361],[0.4509,42.77372],[0.45066,42.77383],[0.45051,42.77394],[0.45039,42.77414],[0.45032,42.77452],[0.45022,42.7748],[0.45007,42.77508],[0.44999,42.77536],[0.44985,42.77583],[0.44985,42.77625],[0.44973,42.77652],[0.44941,42.77673],[0.44903,42.7768],[0.44863,42.77677],[0.44812,42.77663],[0.4477,42.77667],[0.44732,42.77677],[0.44702,42.77677],[0.44646,42.77666],[0.44612,42.77673],[0.44558,42.77699],[0.44508,42.77723],[0.44406,42.77751],[0.44373,42.77762],[0.4434,42.77786],[0.44321,42.77813],[0.44307,42.77852],[0.44299,42.77877],[0.44258,42.7791],[0.44251,42.7792],[0.44251,42.77926],[0.44255,42.77928],[0.44258,42.7793]]}},
{"type":"Feature","id":"way/217589647","properties":{"station_id":"peyragudes","osm_id":217589647,"feature":"piste","kind":"novice","name":"Carroussel","length_m":444},"geometry":{"type":"LineString","coordinates":[[0.44581,42.78713],[0.4458,42.7871],[0.44579,42.78708],[0.44578,42.78707],[0.44574,42.78707],[0.44504,42.78729],[0.44487,42.78744],[0.44475,42.7877],[0.44474,42.78787],[0.44478,42.78803],[0.44489,42.78817],[0.44504,42.78825],[0.44536,42.78845],[0.44575,42.78867],[0.44606,42.78894],[0.44622,42.78916],[0.44631,42.78978],[0.44623,42.78984],[0.44612,42.78985],[0.44601,42.78981],[0.44599,42.78979],[0.44599,42.78973]]}},
{"type":"Feature","id":"way/217589648","properties":{"station_id":"peyragudes","osm_id":217589648,"feature":"piste","kind":"novice","name":"Grande Traverse","length_m":443},"geometry":{"type":"LineString","coordinates":[[0.44399,42.78369],[0.44409,42.78386],[0.4442,42.78405],[0.4443,42.78429],[0.44435,42.78449],[0.44431,42.78475],[0.44423,42.78495],[0.44427,42.78521],[0.44438,42.78538],[0.44458,42.78552],[0.44479,42.78571],[0.44472,42.78604],[0.4447,42.78625],[0.44473,42.78647],[0.44482,42.78659],[0.44495,42.787],[0.4449,42.78728],[0.44487,42.78744]]}},
{"type":"Feature","id":"way/217589649","properties":{"station_id":"peyragudes","osm_id":217589649,"feature":"piste","kind":"easy","name":"Aigles","length_m":1236},"geometry":{"type":"LineString","coordinates":[[0.45458,42.77163],[0.45286,42.77201],[0.4519,42.77235],[0.45167,42.77254],[0.45158,42.7727],[0.45163,42.77291],[0.45192,42.7732],[0.45233,42.7734],[0.45257,42.77355],[0.45265,42.77368],[0.45274,42.77425],[0.45259,42.77568],[0.45239,42.77676],[0.4521,42.77743],[0.45178,42.77809],[0.45126,42.77856],[0.45032,42.77893],[0.44951,42.77904],[0.44895,42.77911],[0.44845,42.77913]]}},
{"type":"Feature","id":"way/217589650","properties":{"station_id":"peyragudes","osm_id":217589650,"feature":"piste","kind":"easy","name":"Crêtes du Boum","length_m":826},"geometry":{"type":"LineString","coordinates":[[0.45458,42.77163],[0.45473,42.77161],[0.4549,42.77164],[0.4551,42.77178],[0.45566,42.77245],[0.45594,42.77267],[0.45699,42.77348],[0.45752,42.77399],[0.45768,42.77415],[0.45754,42.77466],[0.45739,42.77506],[0.45731,42.77529],[0.45729,42.77545],[0.45736,42.77583],[0.45759,42.7763],[0.45767,42.77664],[0.45777,42.77688],[0.45792,42.77713],[0.45826,42.77747],[0.45831,42.77765],[0.45841,42.77789]]}},
{"type":"Feature","id":"way/217589658","properties":{"station_id":"peyragudes","osm_id":217589658,"feature":"piste","kind":"intermediate","name":"Traverse des Estives","length_m":275},"geometry":{"type":"LineString","coordinates":[[0.46328,42.77078],[0.46332,42.77211],[0.46328,42.77278],[0.46331,42.77325]]}},
{"type":"Feature","id":"way/217589659","properties":{"station_id":"peyragudes","osm_id":217589659,"feature":"piste","kind":"intermediate","name":"Soulit","length_m":268},"geometry":{"type":"LineString","coordinates":[[0.45994,42.78658],[0.4605,42.78621],[0.46137,42.7859],[0.46271,42.78531]]}},
{"type":"Feature","id":"way/217589662","properties":{"station_id":"peyragudes","osm_id":217589662,"feature":"piste","kind":"easy","name":null,"length_m":168},"geometry":{"type":"LineString","coordinates":[[0.44504,42.78825],[0.44513,42.78852],[0.4453,42.78922],[0.44533,42.78944],[0.4452,42.78966],[0.44518,42.78972]]}},
{"type":"Feature","id":"way/217589664","properties":{"station_id":"peyragudes","osm_id":217589664,"feature":"piste","kind":"easy","name":"Dos du Géant","length_m":589},"geometry":{"type":"LineString","coordinates":[[0.45467,42.7857],[0.45304,42.7862],[0.45248,42.78664],[0.45214,42.78742],[0.45172,42.7881],[0.45093,42.78896],[0.45035,42.78963]]}},
{"type":"Feature","id":"way/217589665","properties":{"station_id":"peyragudes","osm_id":217589665,"feature":"piste","kind":"easy","name":"Aiglons","length_m":546},"geometry":{"type":"LineString","coordinates":[[0.44845,42.77913],[0.4483,42.77904],[0.44798,42.7788],[0.44754,42.77851],[0.44721,42.77828],[0.44669,42.77828],[0.44569,42.77863],[0.44506,42.77867],[0.44442,42.77873],[0.4441,42.77878],[0.44381,42.77892],[0.44358,42.77906],[0.44322,42.77931],[0.4431,42.77931],[0.44293,42.7793],[0.44271,42.77937],[0.44265,42.77938],[0.44262,42.77938]]}},
{"type":"Feature","id":"way/217589666","properties":{"station_id":"peyragudes","osm_id":217589666,"feature":"piste","kind":"novice","name":"Barbioules Enfants","length_m":102},"geometry":{"type":"LineString","coordinates":[[0.47545,42.7867],[0.47539,42.78678],[0.4754,42.78683],[0.47548,42.7869],[0.47591,42.78705],[0.47617,42.78713],[0.47624,42.78713],[0.47628,42.78712],[0.47632,42.78708]]}},
{"type":"Feature","id":"way/217589667","properties":{"station_id":"peyragudes","osm_id":217589667,"feature":"piste","kind":"novice","name":"Grande Traverse","length_m":319},"geometry":{"type":"LineString","coordinates":[[0.44297,42.77963],[0.44241,42.77959],[0.44203,42.77947],[0.44182,42.77929],[0.44131,42.77885],[0.44122,42.77884],[0.44107,42.77889],[0.44086,42.77908],[0.44067,42.7792],[0.44048,42.77928],[0.44037,42.77929],[0.44018,42.77935],[0.43995,42.77963]]}},
{"type":"Feature","id":"way/314856844","properties":{"station_id":"peyragudes","osm_id":314856844,"feature":"piste","kind":"easy","name":"Combe de Magnéras","length_m":954},"geometry":{"type":"LineString","coordinates":[[0.44322,42.77931],[0.44309,42.77947],[0.44304,42.77952],[0.44297,42.77963],[0.44273,42.78034],[0.44271,42.78058],[0.44298,42.78113],[0.44335,42.7818],[0.44402,42.78269],[0.44467,42.78335],[0.445,42.78381],[0.44528,42.78444],[0.44533,42.78469],[0.44542,42.78512],[0.4455,42.78558],[0.4455,42.78613],[0.44535,42.78667],[0.44525,42.78696],[0.44504,42.78729]]}},
{"type":"Feature","id":"way/314856845","properties":{"station_id":"peyragudes","osm_id":314856845,"feature":"piste","kind":"easy","name":null,"length_m":32},"geometry":{"type":"LineString","coordinates":[[0.44855,42.7794],[0.44857,42.77937],[0.44845,42.77913]]}},
{"type":"Feature","id":"way/314856846","properties":{"station_id":"peyragudes","osm_id":314856846,"feature":"piste","kind":"easy","name":"Belvédère","length_m":23},"geometry":{"type":"LineString","coordinates":[[0.45618,42.77466],[0.45606,42.77459],[0.45604,42.77456],[0.45607,42.7745]]}},
{"type":"Feature","id":"way/314856847","properties":{"station_id":"peyragudes","osm_id":314856847,"feature":"piste","kind":"intermediate","name":"Val des Lumières","length_m":9},"geometry":{"type":"LineString","coordinates":[[0.43841,42.79105],[0.4385,42.7911]]}},
{"type":"Feature","id":"way/314856848","properties":{"station_id":"peyragudes","osm_id":314856848,"feature":"piste","kind":"easy","name":"Belvédère","length_m":13},"geometry":{"type":"LineString","coordinates":[[0.45591,42.7745],[0.45607,42.7745]]}},
{"type":"Feature","id":"way/314856849","properties":{"station_id":"peyragudes","osm_id":314856849,"feature":"piste","kind":"easy","name":"Aiglons","length_m":162},"geometry":{"type":"LineString","coordinates":[[0.44506,42.77867],[0.44321,42.77813]]}},
{"type":"Feature","id":"way/314856850","properties":{"station_id":"peyragudes","osm_id":314856850,"feature":"piste","kind":"novice","name":null,"length_m":18},"geometry":{"type":"LineString","coordinates":[[0.4425,42.78347],[0.44271,42.7835]]}},
{"type":"Feature","id":"way/314856851","properties":{"station_id":"peyragudes","osm_id":314856851,"feature":"piste","kind":"novice","name":null,"length_m":19},"geometry":{"type":"LineString","coordinates":[[0.44473,42.78647],[0.44477,42.78649],[0.44482,42.7865],[0.44484,42.7865],[0.44486,42.78649],[0.44488,42.78648],[0.4449,42.78647],[0.44491,42.78644]]}},
{"type":"Feature","id":"way/314856852","properties":{"station_id":"peyragudes","osm_id":314856852,"feature":"piste","kind":"novice","name":"Front de Neige","length_m":363},"geometry":{"type":"LineString","coordinates":[[0.47606,42.78764],[0.47618,42.78753],[0.47637,42.78734],[0.47668,42.78718],[0.47687,42.78707],[0.47713,42.78698],[0.4772,42.78696],[0.47731,42.78695],[0.47756,42.78699],[0.4776,42.78703],[0.47755,42.78708],[0.47752,42.78706],[0.47746,42.78713],[0.47748,42.78715],[0.47742,42.78721],[0.4775,42.78726],[0.47753,42.78731],[0.47726,42.78751],[0.47716,42.78757],[0.47687,42.78745],[0.47677,42.78753],[0.47645,42.78742],[0.47641,42.78753],[0.47636,42.78762],[0.47632,42.78765],[0.47626,42.78767],[0.47606,42.78764]]}},
{"type":"Feature","id":"way/314856854","properties":{"station_id":"peyragudes","osm_id":314856854,"feature":"piste","kind":"easy","name":null,"length_m":23},"geometry":{"type":"LineString","coordinates":[[0.45465,42.77212],[0.45478,42.77203],[0.45481,42.77196]]}},
{"type":"Feature","id":"way/314856855","properties":{"station_id":"peyragudes","osm_id":314856855,"feature":"piste","kind":"easy","name":"Belvédère","length_m":29},"geometry":{"type":"LineString","coordinates":[[0.45865,42.77868],[0.45858,42.77865],[0.45847,42.77867],[0.45833,42.77873]]}},
{"type":"Feature","id":"way/314856856","properties":{"station_id":"peyragudes","osm_id":314856856,"feature":"piste","kind":"easy","name":"Belvédère","length_m":44},"geometry":{"type":"LineString","coordinates":[[0.45865,42.77868],[0.45875,42.77863],[0.4589,42.77865],[0.45913,42.77874]]}},
{"type":"Feature","id":"way/314856857","properties":{"station_id":"peyragudes","osm_id":314856857,"feature":"piste","kind":"easy","name":"Courbes de Serre Doumenge","length_m":32},"geometry":{"type":"LineString","coordinates":[[0.47057,42.77524],[0.47066,42.77521],[0.47045,42.77506]]}},
{"type":"Feature","id":"way/314856860","properties":{"station_id":"peyragudes","osm_id":314856860,"feature":"piste","kind":"easy","name":null,"length_m":65},"geometry":{"type":"LineString","coordinates":[[0.45937,42.77706],[0.45961,42.77679],[0.45971,42.77672],[0.4599,42.77664]]}},
{"type":"Feature","id":"way/314856862","properties":{"station_id":"peyragudes","osm_id":314856862,"feature":"piste","kind":"easy","name":null,"length_m":64},"geometry":{"type":"LineString","coordinates":[[0.46027,42.78235],[0.46001,42.78228],[0.45984,42.78229],[0.45968,42.78236],[0.45955,42.78242]]}},
{"type":"Feature","id":"way/314856863","properties":{"station_id":"peyragudes","osm_id":314856863,"feature":"piste","kind":"easy","name":"Val des Agudes","length_m":30},"geometry":{"type":"LineString","coordinates":[[0.47672,42.78686],[0.47689,42.7868],[0.47696,42.78676],[0.47696,42.78669]]}},
{"type":"Feature","id":"way/314856866","properties":{"station_id":"peyragudes","osm_id":314856866,"feature":"piste","kind":"intermediate","name":"Prat","length_m":333},"geometry":{"type":"LineString","coordinates":[[0.45768,42.77415],[0.45824,42.77497],[0.45845,42.77537],[0.45868,42.77565],[0.45902,42.77599],[0.45942,42.77652],[0.45963,42.77667],[0.45971,42.77672]]}},
{"type":"Feature","id":"way/314856868","properties":{"station_id":"peyragudes","osm_id":314856868,"feature":"piste","kind":"novice","name":"Carroussel","length_m":139},"geometry":{"type":"LineString","coordinates":[[0.44631,42.78978],[0.44616,42.78971],[0.44588,42.78966],[0.44546,42.78964],[0.44518,42.78972],[0.44501,42.78975],[0.44491,42.78975],[0.44485,42.78975],[0.44483,42.78973],[0.44483,42.78972],[0.44484,42.7897],[0.44489,42.78963]]}},
{"type":"Feature","id":"way/328128419","properties":{"station_id":"peyragudes","osm_id":328128419,"feature":"piste","kind":"easy","name":"Col de la Flamme","length_m":332},"geometry":{"type":"LineString","coordinates":[[0.45844,42.78474],[0.45832,42.78475],[0.45802,42.78477],[0.45787,42.78475],[0.45662,42.7846],[0.45583,42.78437],[0.45503,42.78408],[0.45456,42.784]]}},
{"type":"Feature","id":"way/328128420","properties":{"station_id":"peyragudes","osm_id":328128420,"feature":"piste","kind":"intermediate","name":"Rhododendrons","length_m":325},"geometry":{"type":"LineString","coordinates":[[0.45045,42.77637],[0.45036,42.77671],[0.4503,42.77719],[0.45032,42.77739],[0.45037,42.77761],[0.45039,42.77783],[0.45035,42.77811],[0.45029,42.77823],[0.45017,42.77838],[0.4501,42.77852],[0.45004,42.77863],[0.44993,42.77871],[0.44969,42.7788],[0.44955,42.7789],[0.44951,42.77904]]}},
{"type":"Feature","id":"way/328128421","properties":{"station_id":"peyragudes","osm_id":328128421,"feature":"piste","kind":"intermediate","name":null,"length_m":168},"geometry":{"type":"LineString","coordinates":[[0.45127,42.77474],[0.45073,42.77506],[0.45025,42.77548],[0.44985,42.77583]]}},
{"type":"Feature","id":"way/328128422","properties":{"station_id":"peyragudes","osm_id":328128422,"feature":"piste","kind":"intermediate","name":null,"length_m":52},"geometry":{"type":"LineString","coordinates":[[0.44855,42.7794],[0.44857,42.77937],[0.44858,42.77936],[0.44861,42.77937],[0.44863,42.77937],[0.44865,42.77938],[0.44866,42.7794],[0.44872,42.77946],[0.44882,42.77956],[0.44883,42.77971]]}},
{"type":"Feature","id":"way/328128423","properties":{"station_id":"peyragudes","osm_id":328128423,"feature":"piste","kind":"intermediate","name":null,"length_m":379},"geometry":{"type":"LineString","coordinates":[[0.44779,42.78194],[0.44745,42.78216],[0.44712,42.78229],[0.44679,42.78245],[0.44651,42.78264],[0.44619,42.78302],[0.4456,42.78406],[0.44533,42.78469]]}},
{"type":"Feature","id":"way/562736743","properties":{"station_id":"peyragudes","osm_id":562736743,"feature":"piste","kind":"easy","name":"Val des Agudes","length_m":1629},"geometry":{"type":"LineString","coordinates":[[0.45913,42.7846],[0.45923,42.78456],[0.45948,42.78451],[0.4598,42.78452],[0.45999,42.78458],[0.46064,42.78474],[0.46173,42.78505],[0.46271,42.78531],[0.46348,42.78542],[0.46445,42.78545],[0.46547,42.78543],[0.46656,42.78531],[0.46848,42.78505],[0.46902,42.78494],[0.46997,42.78473],[0.47062,42.78467],[0.47141,42.78478],[0.47206,42.78498],[0.4727,42.78523],[0.47367,42.78574],[0.47504,42.78612],[0.47672,42.78686],[0.47713,42.78698],[0.47721,42.78701],[0.47729,42.78709],[0.47731,42.78728],[0.47728,42.78739],[0.47724,42.78741],[0.47713,42.78734]]}},
{"type":"Feature","id":"way/1117093522","properties":{"station_id":"peyragudes","osm_id":1117093522,"feature":"piste","kind":"advanced","name":"Cap des Hittes","length_m":904},"geometry":{"type":"LineString","coordinates":[[0.46147,42.76287],[0.4614,42.76287],[0.46136,42.76292],[0.46126,42.76299],[0.46117,42.76311],[0.46111,42.76326],[0.46099,42.76343],[0.4607,42.76364],[0.4605,42.76381],[0.46019,42.764],[0.45989,42.76422],[0.45955,42.76441],[0.45932,42.76459],[0.45925,42.76474],[0.45929,42.7648],[0.45946,42.76482],[0.45947,42.76493],[0.45937,42.76508],[0.45927,42.76522],[0.45918,42.76535],[0.45911,42.7655],[0.45908,42.76564],[0.45908,42.76574],[0.45909,42.76585],[0.45909,42.76592],[0.45914,42.766],[0.45922,42.76603],[0.45931,42.76605],[0.45937,42.76608],[0.45952,42.76617],[0.45956,42.76631],[0.4596,42.76643],[0.4596,42.76663],[0.4597,42.76696],[0.45986,42.76712],[0.46007,42.76726],[0.46041,42.7676],[0.461,42.76793],[0.46132,42.76804],[0.46141,42.76814],[0.46137,42.76821],[0.4611,42.76835],[0.46087,42.76855],[0.46048,42.76888],[0.46035,42.7691]]}},
{"type":"Feature","id":"way/1117093523","properties":{"station_id":"peyragudes","osm_id":1117093523,"feature":"piste","kind":"advanced","name":"Val de Montségu 1","length_m":1469},"geometry":{"type":"LineString","coordinates":[[0.46147,42.76287],[0.46183,42.76269],[0.46211,42.76256],[0.46222,42.76245],[0.46218,42.76179],[0.46215,42.76122],[0.46238,42.76063],[0.46249,42.76044],[0.46268,42.76027],[0.46287,42.76016],[0.46308,42.76011],[0.46333,42.76017],[0.46338,42.76021],[0.4635,42.76021],[0.46375,42.76022],[0.46385,42.76025],[0.46379,42.76033],[0.46373,42.76045],[0.4635,42.76075],[0.4635,42.76093],[0.46374,42.76112],[0.4639,42.76124],[0.46421,42.76143],[0.46438,42.76154],[0.46455,42.76164],[0.4648,42.76171],[0.46502,42.76167],[0.46521,42.76166],[0.46537,42.76171],[0.46553,42.76187],[0.46559,42.76207],[0.46548,42.76238],[0.46554,42.76257],[0.46575,42.76281],[0.46572,42.76292],[0.46549,42.76304],[0.46534,42.76315],[0.46526,42.76332],[0.46552,42.7634],[0.46569,42.76371],[0.46573,42.76397],[0.46575,42.76414],[0.4658,42.76432],[0.46587,42.76461],[0.46558,42.76481],[0.46548,42.76489],[0.46539,42.76508],[0.46534,42.76537],[0.46536,42.76559],[0.4654,42.76575],[0.46551,42.76613],[0.46547,42.76639],[0.46562,42.76697],[0.46567,42.76732],[0.46559,42.7676],[0.46551,42.76777],[0.46556,42.768]]}},
{"type":"Feature","id":"way/1117093524","properties":{"station_id":"peyragudes","osm_id":1117093524,"feature":"piste","kind":"advanced","name":"Val de Montségu 2","length_m":873},"geometry":{"type":"LineString","coordinates":[[0.46553,42.76187],[0.46577,42.76204],[0.46585,42.76206],[0.466,42.76214],[0.46616,42.76215],[0.46642,42.76218],[0.46666,42.76219],[0.46679,42.76228],[0.46687,42.76232],[0.46727,42.76238],[0.46729,42.76253],[0.46715,42.76263],[0.46702,42.76279],[0.46693,42.76299],[0.4669,42.76315],[0.46689,42.7633],[0.46687,42.7634],[0.46677,42.76356],[0.46681,42.76373],[0.46667,42.76385],[0.4666,42.76395],[0.46647,42.76447],[0.4664,42.76489],[0.46622,42.76496],[0.46604,42.76508],[0.46593,42.76524],[0.46597,42.7654],[0.46597,42.76555],[0.46604,42.76562],[0.46614,42.76572],[0.46618,42.76586],[0.46607,42.76605],[0.46609,42.76616],[0.46609,42.7662],[0.46611,42.7663],[0.46625,42.76673],[0.46631,42.76691],[0.46626,42.76713],[0.4662,42.76743],[0.46631,42.76763],[0.46623,42.76789],[0.46636,42.76836]]}},
{"type":"Feature","id":"way/1341947831","properties":{"station_id":"peyragudes","osm_id":1341947831,"feature":"piste","kind":"easy","name":null,"length_m":78},"geometry":{"type":"LineString","coordinates":[[0.44299,42.77877],[0.4431,42.77931],[0.44309,42.77947]]}},
{"type":"Feature","id":"way/1341947832","properties":{"station_id":"peyragudes","osm_id":1341947832,"feature":"piste","kind":"novice","name":null,"length_m":60},"geometry":{"type":"LineString","coordinates":[[0.44297,42.77963],[0.44262,42.77938],[0.4426,42.77938],[0.44258,42.77937],[0.44257,42.77935],[0.44256,42.77933],[0.44257,42.77931],[0.44258,42.7793],[0.44266,42.77925]]}},
{"type":"Feature","id":"way/1341947833","properties":{"station_id":"peyragudes","osm_id":1341947833,"feature":"piste","kind":"novice","name":"Grande Traverse Haut","length_m":476},"geometry":{"type":"LineString","coordinates":[[0.44845,42.77913],[0.44795,42.77918],[0.44717,42.77913],[0.44647,42.77913],[0.44593,42.77907],[0.44551,42.77909],[0.44525,42.77919],[0.44487,42.77948],[0.4443,42.77974],[0.44387,42.7798],[0.44345,42.77974],[0.44297,42.77963]]}},
{"type":"Feature","id":"way/1341947834","properties":{"station_id":"peyragudes","osm_id":1341947834,"feature":"piste","kind":"advanced","name":"Pène Nère","length_m":124},"geometry":{"type":"LineString","coordinates":[[0.45853,42.76678],[0.45876,42.76682],[0.45892,42.76679],[0.45908,42.76612],[0.45922,42.76603]]}},
{"type":"Feature","id":"way/1556731816","properties":{"station_id":"peyragudes","osm_id":1556731816,"feature":"piste","kind":"easy","name":"Combe de la Flamme","length_m":50},"geometry":{"type":"LineString","coordinates":[[0.45913,42.7846],[0.45916,42.78481],[0.45918,42.78486],[0.4592,42.78488],[0.45924,42.78491],[0.4593,42.78491],[0.45932,42.78488],[0.45932,42.78484]]}},
{"type":"Feature","id":"way/1556731817","properties":{"station_id":"peyragudes","osm_id":1556731817,"feature":"piste","kind":"easy","name":null,"length_m":43},"geometry":{"type":"LineString","coordinates":[[0.45913,42.7846],[0.45905,42.78467],[0.45899,42.78476],[0.45898,42.78481],[0.45897,42.78489],[0.45899,42.78495]]}},
{"type":"Feature","id":"way/1556731819","properties":{"station_id":"peyragudes","osm_id":1556731819,"feature":"piste","kind":"easy","name":null,"length_m":96},"geometry":{"type":"LineString","coordinates":[[0.45879,42.78385],[0.45889,42.78409],[0.45908,42.7843],[0.45948,42.78451]]}},
{"type":"Feature","id":"way/1556742322","properties":{"station_id":"peyragudes","osm_id":1556742322,"feature":"piste","kind":"easy","name":"Val des Agudes","length_m":17},"geometry":{"type":"LineString","coordinates":[[0.45864,42.78479],[0.45858,42.78478],[0.45844,42.78474]]}},
{"type":"Feature","id":"way/1556742324","properties":{"station_id":"peyragudes","osm_id":1556742324,"feature":"piste","kind":"easy","name":"Val des Agudes","length_m":34},"geometry":{"type":"LineString","coordinates":[[0.45948,42.78642],[0.45953,42.78643],[0.45968,42.7865],[0.45972,42.78651],[0.45978,42.78651],[0.45986,42.78649]]}},
{"type":"Feature","id":"way/49596112","properties":{"station_id":"piau-engaly","osm_id":49596112,"feature":"lift","kind":"chair_lift","name":"Pic de Piau","length_m":1931},"geometry":{"type":"LineString","coordinates":[[0.1597,42.78225],[0.15957,42.78211],[0.15914,42.78167],[0.1583,42.78083],[0.1572,42.77971],[0.15652,42.77902],[0.15579,42.77829],[0.15505,42.77754],[0.15462,42.77711],[0.15395,42.77643],[0.15308,42.77555],[0.15201,42.77447],[0.15095,42.77339],[0.1497,42.77213],[0.14918,42.7716],[0.14871,42.77113],[0.14717,42.76957],[0.14602,42.7684],[0.14597,42.76835],[0.14592,42.76831],[0.14581,42.76819]]}},
{"type":"Feature","id":"way/49596113","properties":{"station_id":"piau-engaly","osm_id":49596113,"feature":"lift","kind":"platter","name":"Lac","length_m":642},"geometry":{"type":"LineString","coordinates":[[0.15828,42.78255],[0.15664,42.78013],[0.15428,42.77759]]}},
{"type":"Feature","id":"way/49596115","properties":{"station_id":"piau-engaly","osm_id":49596115,"feature":"lift","kind":"chair_lift","name":"Mouscades","length_m":654},"geometry":{"type":"LineString","coordinates":[[0.15053,42.78612],[0.15076,42.78584],[0.15125,42.78524],[0.15172,42.78467],[0.15211,42.78419],[0.15285,42.78327],[0.15304,42.78304],[0.15316,42.7829],[0.15333,42.78269],[0.15359,42.78237],[0.15413,42.78172],[0.15416,42.78167],[0.15442,42.78135],[0.15446,42.7813],[0.15457,42.78118],[0.15465,42.78108]]}},
{"type":"Feature","id":"way/49596116","properties":{"station_id":"piau-engaly","osm_id":49596116,"feature":"lift","kind":"chair_lift","name":"Campbielh","length_m":921},"geometry":{"type":"LineString","coordinates":[[0.1579,42.78276],[0.15778,42.78269],[0.15737,42.78247],[0.15695,42.78224],[0.15567,42.78153],[0.15485,42.78109],[0.15348,42.78033],[0.15192,42.77948],[0.15074,42.77883],[0.14954,42.77818],[0.1493,42.77805],[0.14905,42.77791],[0.14886,42.7778]]}},
{"type":"Feature","id":"way/49835473","properties":{"station_id":"piau-engaly","osm_id":49835473,"feature":"lift","kind":"chair_lift","name":"Engaly","length_m":1104},"geometry":{"type":"LineString","coordinates":[[0.16688,42.78273],[0.16679,42.78258],[0.16648,42.78209],[0.16583,42.78104],[0.16549,42.7805],[0.16538,42.78032],[0.16483,42.77943],[0.16417,42.77836],[0.16348,42.77727],[0.16267,42.77595],[0.16204,42.77494],[0.1614,42.77391],[0.16137,42.77387],[0.16127,42.7737]]}},
{"type":"Feature","id":"way/205036111","properties":{"station_id":"piau-engaly","osm_id":205036111,"feature":"lift","kind":"chair_lift","name":"Hourc","length_m":941},"geometry":{"type":"LineString","coordinates":[[0.18521,42.78319],[0.18497,42.78311],[0.18449,42.78293],[0.18351,42.78257],[0.18237,42.78215],[0.18147,42.78182],[0.18116,42.78171],[0.1794,42.78106],[0.17871,42.78081],[0.17757,42.78039],[0.17628,42.77992],[0.1749,42.77941]]}},
{"type":"Feature","id":"way/264390228","properties":{"station_id":"piau-engaly","osm_id":264390228,"feature":"lift","kind":"platter","name":"Marmottes 1","length_m":184},"geometry":{"type":"LineString","coordinates":[[0.15599,42.78307],[0.15415,42.78403]]}},
{"type":"Feature","id":"way/264390312","properties":{"station_id":"piau-engaly","osm_id":264390312,"feature":"lift","kind":"rope_tow","name":"Mouscades","length_m":148},"geometry":{"type":"LineString","coordinates":[[0.15301,42.78653],[0.15119,42.78651]]}},
{"type":"Feature","id":"way/1037384572","properties":{"station_id":"piau-engaly","osm_id":1037384572,"feature":"lift","kind":"platter","name":"Marmottes 2","length_m":184},"geometry":{"type":"LineString","coordinates":[[0.15602,42.78311],[0.15419,42.78407]]}},
{"type":"Feature","id":"way/51201428","properties":{"station_id":"piau-engaly","osm_id":51201428,"feature":"piste","kind":"intermediate","name":"Parc","length_m":361},"geometry":{"type":"LineString","coordinates":[[0.14571,42.76809],[0.14568,42.76807],[0.14565,42.76808],[0.14563,42.76808],[0.1456,42.76811],[0.14558,42.76813],[0.14558,42.76815],[0.14559,42.76816],[0.1456,42.76819],[0.14561,42.76821],[0.1456,42.76823],[0.14559,42.76825],[0.14533,42.76852],[0.14355,42.77036],[0.14314,42.77062]]}},
{"type":"Feature","id":"way/51201429","properties":{"station_id":"piau-engaly","osm_id":51201429,"feature":"piste","kind":"intermediate","name":null,"length_m":400},"geometry":{"type":"LineString","coordinates":[[0.14417,42.77279],[0.14425,42.77318],[0.14431,42.77328],[0.14441,42.77337],[0.14473,42.77347],[0.14512,42.77358],[0.1454,42.77371],[0.14556,42.77387],[0.14592,42.77431],[0.14605,42.77459],[0.14621,42.77502],[0.14635,42.77517],[0.14646,42.77521],[0.14706,42.77526]]}},
{"type":"Feature","id":"way/51201430","properties":{"station_id":"piau-engaly","osm_id":51201430,"feature":"piste","kind":"intermediate","name":"Lucifer","length_m":731},"geometry":{"type":"LineString","coordinates":[[0.14837,42.76798],[0.14821,42.76805],[0.14816,42.76809],[0.14804,42.76819],[0.1475,42.76887],[0.14711,42.76917],[0.14679,42.76952],[0.14678,42.76996],[0.1468,42.77054],[0.14693,42.77112],[0.14692,42.77126],[0.14672,42.77163],[0.14675,42.77182],[0.14679,42.77217],[0.1466,42.77261],[0.14596,42.77337],[0.14589,42.77348],[0.1458,42.77358],[0.14568,42.77373],[0.14556,42.77387]]}},
{"type":"Feature","id":"way/51201434","properties":{"station_id":"piau-engaly","osm_id":51201434,"feature":"piste","kind":"easy","name":"Badet","length_m":635},"geometry":{"type":"LineString","coordinates":[[0.14706,42.77526],[0.14674,42.77555],[0.14631,42.77622],[0.14548,42.77691],[0.14531,42.77719],[0.14489,42.7778],[0.14468,42.77796],[0.14448,42.77804],[0.14413,42.77826],[0.14387,42.77844],[0.14364,42.77865],[0.14328,42.77913],[0.14292,42.77997]]}},
{"type":"Feature","id":"way/51201435","properties":{"station_id":"piau-engaly","osm_id":51201435,"feature":"piste","kind":"intermediate","name":"Parc","length_m":682},"geometry":{"type":"LineString","coordinates":[[0.14417,42.77279],[0.14387,42.77297],[0.14377,42.77306],[0.14378,42.77316],[0.14387,42.77326],[0.14402,42.77336],[0.14417,42.77344],[0.14438,42.77355],[0.14492,42.77372],[0.14505,42.77381],[0.14514,42.7739],[0.14519,42.77405],[0.14516,42.77412],[0.14516,42.77418],[0.14515,42.77426],[0.14511,42.77441],[0.14467,42.77518],[0.14434,42.77588],[0.1439,42.77639],[0.14337,42.77727],[0.14268,42.77775]]}},
{"type":"Feature","id":"way/51201437","properties":{"station_id":"piau-engaly","osm_id":51201437,"feature":"piste","kind":"easy","name":"Badet","length_m":161},"geometry":{"type":"LineString","coordinates":[[0.14203,42.78257],[0.14214,42.78273],[0.1422,42.78282],[0.14248,42.78314],[0.14255,42.7832],[0.1428,42.78343],[0.14332,42.78359]]}},
{"type":"Feature","id":"way/51201438","properties":{"station_id":"piau-engaly","osm_id":51201438,"feature":"piste","kind":"advanced","name":"Perdreaux","length_m":511},"geometry":{"type":"LineString","coordinates":[[0.14816,42.76809],[0.14814,42.76813],[0.1481,42.76832],[0.14804,42.76867],[0.148,42.76894],[0.14797,42.76917],[0.14791,42.76941],[0.1479,42.76961],[0.14793,42.76975],[0.14799,42.76987],[0.14809,42.77003],[0.14828,42.77018],[0.14847,42.7703],[0.14868,42.77038],[0.1489,42.77045],[0.14925,42.77055],[0.14951,42.77061],[0.14974,42.77069],[0.14986,42.77068],[0.15006,42.77079],[0.15021,42.77089],[0.15029,42.77098],[0.1504,42.77103],[0.15058,42.77109],[0.15074,42.77114],[0.1509,42.77119],[0.15102,42.77123],[0.15114,42.77127]]}},
{"type":"Feature","id":"way/51201440","properties":{"station_id":"piau-engaly","osm_id":51201440,"feature":"piste","kind":"easy","name":"Combe du Piau","length_m":1220},"geometry":{"type":"LineString","coordinates":[[0.15789,42.76888],[0.15799,42.76911],[0.15788,42.76932],[0.15769,42.76943],[0.15748,42.76945],[0.15713,42.76943],[0.15673,42.76949],[0.15537,42.76985],[0.15432,42.77008],[0.154,42.77021],[0.15389,42.77027],[0.1537,42.7704],[0.15325,42.77064],[0.15285,42.77077],[0.15261,42.77083],[0.15238,42.77086],[0.15222,42.77086],[0.15194,42.77073],[0.1518,42.77068],[0.15166,42.77066],[0.15158,42.77069],[0.15146,42.77071],[0.15143,42.77088],[0.1514,42.77094],[0.15125,42.77117],[0.15114,42.77127],[0.15094,42.77147],[0.15069,42.77164],[0.15069,42.77164],[0.14985,42.7728],[0.14912,42.77376],[0.14886,42.77453],[0.14887,42.77497],[0.14898,42.7751],[0.14912,42.7752],[0.14948,42.77536]]}},
{"type":"Feature","id":"way/51201442","properties":{"station_id":"piau-engaly","osm_id":51201442,"feature":"piste","kind":"easy","name":"Col","length_m":1134},"geometry":{"type":"LineString","coordinates":[[0.14948,42.77536],[0.15034,42.77593],[0.15144,42.77648],[0.15181,42.77683],[0.15288,42.77779],[0.153,42.77794],[0.15309,42.77805],[0.15375,42.77885],[0.15379,42.77891],[0.15381,42.77894],[0.15389,42.77904],[0.15392,42.77907],[0.15413,42.77924],[0.15479,42.77978],[0.15529,42.78028],[0.15538,42.78037],[0.15551,42.78056],[0.15574,42.78057],[0.15605,42.78092],[0.15656,42.78137],[0.15681,42.78162],[0.15731,42.78203],[0.1577,42.78233],[0.15815,42.78273],[0.15842,42.78299]]}},
{"type":"Feature","id":"way/51201443","properties":{"station_id":"piau-engaly","osm_id":51201443,"feature":"piste","kind":"easy","name":null,"length_m":53},"geometry":{"type":"LineString","coordinates":[[0.14706,42.77526],[0.14715,42.7753],[0.14769,42.77531]]}},
{"type":"Feature","id":"way/51201444","properties":{"station_id":"piau-engaly","osm_id":51201444,"feature":"piste","kind":"easy","name":"Col","length_m":327},"geometry":{"type":"LineString","coordinates":[[0.14858,42.7777],[0.14827,42.77754],[0.14762,42.77693],[0.14751,42.7768],[0.14732,42.77626],[0.14713,42.77566],[0.14725,42.77549],[0.14769,42.77531]]}},
{"type":"Feature","id":"way/51203181","properties":{"station_id":"piau-engaly","osm_id":51203181,"feature":"piste","kind":"novice","name":"Isards","length_m":1179},"geometry":{"type":"LineString","coordinates":[[0.15486,42.781],[0.15505,42.78065],[0.15521,42.78057],[0.15551,42.78056],[0.15554,42.78088],[0.15546,42.78124],[0.15499,42.78202],[0.15461,42.78301],[0.15415,42.78372],[0.15404,42.78394],[0.15418,42.78425],[0.15443,42.78445],[0.15473,42.7846],[0.15509,42.78475],[0.15549,42.78488],[0.15595,42.78493],[0.15608,42.78503],[0.15608,42.78515],[0.15609,42.78521],[0.15573,42.78543],[0.15515,42.78552],[0.15435,42.78568],[0.15354,42.78585],[0.15238,42.78606],[0.15156,42.78613],[0.1507,42.78621]]}},
{"type":"Feature","id":"way/51203182","properties":{"station_id":"piau-engaly","osm_id":51203182,"feature":"piste","kind":"novice","name":"Marmottes","length_m":203},"geometry":{"type":"LineString","coordinates":[[0.15422,42.78413],[0.15455,42.78396],[0.15539,42.78361],[0.1558,42.78347],[0.15618,42.78344],[0.15631,42.78331],[0.15635,42.78327]]}},
{"type":"Feature","id":"way/51203183","properties":{"station_id":"piau-engaly","osm_id":51203183,"feature":"piste","kind":"novice","name":"Marmottes","length_m":266},"geometry":{"type":"LineString","coordinates":[[0.15422,42.78413],[0.15431,42.78427],[0.15486,42.78447],[0.15533,42.7846],[0.15555,42.78458],[0.15568,42.78436],[0.15578,42.7839],[0.15595,42.78364],[0.15618,42.78344]]}},
{"type":"Feature","id":"way/51203184","properties":{"station_id":"piau-engaly","osm_id":51203184,"feature":"piste","kind":"novice","name":"École","length_m":153},"geometry":{"type":"LineString","coordinates":[[0.15637,42.78191],[0.15632,42.78196],[0.1563,42.78201],[0.15627,42.78227],[0.15626,42.78244],[0.15635,42.78327]]}},
{"type":"Feature","id":"way/51203185","properties":{"station_id":"piau-engaly","osm_id":51203185,"feature":"piste","kind":"easy","name":"Bd. des skieurs","length_m":710},"geometry":{"type":"LineString","coordinates":[[0.15618,42.78344],[0.15669,42.78352],[0.15688,42.78353],[0.15744,42.78339],[0.15801,42.78332],[0.15825,42.78313],[0.15842,42.78299],[0.15874,42.78272],[0.15917,42.78253],[0.1593,42.78248],[0.15966,42.78243],[0.16036,42.78231],[0.16069,42.7823],[0.1608,42.78231],[0.16107,42.78237],[0.16146,42.78251],[0.1617,42.78256],[0.16257,42.78272],[0.16339,42.78286],[0.16354,42.78288],[0.16368,42.78288],[0.16378,42.78286],[0.16396,42.78275],[0.16415,42.78268]]}},
{"type":"Feature","id":"way/51203186","properties":{"station_id":"piau-engaly","osm_id":51203186,"feature":"piste","kind":"easy","name":null,"length_m":114},"geometry":{"type":"LineString","coordinates":[[0.15428,42.77759],[0.15411,42.7777],[0.15331,42.77785],[0.15309,42.77805]]}},
{"type":"Feature","id":"way/51203188","properties":{"station_id":"piau-engaly","osm_id":51203188,"feature":"piste","kind":"easy","name":"Laquette","length_m":768},"geometry":{"type":"LineString","coordinates":[[0.15428,42.77759],[0.15473,42.77761],[0.15542,42.77784],[0.15576,42.7781],[0.15585,42.77832],[0.15647,42.77854],[0.1568,42.77877],[0.1569,42.779],[0.15721,42.77942],[0.15773,42.77995],[0.15801,42.78028],[0.15822,42.78057],[0.15824,42.78102],[0.15845,42.78134],[0.15873,42.78225],[0.15874,42.78249],[0.1586,42.78266],[0.15858,42.78268],[0.15854,42.78269],[0.15847,42.78268],[0.15841,42.78268],[0.15837,42.78267],[0.15834,42.78265],[0.15832,42.78262],[0.15828,42.78255]]}},
{"type":"Feature","id":"way/51203189","properties":{"station_id":"piau-engaly","osm_id":51203189,"feature":"piste","kind":"easy","name":"Laquette","length_m":447},"geometry":{"type":"LineString","coordinates":[[0.15144,42.77648],[0.1523,42.77651],[0.15269,42.77649],[0.15282,42.7765],[0.15319,42.77652],[0.1536,42.77661],[0.15405,42.7768],[0.15409,42.77682],[0.15544,42.7775],[0.15564,42.7775],[0.15576,42.77755],[0.1558,42.7778],[0.15576,42.7781]]}},
{"type":"Feature","id":"way/51203190","properties":{"station_id":"piau-engaly","osm_id":51203190,"feature":"piste","kind":"easy","name":"Sarrous","length_m":33},"geometry":{"type":"LineString","coordinates":[[0.16119,42.77357],[0.16117,42.77356],[0.16081,42.77366]]}},
{"type":"Feature","id":"way/51203191","properties":{"station_id":"piau-engaly","osm_id":51203191,"feature":"piste","kind":"easy","name":"Sarrous","length_m":91},"geometry":{"type":"LineString","coordinates":[[0.15966,42.77424],[0.16063,42.77446],[0.16071,42.77451]]}},
{"type":"Feature","id":"way/51203193","properties":{"station_id":"piau-engaly","osm_id":51203193,"feature":"piste","kind":"easy","name":"Grande bleue","length_m":1802},"geometry":{"type":"LineString","coordinates":[[0.14571,42.76809],[0.1457,42.76808],[0.14571,42.76806],[0.14571,42.76806],[0.14573,42.76805],[0.14574,42.76805],[0.14577,42.76805],[0.14582,42.76805],[0.14609,42.76806],[0.14634,42.76796],[0.14774,42.76729],[0.14825,42.7671],[0.14932,42.7669],[0.14994,42.76681],[0.15065,42.76675],[0.1511,42.76676],[0.15131,42.76678],[0.15169,42.76684],[0.15189,42.7669],[0.15378,42.76749],[0.15418,42.76766],[0.15562,42.76811],[0.15632,42.7682],[0.15696,42.76838],[0.1572,42.76843],[0.15753,42.76856],[0.15789,42.76888],[0.15818,42.76905],[0.15908,42.7703],[0.15945,42.77089],[0.15957,42.7711],[0.15973,42.77121],[0.16016,42.77137],[0.16042,42.77146],[0.16059,42.77156],[0.16074,42.77175],[0.16067,42.77191],[0.16058,42.77199],[0.15921,42.77249],[0.15889,42.77251],[0.15855,42.77247],[0.15778,42.77224],[0.15768,42.77228],[0.15767,42.77231],[0.15766,42.77237],[0.1577,42.77244]]}},
{"type":"Feature","id":"way/162863629","properties":{"station_id":"piau-engaly","osm_id":162863629,"feature":"piste","kind":"easy","name":null,"length_m":214},"geometry":{"type":"LineString","coordinates":[[0.14085,42.78086],[0.14103,42.78128],[0.14143,42.78175],[0.14159,42.78201],[0.14203,42.78257]]}},
{"type":"Feature","id":"way/205036110","properties":{"station_id":"piau-engaly","osm_id":205036110,"feature":"piste","kind":"easy","name":"Combe Engaly","length_m":58},"geometry":{"type":"LineString","coordinates":[[0.16119,42.77357],[0.16119,42.77356],[0.16132,42.77358],[0.16187,42.77367]]}},
{"type":"Feature","id":"way/221338727","properties":{"station_id":"piau-engaly","osm_id":221338727,"feature":"piste","kind":"easy","name":"Fontaine","length_m":322},"geometry":{"type":"LineString","coordinates":[[0.15576,42.77755],[0.15776,42.7784],[0.15879,42.77933]]}},
{"type":"Feature","id":"way/221338730","properties":{"station_id":"piau-engaly","osm_id":221338730,"feature":"piste","kind":"advanced","name":"Samba","length_m":500},"geometry":{"type":"LineString","coordinates":[[0.14846,42.77771],[0.14871,42.77786],[0.14897,42.77795],[0.1491,42.77802],[0.14928,42.77808],[0.14945,42.77816],[0.14955,42.77822],[0.14963,42.77825],[0.14969,42.77829],[0.14978,42.77833],[0.15,42.7784],[0.15013,42.77841],[0.1502,42.77842],[0.15036,42.77845],[0.15056,42.77849],[0.15075,42.77853],[0.15086,42.77856],[0.15106,42.77858],[0.1512,42.77861],[0.15125,42.77863],[0.15131,42.77867],[0.15138,42.77872],[0.15142,42.77879],[0.15145,42.77886],[0.15149,42.77893],[0.15155,42.77897],[0.15171,42.77908],[0.15181,42.77912],[0.15188,42.77915],[0.15205,42.77914],[0.15213,42.77913],[0.15226,42.77918],[0.15237,42.77922],[0.15252,42.77922],[0.15271,42.77917],[0.15284,42.7791],[0.15296,42.77904],[0.15305,42.77901],[0.15315,42.77897],[0.15342,42.77892],[0.15362,42.77891],[0.15379,42.77891]]}},
{"type":"Feature","id":"way/221338731","properties":{"station_id":"piau-engaly","osm_id":221338731,"feature":"piste","kind":"intermediate","name":"Kamikase","length_m":494},"geometry":{"type":"LineString","coordinates":[[0.16945,42.77676],[0.16928,42.77715],[0.16909,42.77754],[0.16895,42.77779],[0.16883,42.77801],[0.16875,42.7782],[0.16866,42.77833],[0.16852,42.77855],[0.16845,42.77868],[0.16835,42.77877],[0.16802,42.77918],[0.16783,42.77937],[0.16765,42.77958],[0.16754,42.77971],[0.16735,42.77993],[0.16722,42.78015],[0.16717,42.78037],[0.16714,42.78062],[0.1672,42.7808]]}},
{"type":"Feature","id":"way/221338732","properties":{"station_id":"piau-engaly","osm_id":221338732,"feature":"piste","kind":"easy","name":"Grande bleue","length_m":421},"geometry":{"type":"LineString","coordinates":[[0.1577,42.77244],[0.15824,42.77287],[0.15854,42.77316],[0.15872,42.77323],[0.16084,42.7733],[0.16128,42.77341],[0.16186,42.77354],[0.16228,42.77369]]}},
{"type":"Feature","id":"way/221338733","properties":{"station_id":"piau-engaly","osm_id":221338733,"feature":"piste","kind":"intermediate","name":"l'Auroise","length_m":606},"geometry":{"type":"LineString","coordinates":[[0.15222,42.77086],[0.15218,42.7713],[0.15229,42.77155],[0.15347,42.77229],[0.15371,42.77259],[0.15386,42.77303],[0.15348,42.77361],[0.15344,42.77389],[0.15356,42.77446],[0.15374,42.77479],[0.15377,42.77504],[0.15378,42.77522],[0.15374,42.77574]]}},
{"type":"Feature","id":"way/221338734","properties":{"station_id":"piau-engaly","osm_id":221338734,"feature":"piste","kind":"easy","name":null,"length_m":514},"geometry":{"type":"LineString","coordinates":[[0.15069,42.77164],[0.15055,42.77172],[0.15042,42.77182],[0.15016,42.77213],[0.14903,42.77283],[0.14879,42.77302],[0.14863,42.77337],[0.14831,42.77376],[0.14779,42.7742],[0.14755,42.7745],[0.14755,42.77476],[0.14751,42.77482],[0.14721,42.77502],[0.14711,42.77513],[0.14706,42.77526]]}},
{"type":"Feature","id":"way/221338735","properties":{"station_id":"piau-engaly","osm_id":221338735,"feature":"piste","kind":"intermediate","name":"Coume Longue","length_m":603},"geometry":{"type":"LineString","coordinates":[[0.14935,42.76727],[0.14962,42.76752],[0.15006,42.76778],[0.15026,42.76793],[0.15109,42.76863],[0.15209,42.7692],[0.15304,42.76956],[0.15358,42.76966],[0.15416,42.76964],[0.1546,42.7697],[0.15529,42.76974],[0.15537,42.76976],[0.1554,42.76978],[0.1554,42.7698],[0.15537,42.76985]]}},
{"type":"Feature","id":"way/221338736","properties":{"station_id":"piau-engaly","osm_id":221338736,"feature":"piste","kind":"intermediate","name":"Arnica","length_m":549},"geometry":{"type":"LineString","coordinates":[[0.1537,42.7704],[0.15377,42.77046],[0.15391,42.77046],[0.15401,42.77046],[0.15421,42.77043],[0.15447,42.77042],[0.15472,42.77044],[0.15543,42.7706],[0.15612,42.77094],[0.15635,42.77271],[0.1564,42.77277],[0.15565,42.77378]]}},
{"type":"Feature","id":"way/314386246","properties":{"station_id":"piau-engaly","osm_id":314386246,"feature":"piste","kind":"easy","name":"Badet","length_m":608},"geometry":{"type":"LineString","coordinates":[[0.14332,42.78359],[0.14348,42.78364],[0.14437,42.78421],[0.14537,42.78484],[0.14629,42.78516],[0.1493,42.78594],[0.14985,42.78606]]}},
{"type":"Feature","id":"way/391158031","properties":{"station_id":"piau-engaly","osm_id":391158031,"feature":"piste","kind":"freeride","name":"Sarrous","length_m":1335},"geometry":{"type":"LineString","coordinates":[[0.16235,42.78033],[0.16277,42.78093],[0.16365,42.78187],[0.16416,42.78242],[0.16594,42.7827],[0.1662,42.78237],[0.16481,42.7804],[0.1641,42.77967],[0.16284,42.77834],[0.1614,42.77844],[0.16235,42.78033]]}},
{"type":"Feature","id":"way/391158865","properties":{"station_id":"piau-engaly","osm_id":391158865,"feature":"piste","kind":"easy","name":"Combe Engaly","length_m":451},"geometry":{"type":"LineString","coordinates":[[0.16187,42.77367],[0.16251,42.775],[0.1629,42.77606],[0.16327,42.77656],[0.1636,42.77695],[0.16391,42.77742]]}},
{"type":"Feature","id":"way/391158866","properties":{"station_id":"piau-engaly","osm_id":391158866,"feature":"piste","kind":"easy","name":"Combe Engaly","length_m":721},"geometry":{"type":"LineString","coordinates":[[0.16391,42.77742],[0.1647,42.77809],[0.16495,42.77861],[0.16527,42.77888],[0.16609,42.77936],[0.16638,42.77954],[0.1669,42.78001],[0.16704,42.78033],[0.16714,42.78062],[0.1672,42.7808],[0.16735,42.78121],[0.16762,42.78196],[0.1676,42.78228],[0.16755,42.78246],[0.16727,42.78271],[0.16716,42.78282],[0.16712,42.78286]]}},
{"type":"Feature","id":"way/398666966","properties":{"station_id":"piau-engaly","osm_id":398666966,"feature":"piste","kind":"easy","name":"Badet","length_m":39},"geometry":{"type":"LineString","coordinates":[[0.14985,42.78606],[0.15015,42.78611],[0.15029,42.78618]]}},
{"type":"Feature","id":"way/487156879","properties":{"station_id":"piau-engaly","osm_id":487156879,"feature":"piste","kind":"easy","name":"Chardons","length_m":271},"geometry":{"type":"LineString","coordinates":[[0.15778,42.77224],[0.15737,42.77213],[0.15716,42.77254],[0.15692,42.77285],[0.15652,42.77315],[0.15609,42.77354],[0.15565,42.77378]]}},
{"type":"Feature","id":"way/487157094","properties":{"station_id":"piau-engaly","osm_id":487157094,"feature":"piste","kind":"easy","name":"Chardons","length_m":428},"geometry":{"type":"LineString","coordinates":[[0.15565,42.77378],[0.15522,42.77435],[0.1552,42.77461],[0.15521,42.77475],[0.15522,42.77499],[0.15499,42.77539],[0.15465,42.77549],[0.15423,42.77551],[0.15374,42.77574],[0.1537,42.77607],[0.15375,42.77634],[0.15395,42.77659],[0.15405,42.7768]]}},
{"type":"Feature","id":"way/487157962","properties":{"station_id":"piau-engaly","osm_id":487157962,"feature":"piste","kind":"easy","name":"Badet","length_m":170},"geometry":{"type":"LineString","coordinates":[[0.14292,42.77997],[0.14279,42.77993],[0.14268,42.77987],[0.14262,42.7798],[0.14251,42.77957],[0.14237,42.77911],[0.14218,42.77891],[0.14208,42.77884],[0.14183,42.77882]]}},
{"type":"Feature","id":"way/487157963","properties":{"station_id":"piau-engaly","osm_id":487157963,"feature":"piste","kind":"advanced","name":"Solecou","length_m":315},"geometry":{"type":"LineString","coordinates":[[0.14292,42.77997],[0.14291,42.78007],[0.1429,42.78018],[0.14293,42.78028],[0.14295,42.78037],[0.14298,42.78045],[0.143,42.78051],[0.14302,42.78063],[0.14296,42.78071],[0.14294,42.78075],[0.14291,42.78079],[0.14288,42.78081],[0.14282,42.78088],[0.14271,42.78105],[0.14262,42.78113],[0.14257,42.78117],[0.14241,42.78125],[0.14239,42.78131],[0.14237,42.78137],[0.14237,42.78154],[0.14232,42.78169],[0.14219,42.78188],[0.14215,42.78197],[0.14211,42.78206],[0.1421,42.78208],[0.14211,42.78213],[0.14215,42.78227],[0.14214,42.78243],[0.14203,42.78257]]}},
{"type":"Feature","id":"way/487158095","properties":{"station_id":"piau-engaly","osm_id":487158095,"feature":"piste","kind":"easy","name":"Badet","length_m":1296},"geometry":{"type":"LineString","coordinates":[[0.14183,42.77882],[0.14111,42.77936],[0.14074,42.77963],[0.14046,42.78032],[0.14085,42.78086],[0.14103,42.78128],[0.14143,42.78175],[0.14159,42.78201],[0.14181,42.78229],[0.14203,42.78257],[0.14214,42.78273],[0.14255,42.7832],[0.1428,42.78343],[0.14332,42.78359],[0.14348,42.78364],[0.14437,42.78421],[0.14537,42.78484],[0.14629,42.78516],[0.1493,42.78594],[0.15029,42.78618]]}},
{"type":"Feature","id":"way/487159507","properties":{"station_id":"piau-engaly","osm_id":487159507,"feature":"piste","kind":"intermediate","name":"Ramondia","length_m":399},"geometry":{"type":"LineString","coordinates":[[0.15799,42.76911],[0.15814,42.76933],[0.15813,42.76952],[0.15811,42.76958],[0.15789,42.7697],[0.15766,42.76979],[0.15746,42.76987],[0.15739,42.76994],[0.15736,42.77002],[0.1574,42.77011],[0.15749,42.77012],[0.15756,42.77018],[0.1576,42.77021],[0.15776,42.77048],[0.15774,42.77065],[0.15772,42.77075],[0.1577,42.77081],[0.15772,42.77097],[0.15779,42.77112],[0.15783,42.77119],[0.15788,42.77124],[0.15786,42.77136],[0.1577,42.77152],[0.15746,42.77178],[0.15744,42.77183],[0.15737,42.77213]]}},
{"type":"Feature","id":"way/487160235","properties":{"station_id":"piau-engaly","osm_id":487160235,"feature":"piste","kind":"easy","name":"Grives","length_m":335},"geometry":{"type":"LineString","coordinates":[[0.1577,42.77244],[0.15787,42.77316],[0.15784,42.7738],[0.15783,42.77402],[0.15802,42.77415],[0.15838,42.77418],[0.15883,42.77413],[0.15924,42.77413],[0.15966,42.77424]]}},
{"type":"Feature","id":"way/487176092","properties":{"station_id":"piau-engaly","osm_id":487176092,"feature":"piste","kind":null,"name":"Sarrous","length_m":96},"geometry":{"type":"LineString","coordinates":[[0.16081,42.77366],[0.16069,42.774],[0.16071,42.77451]]}},
{"type":"Feature","id":"way/487176433","properties":{"station_id":"piau-engaly","osm_id":487176433,"feature":"piste","kind":"easy","name":"3 ruisseaux","length_m":128},"geometry":{"type":"LineString","coordinates":[[0.16081,42.77366],[0.16051,42.77367],[0.15969,42.77399],[0.15966,42.77424]]}},
{"type":"Feature","id":"way/487176434","properties":{"station_id":"piau-engaly","osm_id":487176434,"feature":"piste","kind":"easy","name":"Sarrous","length_m":1081},"geometry":{"type":"LineString","coordinates":[[0.16071,42.77451],[0.16116,42.77479],[0.16136,42.77551],[0.16208,42.77635],[0.16281,42.77671],[0.16309,42.77714],[0.1634,42.77761],[0.1642,42.77894],[0.16456,42.77954],[0.16504,42.78023],[0.16549,42.7805],[0.16601,42.78085],[0.1663,42.78108],[0.1667,42.78173],[0.16699,42.78221],[0.16727,42.78271]]}},
{"type":"Feature","id":"way/487176607","properties":{"station_id":"piau-engaly","osm_id":487176607,"feature":"piste","kind":"easy","name":"Grande bleue","length_m":2203},"geometry":{"type":"LineString","coordinates":[[0.16228,42.77369],[0.16327,42.77434],[0.1635,42.77463],[0.16385,42.7751],[0.16443,42.77537],[0.16499,42.77545],[0.16612,42.77592],[0.16646,42.77603],[0.16766,42.77624],[0.16945,42.77676],[0.16958,42.77679],[0.16982,42.77684],[0.17009,42.77689],[0.1706,42.77674],[0.17088,42.77674],[0.17099,42.77682],[0.17105,42.77695],[0.17107,42.77717],[0.17104,42.77736],[0.17088,42.77755],[0.1706,42.77766],[0.17007,42.7778],[0.16975,42.77785],[0.16965,42.77786],[0.16951,42.77789],[0.16945,42.77791],[0.16945,42.77796],[0.16946,42.778],[0.16952,42.77808],[0.16963,42.77813],[0.1715,42.77854],[0.17157,42.77856],[0.17225,42.77854],[0.17275,42.77843],[0.17287,42.7784],[0.17299,42.77839],[0.17314,42.77837],[0.17316,42.77839],[0.17324,42.77845],[0.17322,42.77854],[0.17251,42.77899],[0.17214,42.7792],[0.17214,42.77926],[0.17214,42.77931],[0.17222,42.77934],[0.1723,42.77934],[0.17365,42.77925],[0.17413,42.77926],[0.17431,42.77927],[0.17437,42.77928],[0.17448,42.77932],[0.17447,42.77939],[0.17444,42.7794],[0.17426,42.77951],[0.17373,42.77971],[0.17356,42.77982],[0.17267,42.78037],[0.17206,42.78049],[0.17187,42.78053],[0.17155,42.78063],[0.17128,42.78072],[0.1711,42.7808],[0.17065,42.78099],[0.16992,42.78138],[0.16952,42.78161]]}},
{"type":"Feature","id":"way/487176608","properties":{"station_id":"piau-engaly","osm_id":487176608,"feature":"piste","kind":"easy","name":null,"length_m":34},"geometry":{"type":"LineString","coordinates":[[0.16187,42.77367],[0.16228,42.77369]]}},
{"type":"Feature","id":"way/487177408","properties":{"station_id":"piau-engaly","osm_id":487177408,"feature":"piste","kind":"easy","name":"Grives","length_m":526},"geometry":{"type":"LineString","coordinates":[[0.15966,42.77424],[0.1593,42.77509],[0.15905,42.77558],[0.15587,42.77698],[0.15572,42.77729],[0.15576,42.77755]]}},
{"type":"Feature","id":"way/487177747","properties":{"station_id":"piau-engaly","osm_id":487177747,"feature":"piste","kind":"easy","name":"3 ruisseaux","length_m":677},"geometry":{"type":"LineString","coordinates":[[0.15966,42.77424],[0.15951,42.7749],[0.15982,42.77526],[0.16053,42.7757],[0.16074,42.77613],[0.16043,42.77654],[0.15958,42.77699],[0.15901,42.77759],[0.1585,42.77815],[0.15848,42.77843],[0.15852,42.77872],[0.15879,42.77933]]}},
{"type":"Feature","id":"way/487178089","properties":{"station_id":"piau-engaly","osm_id":487178089,"feature":"piste","kind":"easy","name":"Ludette","length_m":370},"geometry":{"type":"LineString","coordinates":[[0.16327,42.77656],[0.16281,42.77671],[0.16192,42.77687],[0.16108,42.77693],[0.16015,42.77724],[0.15943,42.77751],[0.15901,42.77759]]}},
{"type":"Feature","id":"way/487179869","properties":{"station_id":"piau-engaly","osm_id":487179869,"feature":"piste","kind":"novice","name":"Edelweiss","length_m":206},"geometry":{"type":"LineString","coordinates":[[0.15634,42.78173],[0.15642,42.78178],[0.15651,42.78187],[0.15654,42.78193],[0.15666,42.78225],[0.15684,42.78271],[0.15689,42.7832],[0.15682,42.78334],[0.15681,42.78336],[0.1568,42.78336],[0.15679,42.78337],[0.15677,42.78338],[0.15675,42.78338],[0.15673,42.78339],[0.15672,42.78339],[0.1567,42.78339],[0.15669,42.78338],[0.15668,42.78337],[0.15667,42.78336]]}},
{"type":"Feature","id":"way/487180656","properties":{"station_id":"piau-engaly","osm_id":487180656,"feature":"piste","kind":"easy","name":"Lys","length_m":384},"geometry":{"type":"LineString","coordinates":[[0.15473,42.7846],[0.15404,42.78494],[0.15327,42.78544],[0.15275,42.78566],[0.1525,42.78584],[0.15219,42.78599],[0.15119,42.78608],[0.15112,42.78609],[0.1507,42.78621]]}},
{"type":"Feature","id":"way/487180991","properties":{"station_id":"piau-engaly","osm_id":487180991,"feature":"piste","kind":"easy","name":"Bd. des skieurs","length_m":248},"geometry":{"type":"LineString","coordinates":[[0.16415,42.78268],[0.16443,42.78264],[0.16518,42.78283],[0.16534,42.78285],[0.16637,42.78287],[0.16672,42.7829],[0.16686,42.7829],[0.16699,42.7829],[0.16712,42.78286]]}},
{"type":"Feature","id":"way/487182145","properties":{"station_id":"piau-engaly","osm_id":487182145,"feature":"piste","kind":"easy","name":"3 ruisseaux","length_m":580},"geometry":{"type":"LineString","coordinates":[[0.15879,42.77933],[0.15959,42.7802],[0.1618,42.78141],[0.16383,42.78251],[0.16415,42.78268]]}},
{"type":"Feature","id":"way/487183505","properties":{"station_id":"piau-engaly","osm_id":487183505,"feature":"piste","kind":"easy","name":"Grande bleue","length_m":241},"geometry":{"type":"LineString","coordinates":[[0.16952,42.78161],[0.16903,42.78192],[0.16839,42.78228],[0.16814,42.78244],[0.16784,42.78259],[0.16712,42.78286]]}},
{"type":"Feature","id":"way/487184285","properties":{"station_id":"piau-engaly","osm_id":487184285,"feature":"piste","kind":"advanced","name":"Mephisto","length_m":389},"geometry":{"type":"LineString","coordinates":[[0.17105,42.77695],[0.17117,42.77694],[0.17131,42.77695],[0.17151,42.77697],[0.17161,42.77703],[0.17179,42.77707],[0.17198,42.7771],[0.172,42.77719],[0.17213,42.77733],[0.17234,42.77752],[0.17261,42.77771],[0.17273,42.77779],[0.17286,42.77784],[0.1731,42.77799],[0.17317,42.77808],[0.17319,42.77816],[0.17332,42.77822],[0.1736,42.77845],[0.17385,42.77864],[0.17402,42.7788],[0.17406,42.77891],[0.17412,42.77899],[0.17412,42.77907],[0.17413,42.77926]]}},
{"type":"Feature","id":"way/487184996","properties":{"station_id":"piau-engaly","osm_id":487184996,"feature":"piste","kind":"advanced","name":"Tetras","length_m":381},"geometry":{"type":"LineString","coordinates":[[0.16946,42.778],[0.16935,42.77795],[0.16928,42.77797],[0.16922,42.778],[0.16919,42.77806],[0.16922,42.77813],[0.16934,42.77829],[0.16948,42.77842],[0.16958,42.77849],[0.16974,42.77864],[0.16988,42.77878],[0.17016,42.77893],[0.1703,42.77912],[0.17033,42.77919],[0.17041,42.77932],[0.17052,42.77948],[0.17062,42.77955],[0.1708,42.77967],[0.17087,42.77981],[0.17096,42.78002],[0.17104,42.78015],[0.17116,42.78026],[0.17123,42.7803],[0.17129,42.78038],[0.17134,42.78046],[0.17155,42.78063]]}},
{"type":"Feature","id":"way/487185346","properties":{"station_id":"piau-engaly","osm_id":487185346,"feature":"piste","kind":"advanced","name":"Myrtilles","length_m":380},"geometry":{"type":"LineString","coordinates":[[0.16646,42.77603],[0.16651,42.77637],[0.16649,42.77653],[0.16648,42.77662],[0.16645,42.77672],[0.16639,42.77699],[0.16627,42.77724],[0.16621,42.77735],[0.16612,42.7775],[0.16603,42.77766],[0.16594,42.77787],[0.16589,42.77801],[0.16588,42.77822],[0.16587,42.77831],[0.16591,42.77864],[0.16601,42.77896],[0.16605,42.77913],[0.16609,42.77936]]}},
{"type":"Feature","id":"way/487186473","properties":{"station_id":"piau-engaly","osm_id":487186473,"feature":"piste","kind":"advanced","name":"Piau","length_m":399},"geometry":{"type":"LineString","coordinates":[[0.14879,42.768],[0.14918,42.76828],[0.14937,42.7684],[0.14958,42.76852],[0.14974,42.7687],[0.14977,42.76891],[0.14979,42.76906],[0.14981,42.76915],[0.14995,42.76929],[0.15005,42.76932],[0.15013,42.76935],[0.15023,42.76943],[0.15033,42.76954],[0.1504,42.76963],[0.15056,42.76975],[0.15063,42.76981],[0.1507,42.76987],[0.15078,42.76995],[0.15091,42.77002],[0.15101,42.77008],[0.1512,42.7702],[0.15127,42.7703],[0.15136,42.77042],[0.15146,42.77054],[0.15158,42.77069],[0.15146,42.77071]]}},
{"type":"Feature","id":"way/487188903","properties":{"station_id":"piau-engaly","osm_id":487188903,"feature":"piste","kind":"intermediate","name":"rhodos","length_m":476},"geometry":{"type":"LineString","coordinates":[[0.15094,42.77147],[0.15109,42.77186],[0.15112,42.77214],[0.15111,42.77242],[0.15114,42.77262],[0.15128,42.77277],[0.15142,42.77284],[0.15171,42.77316],[0.15202,42.77354],[0.15243,42.77396],[0.15286,42.77431],[0.15327,42.7746],[0.15364,42.77492],[0.15377,42.77504]]}},
{"type":"Feature","id":"way/487188904","properties":{"station_id":"piau-engaly","osm_id":487188904,"feature":"piste","kind":"easy","name":"tours","length_m":672},"geometry":{"type":"LineString","coordinates":[[0.15069,42.77164],[0.15067,42.7723],[0.15048,42.77261],[0.15042,42.77276],[0.15054,42.77294],[0.15078,42.77321],[0.15096,42.77368],[0.15094,42.77423],[0.1509,42.77441],[0.1509,42.7746],[0.15121,42.77491],[0.15158,42.77515],[0.15199,42.77526],[0.1524,42.77539],[0.15279,42.77556],[0.15306,42.77576],[0.15315,42.77592],[0.15333,42.77613],[0.1536,42.77661]]}},
{"type":"Feature","id":"way/487224325","properties":{"station_id":"piau-engaly","osm_id":487224325,"feature":"piste","kind":"easy","name":"Col","length_m":146},"geometry":{"type":"LineString","coordinates":[[0.14769,42.77531],[0.14948,42.77536]]}},
{"type":"Feature","id":"way/487224326","properties":{"station_id":"piau-engaly","osm_id":487224326,"feature":"piste","kind":"intermediate","name":"Parc","length_m":138},"geometry":{"type":"LineString","coordinates":[[0.14268,42.77775],[0.1419,42.77877],[0.14183,42.77882]]}},
{"type":"Feature","id":"way/487224327","properties":{"station_id":"piau-engaly","osm_id":487224327,"feature":"piste","kind":"easy","name":null,"length_m":38},"geometry":{"type":"LineString","coordinates":[[0.14713,42.77566],[0.14697,42.77554],[0.14674,42.77555]]}},
{"type":"Feature","id":"way/487224328","properties":{"station_id":"piau-engaly","osm_id":487224328,"feature":"piste","kind":"easy","name":"canyon","length_m":432},"geometry":{"type":"LineString","coordinates":[[0.14674,42.77555],[0.14649,42.77539],[0.14564,42.77551],[0.14543,42.77581],[0.14514,42.77614],[0.14496,42.7764],[0.14482,42.77654],[0.14464,42.77684],[0.14455,42.77699],[0.14445,42.77715],[0.1443,42.77741],[0.14422,42.77761],[0.14418,42.77785],[0.14416,42.7781],[0.14413,42.77826]]}},
{"type":"Feature","id":"way/487493231","properties":{"station_id":"piau-engaly","osm_id":487493231,"feature":"piste","kind":"novice","name":"École","length_m":36},"geometry":{"type":"LineString","coordinates":[[0.15635,42.78327],[0.15661,42.78341],[0.15662,42.78341],[0.15663,42.78341],[0.15663,42.78341],[0.15664,42.78341],[0.15666,42.7834],[0.15667,42.78339],[0.15668,42.78337],[0.15667,42.78336]]}},
{"type":"Feature","id":"way/487496751","properties":{"station_id":"piau-engaly","osm_id":487496751,"feature":"piste","kind":"intermediate","name":null,"length_m":153},"geometry":{"type":"LineString","coordinates":[[0.14853,42.76795],[0.14858,42.76801],[0.14867,42.76804],[0.14879,42.768],[0.14926,42.76785],[0.14953,42.7678],[0.14976,42.76781],[0.15026,42.76793]]}},
{"type":"Feature","id":"way/494295981","properties":{"station_id":"piau-engaly","osm_id":494295981,"feature":"piste","kind":"easy","name":"Perce-neige","length_m":430},"geometry":{"type":"LineString","coordinates":[[0.14858,42.7777],[0.14852,42.77768],[0.14846,42.77767],[0.1484,42.77764],[0.14835,42.77762],[0.1483,42.77761],[0.14826,42.77759],[0.14819,42.77757],[0.14813,42.77755],[0.14808,42.77753],[0.14803,42.77751],[0.14797,42.77749],[0.14792,42.77747],[0.14786,42.77745],[0.14782,42.77744],[0.14778,42.77743],[0.14768,42.77739],[0.14764,42.77738],[0.1476,42.77736],[0.14755,42.77737],[0.14749,42.77737],[0.14743,42.77737],[0.14738,42.77738],[0.14731,42.77738],[0.14724,42.77738],[0.14717,42.7774],[0.14713,42.77741],[0.14708,42.77742],[0.14703,42.77743],[0.14699,42.77743],[0.14694,42.77744],[0.14687,42.77746],[0.14682,42.77745],[0.14678,42.77745],[0.14676,42.77744],[0.14673,42.77743],[0.14663,42.77741],[0.14656,42.77727],[0.14641,42.77691],[0.14641,42.7768],[0.14631,42.77672],[0.14616,42.77673],[0.14594,42.77679],[0.14577,42.77689],[0.14567,42.777],[0.14549,42.77736],[0.1452,42.77763],[0.14489,42.7778]]}},
{"type":"Feature","id":"way/718308716","properties":{"station_id":"piau-engaly","osm_id":718308716,"feature":"piste","kind":"intermediate","name":"Parc","length_m":473},"geometry":{"type":"LineString","coordinates":[[0.14314,42.77062],[0.14274,42.77089],[0.1424,42.77115],[0.14236,42.77129],[0.14242,42.77149],[0.14254,42.77157],[0.1426,42.7716],[0.14272,42.77163],[0.1434,42.77165],[0.14387,42.77167],[0.14435,42.77174],[0.14515,42.77215],[0.1451,42.77219],[0.14485,42.77233],[0.14459,42.77249],[0.14436,42.77266],[0.14417,42.77279]]}},
{"type":"Feature","id":"way/718309227","properties":{"station_id":"piau-engaly","osm_id":718309227,"feature":"piste","kind":"intermediate","name":"Forêt","length_m":34},"geometry":{"type":"LineString","coordinates":[[0.18151,42.78306],[0.18157,42.78306],[0.18192,42.78306]]}},
{"type":"Feature","id":"way/1037384563","properties":{"station_id":"piau-engaly","osm_id":1037384563,"feature":"piste","kind":null,"name":null,"length_m":16},"geometry":{"type":"LineString","coordinates":[[0.16127,42.7737],[0.16119,42.77357]]}},
{"type":"Feature","id":"way/1037384565","properties":{"station_id":"piau-engaly","osm_id":1037384565,"feature":"piste","kind":null,"name":null,"length_m":25},"geometry":{"type":"LineString","coordinates":[[0.16686,42.7829],[0.16693,42.78289],[0.16694,42.78288],[0.16694,42.78288],[0.16694,42.78287],[0.16694,42.78286],[0.16694,42.78284],[0.16693,42.78282],[0.16688,42.78273]]}},
{"type":"Feature","id":"way/1037384566","properties":{"station_id":"piau-engaly","osm_id":1037384566,"feature":"piste","kind":null,"name":null,"length_m":21},"geometry":{"type":"LineString","coordinates":[[0.16716,42.78282],[0.16714,42.78283],[0.1671,42.78284],[0.16704,42.78284],[0.16696,42.78284],[0.16695,42.78284],[0.16694,42.78284],[0.16693,42.78282]]}},
{"type":"Feature","id":"way/1037384568","properties":{"station_id":"piau-engaly","osm_id":1037384568,"feature":"piste","kind":null,"name":null,"length_m":14},"geometry":{"type":"LineString","coordinates":[[0.14581,42.76819],[0.14571,42.76809]]}},
{"type":"Feature","id":"way/1037384570","properties":{"station_id":"piau-engaly","osm_id":1037384570,"feature":"piste","kind":"easy","name":null,"length_m":26},"geometry":{"type":"LineString","coordinates":[[0.14886,42.7778],[0.1488,42.77777],[0.14877,42.77776],[0.14873,42.77775],[0.14858,42.7777]]}},
{"type":"Feature","id":"way/1037384574","properties":{"station_id":"piau-engaly","osm_id":1037384574,"feature":"piste","kind":null,"name":null,"length_m":32},"geometry":{"type":"LineString","coordinates":[[0.1507,42.78621],[0.15068,42.78621],[0.15066,42.78622],[0.15064,42.78623],[0.15061,42.78624],[0.15057,42.78625],[0.15055,42.78625],[0.15053,42.78624],[0.15052,42.78624],[0.15051,42.78623],[0.15049,42.78622],[0.15049,42.78621],[0.15048,42.7862],[0.15048,42.78618],[0.15053,42.78612]]}},
{"type":"Feature","id":"way/1454280245","properties":{"station_id":"piau-engaly","osm_id":1454280245,"feature":"piste","kind":"intermediate","name":"Lucifer","length_m":197},"geometry":{"type":"LineString","coordinates":[[0.14994,42.76681],[0.15002,42.76685],[0.15002,42.76688],[0.14971,42.76704],[0.14961,42.76708],[0.14937,42.76725],[0.14935,42.76727],[0.14872,42.76786],[0.14853,42.76795],[0.14837,42.76798]]}},
{"type":"Feature","id":"way/50344409","properties":{"station_id":"porte-puymorens","osm_id":50344409,"feature":"lift","kind":"platter","name":"Soldats","length_m":284},"geometry":{"type":"LineString","coordinates":[[1.82435,42.54678],[1.82321,42.54702],[1.82102,42.54749]]}},
{"type":"Feature","id":"way/88216605","properties":{"station_id":"porte-puymorens","osm_id":88216605,"feature":"lift","kind":"platter","name":"Baby Vignole","length_m":172},"geometry":{"type":"LineString","coordinates":[[1.80538,42.55576],[1.80536,42.55521],[1.80534,42.55441],[1.80533,42.55421]]}},
{"type":"Feature","id":"way/88216609","properties":{"station_id":"porte-puymorens","osm_id":88216609,"feature":"lift","kind":"chair_lift","name":"Planeil","length_m":644},"geometry":{"type":"LineString","coordinates":[[1.80482,42.55565],[1.80456,42.55524],[1.80396,42.55427],[1.80346,42.55348],[1.80286,42.55252],[1.80229,42.55159],[1.80189,42.55096],[1.80166,42.55059],[1.80158,42.55046],[1.80154,42.55039]]}},
{"type":"Feature","id":"way/88216616","properties":{"station_id":"porte-puymorens","osm_id":88216616,"feature":"lift","kind":"chair_lift","name":"Estagnol","length_m":1350},"geometry":{"type":"LineString","coordinates":[[1.82459,42.54756],[1.82341,42.54765],[1.82165,42.54777],[1.82,42.54788],[1.81889,42.54796],[1.81741,42.54807],[1.81608,42.54816],[1.8149,42.54824],[1.81289,42.54838],[1.81121,42.5485],[1.80933,42.54863],[1.80851,42.54869],[1.80819,42.54871]]}},
{"type":"Feature","id":"way/88216623","properties":{"station_id":"porte-puymorens","osm_id":88216623,"feature":"lift","kind":"platter","name":"Vignole","length_m":1408},"geometry":{"type":"LineString","coordinates":[[1.80422,42.55598],[1.80332,42.55575],[1.80182,42.55537],[1.8009,42.55513],[1.79962,42.5548],[1.79818,42.55443],[1.79671,42.55405],[1.79567,42.55378],[1.79429,42.55342],[1.79355,42.55294],[1.792,42.55194],[1.79099,42.55128],[1.7903,42.55084],[1.78928,42.55018]]}},
{"type":"Feature","id":"way/88216627","properties":{"station_id":"porte-puymorens","osm_id":88216627,"feature":"lift","kind":"platter","name":"Font-Frède 1","length_m":1531},"geometry":{"type":"LineString","coordinates":[[1.80787,42.54911],[1.80737,42.549],[1.80572,42.54867],[1.80477,42.54847],[1.80204,42.54792],[1.79919,42.54733],[1.79703,42.54689],[1.79475,42.54642],[1.79389,42.54625],[1.79316,42.54589],[1.79284,42.54573],[1.7922,42.54541],[1.79094,42.54479],[1.79047,42.54455],[1.79042,42.54453]]}},
{"type":"Feature","id":"way/88216628","properties":{"station_id":"porte-puymorens","osm_id":88216628,"feature":"lift","kind":"rope_tow","name":"Vignole","length_m":129},"geometry":{"type":"LineString","coordinates":[[1.80599,42.55559],[1.8061,42.55519],[1.80621,42.55479],[1.80631,42.55445]]}},
{"type":"Feature","id":"way/88216631","properties":{"station_id":"porte-puymorens","osm_id":88216631,"feature":"lift","kind":"chair_lift","name":"Dôme de la Mine","length_m":1985},"geometry":{"type":"LineString","coordinates":[[1.78858,42.55142],[1.78785,42.55105],[1.78677,42.5505],[1.78395,42.54905],[1.78211,42.54811],[1.77928,42.54666],[1.7771,42.54554],[1.77485,42.54438],[1.77171,42.54278],[1.77002,42.54191],[1.76928,42.54153],[1.76869,42.54122]]}},
{"type":"Feature","id":"way/88216688","properties":{"station_id":"porte-puymorens","osm_id":88216688,"feature":"lift","kind":"chair_lift","name":"Vignole","length_m":1399},"geometry":{"type":"LineString","coordinates":[[1.80474,42.55598],[1.80412,42.55575],[1.80301,42.55532],[1.80197,42.55492],[1.80075,42.55445],[1.79951,42.55398],[1.79831,42.55352],[1.79732,42.55314],[1.79552,42.55245],[1.79456,42.55207],[1.7935,42.55167],[1.7926,42.55132],[1.79203,42.5511],[1.79093,42.55068],[1.78981,42.55025],[1.78959,42.55017]]}},
{"type":"Feature","id":"way/1037839829","properties":{"station_id":"porte-puymorens","osm_id":1037839829,"feature":"lift","kind":"platter","name":"Font-Frède 2","length_m":1160},"geometry":{"type":"LineString","coordinates":[[1.80785,42.54916],[1.80733,42.54906],[1.80569,42.54872],[1.80474,42.54853],[1.80201,42.54797],[1.79916,42.54738],[1.79699,42.54694],[1.79471,42.54648],[1.7942,42.54637]]}},
{"type":"Feature","id":"way/1552496455","properties":{"station_id":"porte-puymorens","osm_id":1552496455,"feature":"lift","kind":"platter","name":"Téléski du col de Puymorens","length_m":373},"geometry":{"type":"LineString","coordinates":[[1.80171,42.56314],[1.80126,42.56255],[1.80036,42.56127],[1.79964,42.56015]]}},
{"type":"Feature","id":"way/1557725408","properties":{"station_id":"porte-puymorens","osm_id":1557725408,"feature":"lift","kind":"platter","name":"Col","length_m":368},"geometry":{"type":"LineString","coordinates":[[1.8048,42.55668],[1.80672,42.55967]]}},
{"type":"Feature","id":"way/88535171","properties":{"station_id":"porte-puymorens","osm_id":88535171,"feature":"piste","kind":"novice","name":"La Vignole","length_m":1485},"geometry":{"type":"LineString","coordinates":[[1.78928,42.55018],[1.78924,42.55034],[1.7894,42.55079],[1.78983,42.55128],[1.79041,42.55169],[1.7919,42.55258],[1.79311,42.55313],[1.79449,42.55371],[1.79641,42.55437],[1.79826,42.55491],[1.80023,42.55542],[1.80121,42.55551],[1.80203,42.55564],[1.80325,42.55598],[1.80397,42.55614],[1.80403,42.55615],[1.80426,42.55614],[1.80433,42.55614],[1.80435,42.55613],[1.80436,42.55612],[1.80437,42.5561],[1.80437,42.55607],[1.80436,42.55604],[1.80433,42.55602],[1.80422,42.55598]]}},
{"type":"Feature","id":"way/88535172","properties":{"station_id":"porte-puymorens","osm_id":88535172,"feature":"piste","kind":"easy","name":"La Mine","length_m":1476},"geometry":{"type":"LineString","coordinates":[[1.76869,42.54122],[1.76857,42.54116],[1.76852,42.54114],[1.76847,42.54114],[1.76845,42.54117],[1.76844,42.5412],[1.76861,42.54174],[1.7688,42.54225],[1.7692,42.54273],[1.76981,42.54292],[1.77027,42.54288],[1.77073,42.54271],[1.77092,42.54258],[1.77114,42.54263],[1.77128,42.54312],[1.77166,42.54444],[1.77213,42.54486],[1.77261,42.54556],[1.77363,42.5461],[1.77447,42.54668],[1.77549,42.54691],[1.77609,42.5468],[1.77711,42.54678],[1.77784,42.54678],[1.77903,42.54694],[1.77982,42.54723],[1.78026,42.54738],[1.78079,42.54756]]}},
{"type":"Feature","id":"way/88535173","properties":{"station_id":"porte-puymorens","osm_id":88535173,"feature":"piste","kind":"advanced","name":"Le Planeil","length_m":642},"geometry":{"type":"LineString","coordinates":[[1.80277,42.55039],[1.80268,42.5507],[1.80265,42.55084],[1.80263,42.5509],[1.80271,42.55108],[1.80284,42.55137],[1.80298,42.5517],[1.80302,42.55181],[1.80315,42.55202],[1.80323,42.55225],[1.80331,42.55251],[1.80357,42.55313],[1.80381,42.55389],[1.80448,42.55501],[1.8049,42.5556],[1.80493,42.55565],[1.80495,42.55568],[1.80496,42.55571],[1.80495,42.55574],[1.80495,42.55575],[1.80494,42.55576],[1.80493,42.55576],[1.80492,42.55576],[1.80492,42.55576],[1.8049,42.55576],[1.80489,42.55575],[1.80488,42.55575],[1.80486,42.55573]]}},
{"type":"Feature","id":"way/88535174","properties":{"station_id":"porte-puymorens","osm_id":88535174,"feature":"piste","kind":"novice","name":"Les Crêtes","length_m":2292},"geometry":{"type":"LineString","coordinates":[[1.78928,42.55018],[1.78924,42.55034],[1.78911,42.55094],[1.78907,42.55128],[1.79034,42.5532],[1.79106,42.55469],[1.792,42.55597],[1.79345,42.55671],[1.79479,42.55708],[1.79694,42.55768],[1.79877,42.55836],[1.80191,42.55905],[1.80494,42.55946],[1.80662,42.55986],[1.80837,42.55968],[1.80944,42.55924],[1.81022,42.55916]]}},
{"type":"Feature","id":"way/88535175","properties":{"station_id":"porte-puymorens","osm_id":88535175,"feature":"piste","kind":"advanced","name":"La Cheminée","length_m":1832},"geometry":{"type":"LineString","coordinates":[[1.79189,42.54615],[1.79221,42.54643],[1.79257,42.54665],[1.79353,42.54693],[1.794,42.54714],[1.79487,42.54767],[1.79495,42.54773],[1.79513,42.54783],[1.79521,42.54786],[1.79516,42.54797],[1.79513,42.54803],[1.79511,42.54807],[1.79509,42.54811],[1.79508,42.54814],[1.79498,42.5482],[1.79485,42.54828],[1.79482,42.54838],[1.79479,42.54847],[1.79476,42.54858],[1.79469,42.54875],[1.79465,42.54887],[1.7946,42.54902],[1.79455,42.54919],[1.79451,42.54932],[1.79442,42.54955],[1.7943,42.54979],[1.79428,42.55011],[1.7942,42.5505],[1.79428,42.55085],[1.79445,42.55124],[1.79441,42.55149],[1.7945,42.55175],[1.79487,42.5524],[1.79517,42.55273],[1.79534,42.55286],[1.79562,42.55278],[1.79579,42.55287],[1.79597,42.55292],[1.79629,42.55295],[1.79662,42.55308],[1.7973,42.55325],[1.79832,42.55345],[1.79886,42.5536],[1.80047,42.55411],[1.80289,42.5551],[1.80478,42.55589],[1.80482,42.55591],[1.80487,42.55592],[1.80492,42.55593],[1.80495,42.55593],[1.80496,42.55594],[1.80497,42.55595],[1.80497,42.55596],[1.80497,42.55598],[1.80497,42.55599],[1.80496,42.55601],[1.80494,42.55602],[1.80492,42.55602],[1.80489,42.55602],[1.80486,42.55602],[1.80482,42.55601],[1.80474,42.55598]]}},
{"type":"Feature","id":"way/88535176","properties":{"station_id":"porte-puymorens","osm_id":88535176,"feature":"piste","kind":"novice","name":"Baby Vignole","length_m":214},"geometry":{"type":"LineString","coordinates":[[1.80533,42.55421],[1.80517,42.55435],[1.80514,42.5544],[1.8051,42.55475],[1.80514,42.55527],[1.80516,42.55577],[1.80517,42.5558],[1.80519,42.55584],[1.80522,42.55586],[1.80526,42.55587],[1.8053,42.55588],[1.80532,42.55587],[1.80536,42.55585],[1.80538,42.55584],[1.80538,42.55582],[1.80538,42.55576]]}},
{"type":"Feature","id":"way/88535177","properties":{"station_id":"porte-puymorens","osm_id":88535177,"feature":"piste","kind":"easy","name":"Retour Porté","length_m":1980},"geometry":{"type":"LineString","coordinates":[[1.80418,42.55315],[1.80419,42.55326],[1.8046,42.55331],[1.80557,42.55341],[1.80608,42.55354],[1.80694,42.55383],[1.80823,42.55403],[1.80891,42.55411],[1.80986,42.55431],[1.81017,42.55435],[1.81066,42.55436],[1.81111,42.55428],[1.81157,42.55422],[1.81237,42.55395],[1.81334,42.55367],[1.81415,42.55343],[1.8145,42.55331],[1.81483,42.55309],[1.81548,42.55257],[1.8162,42.55206],[1.81701,42.55158],[1.81754,42.55125],[1.81809,42.5508],[1.81842,42.55037],[1.81868,42.5501],[1.81888,42.54995],[1.81986,42.54984],[1.82084,42.54973],[1.82141,42.54955],[1.82183,42.54928],[1.82245,42.54892],[1.82282,42.54861],[1.82307,42.5484],[1.82342,42.54811],[1.82371,42.54794],[1.82395,42.54785],[1.82474,42.54771]]}},
{"type":"Feature","id":"way/88535178","properties":{"station_id":"porte-puymorens","osm_id":88535178,"feature":"piste","kind":"novice","name":"Baby Font Frède","length_m":609},"geometry":{"type":"LineString","coordinates":[[1.80297,42.54957],[1.8035,42.5495],[1.80421,42.54948],[1.8047,42.5496],[1.80525,42.54985],[1.80628,42.55012],[1.80682,42.5502],[1.80719,42.55013],[1.80736,42.54995],[1.80763,42.5497],[1.80786,42.54934],[1.80821,42.54906],[1.80847,42.54911],[1.80866,42.54928],[1.80911,42.54962]]}},
{"type":"Feature","id":"way/88535179","properties":{"station_id":"porte-puymorens","osm_id":88535179,"feature":"piste","kind":"advanced","name":"Les Sapins","length_m":1306},"geometry":{"type":"LineString","coordinates":[[1.80897,42.54875],[1.8094,42.54847],[1.80971,42.54836],[1.80998,42.5482],[1.81045,42.54812],[1.81101,42.54814],[1.81147,42.54803],[1.81163,42.54795],[1.81181,42.54781],[1.81213,42.54752],[1.81228,42.54733],[1.81236,42.54734],[1.81276,42.54734],[1.81348,42.54748],[1.81366,42.54755],[1.81409,42.54762],[1.81437,42.54765],[1.81483,42.54762],[1.81537,42.54754],[1.81671,42.54746],[1.81709,42.54749],[1.81772,42.54761],[1.81849,42.54775],[1.81893,42.54783],[1.81926,42.54784],[1.8198,42.54775],[1.82021,42.54769],[1.82062,42.5477],[1.82081,42.54771],[1.82101,42.54781],[1.82145,42.54784],[1.82243,42.54785],[1.82336,42.54791],[1.82395,42.54785]]}},
{"type":"Feature","id":"way/88535180","properties":{"station_id":"porte-puymorens","osm_id":88535180,"feature":"piste","kind":"novice","name":"Liaison Planeil - Font Frède","length_m":269},"geometry":{"type":"LineString","coordinates":[[1.80154,42.55039],[1.80152,42.55036],[1.80152,42.55035],[1.80153,42.55033],[1.80222,42.55],[1.8024,42.54989],[1.80267,42.54973],[1.80297,42.54957],[1.80304,42.54931],[1.80291,42.54898],[1.80287,42.54876],[1.80296,42.54855]]}},
{"type":"Feature","id":"way/88535181","properties":{"station_id":"porte-puymorens","osm_id":88535181,"feature":"piste","kind":"novice","name":"Télécorde","length_m":144},"geometry":{"type":"LineString","coordinates":[[1.80631,42.55445],[1.80603,42.55468],[1.8059,42.55525],[1.80587,42.55553],[1.8059,42.55558],[1.80594,42.5556],[1.80599,42.55559]]}},
{"type":"Feature","id":"way/88535182","properties":{"station_id":"porte-puymorens","osm_id":88535182,"feature":"piste","kind":"intermediate","name":"Les Baillettes","length_m":1037},"geometry":{"type":"LineString","coordinates":[[1.76869,42.54122],[1.76857,42.54116],[1.76854,42.5413],[1.76856,42.54144],[1.7687,42.54169],[1.76898,42.54204],[1.76942,42.54229],[1.76995,42.54239],[1.77049,42.54241],[1.77125,42.54238],[1.77263,42.5423],[1.77413,42.5427],[1.77517,42.54328],[1.77606,42.54431],[1.77727,42.5448],[1.77782,42.54528],[1.77794,42.54574]]}},
{"type":"Feature","id":"way/88535183","properties":{"station_id":"porte-puymorens","osm_id":88535183,"feature":"piste","kind":"novice","name":"Le Soldat","length_m":311},"geometry":{"type":"LineString","coordinates":[[1.8209,42.54757],[1.82131,42.54753],[1.82219,42.54735],[1.82291,42.54725],[1.82363,42.54713],[1.82435,42.54687],[1.82454,42.54682]]}},
{"type":"Feature","id":"way/88535184","properties":{"station_id":"porte-puymorens","osm_id":88535184,"feature":"piste","kind":"easy","name":"Font Frède","length_m":1584},"geometry":{"type":"LineString","coordinates":[[1.79042,42.54453],[1.7905,42.5447],[1.79139,42.54579],[1.79189,42.54615],[1.79352,42.54668],[1.7954,42.5472],[1.7978,42.54789],[1.799,42.54801],[1.80029,42.54809],[1.80116,42.54832],[1.80176,42.54846],[1.8025,42.54849],[1.80296,42.54855],[1.80377,42.54864],[1.80503,42.54895],[1.8063,42.54918],[1.80786,42.54934]]}},
{"type":"Feature","id":"way/88535188","properties":{"station_id":"porte-puymorens","osm_id":88535188,"feature":"piste","kind":"intermediate","name":"La Coulée","length_m":857},"geometry":{"type":"LineString","coordinates":[[1.80869,42.54878],[1.80948,42.54883],[1.81008,42.54892],[1.81029,42.549],[1.81106,42.54928],[1.81173,42.54951],[1.81307,42.5498],[1.81418,42.54992],[1.8152,42.54998],[1.81735,42.54992],[1.81888,42.54995]]}},
{"type":"Feature","id":"way/88535189","properties":{"station_id":"porte-puymorens","osm_id":88535189,"feature":"piste","kind":"easy","name":"Le Col","length_m":406},"geometry":{"type":"LineString","coordinates":[[1.80676,42.55967],[1.80674,42.55926],[1.80672,42.55889],[1.80655,42.55825],[1.80591,42.5575],[1.80507,42.55689],[1.80475,42.55649]]}},
{"type":"Feature","id":"way/88535192","properties":{"station_id":"porte-puymorens","osm_id":88535192,"feature":"piste","kind":"novice","name":"Liaison Col - Vignole","length_m":546},"geometry":{"type":"LineString","coordinates":[[1.81022,42.55916],[1.80944,42.55869],[1.80845,42.55817],[1.8075,42.55773],[1.80662,42.55731],[1.80589,42.55705],[1.80528,42.55672],[1.80509,42.55622]]}},
{"type":"Feature","id":"way/88535194","properties":{"station_id":"porte-puymorens","osm_id":88535194,"feature":"piste","kind":"easy","name":"La Traversée","length_m":1092},"geometry":{"type":"LineString","coordinates":[[1.80911,42.54962],[1.80953,42.55012],[1.80999,42.55057],[1.81018,42.55091],[1.81018,42.55119],[1.81001,42.55146],[1.80917,42.55183],[1.80843,42.55211],[1.80768,42.55231],[1.80657,42.55254],[1.8056,42.5528],[1.80418,42.55315],[1.80398,42.55336],[1.80396,42.55374],[1.80434,42.55445],[1.80503,42.55565],[1.80505,42.5557],[1.80505,42.55573],[1.80505,42.55576],[1.80503,42.55579],[1.805,42.55579],[1.80496,42.5558],[1.80492,42.55579],[1.80488,42.55576],[1.80486,42.55573],[1.80482,42.55565]]}},
{"type":"Feature","id":"way/88535197","properties":{"station_id":"porte-puymorens","osm_id":88535197,"feature":"piste","kind":"easy","name":"Stade Slalom","length_m":1163},"geometry":{"type":"LineString","coordinates":[[1.79429,42.54631],[1.79494,42.54631],[1.79549,42.54632],[1.79631,42.5465],[1.79665,42.5465],[1.79718,42.54652],[1.79782,42.54667],[1.79837,42.5469],[1.79899,42.54711],[1.79977,42.54722],[1.8009,42.54712],[1.80189,42.54711],[1.80236,42.5472],[1.80285,42.54739],[1.80341,42.54768],[1.80421,42.548],[1.80515,42.54833],[1.80621,42.54859],[1.80676,42.5487],[1.80768,42.54898]]}},
{"type":"Feature","id":"way/1122964910","properties":{"station_id":"porte-puymorens","osm_id":1122964910,"feature":"piste","kind":"novice","name":"La Panoramique","length_m":1470},"geometry":{"type":"LineString","coordinates":[[1.76844,42.5412],[1.76837,42.54129],[1.76848,42.54155],[1.76855,42.54171],[1.76848,42.542],[1.7684,42.54223],[1.76836,42.54245],[1.76843,42.54271],[1.76862,42.543],[1.76876,42.54326],[1.76892,42.54355],[1.76932,42.54406],[1.76965,42.54464],[1.76979,42.54495],[1.76996,42.54519],[1.77021,42.5454],[1.77044,42.54565],[1.77109,42.54603],[1.77202,42.54638],[1.77251,42.54676],[1.77307,42.54716],[1.77362,42.54761],[1.77442,42.54805],[1.775,42.54856],[1.77576,42.54885],[1.77646,42.54903],[1.77706,42.549],[1.77721,42.54838],[1.77711,42.54777],[1.77707,42.54737],[1.77711,42.54678]]}},
{"type":"Feature","id":"way/1122964911","properties":{"station_id":"porte-puymorens","osm_id":1122964911,"feature":"piste","kind":"novice","name":"Le Fliper","length_m":1333},"geometry":{"type":"LineString","coordinates":[[1.77711,42.54678],[1.77715,42.54651],[1.77711,42.54614],[1.77708,42.54586],[1.77718,42.5458],[1.7776,42.54566],[1.77794,42.54574],[1.77809,42.54578],[1.77865,42.54603],[1.779,42.54634],[1.77939,42.54652],[1.77969,42.54678],[1.78039,42.54707],[1.78079,42.54756],[1.78132,42.54789],[1.78184,42.54831],[1.78217,42.54874],[1.78229,42.54889],[1.78267,42.54918],[1.78301,42.54956],[1.78319,42.54982],[1.78334,42.55006],[1.78358,42.55018],[1.7843,42.5504],[1.78488,42.55056],[1.78533,42.55067],[1.78599,42.55097],[1.78651,42.55121],[1.78713,42.55136],[1.7878,42.55149],[1.78856,42.55161],[1.78878,42.55153]]}},
{"type":"Feature","id":"way/1122964912","properties":{"station_id":"porte-puymorens","osm_id":1122964912,"feature":"piste","kind":"intermediate","name":"La Corniche","length_m":535},"geometry":{"type":"LineString","coordinates":[[1.77706,42.549],[1.77804,42.54889],[1.77915,42.54878],[1.77994,42.54882],[1.78073,42.54883],[1.78138,42.54901],[1.78204,42.5492],[1.78279,42.54954],[1.78319,42.54982]]}},
{"type":"Feature","id":"way/1122964913","properties":{"station_id":"porte-puymorens","osm_id":1122964913,"feature":"piste","kind":"novice","name":"La Solarium","length_m":1242},"geometry":{"type":"LineString","coordinates":[[1.78334,42.55006],[1.78349,42.55069],[1.78394,42.55147],[1.78434,42.55218],[1.78485,42.55271],[1.78532,42.55312],[1.78587,42.55331],[1.78666,42.5535],[1.78678,42.55424],[1.78722,42.55471],[1.78795,42.55514],[1.78845,42.55556],[1.78945,42.55595],[1.79007,42.55647],[1.79068,42.55663],[1.79128,42.55677],[1.79214,42.55692],[1.79345,42.55671]]}},
{"type":"Feature","id":"way/1122964914","properties":{"station_id":"porte-puymorens","osm_id":1122964914,"feature":"piste","kind":"intermediate","name":"La Combe","length_m":1573},"geometry":{"type":"LineString","coordinates":[[1.76857,42.54116],[1.76856,42.54144],[1.7687,42.54169],[1.76898,42.5418],[1.76917,42.54188],[1.76935,42.54192],[1.76966,42.54192],[1.77002,42.54191],[1.77056,42.54189],[1.77131,42.54188],[1.77151,42.54192],[1.77187,42.542],[1.77248,42.54167],[1.77287,42.54168],[1.7732,42.54184],[1.77373,42.54215],[1.77533,42.54254],[1.77604,42.54268],[1.77691,42.54298],[1.77762,42.54346],[1.77809,42.544],[1.77848,42.54429],[1.77895,42.54469],[1.77972,42.54551],[1.78025,42.54593],[1.78078,42.54657],[1.78125,42.54722],[1.78173,42.54772],[1.78196,42.54792],[1.78216,42.54833],[1.78217,42.54874]]}},
{"type":"Feature","id":"way/1122964915","properties":{"station_id":"porte-puymorens","osm_id":1122964915,"feature":"piste","kind":"advanced","name":"Le CIrque","length_m":422},"geometry":{"type":"LineString","coordinates":[[1.76857,42.54116],[1.769,42.54104],[1.76933,42.54105],[1.76964,42.54105],[1.77036,42.54104],[1.77131,42.54101],[1.77157,42.541],[1.77198,42.54099],[1.77225,42.54112],[1.77238,42.54118],[1.7728,42.54157],[1.77287,42.54168],[1.77294,42.54172],[1.7732,42.54184]]}},
{"type":"Feature","id":"way/1122964916","properties":{"station_id":"porte-puymorens","osm_id":1122964916,"feature":"piste","kind":"advanced","name":"Martin Bonis","length_m":508},"geometry":{"type":"LineString","coordinates":[[1.76857,42.54116],[1.76866,42.54073],[1.76865,42.54046],[1.76859,42.54012],[1.76852,42.53996],[1.76853,42.53964],[1.76874,42.53935],[1.76895,42.53944],[1.76911,42.5395],[1.76942,42.53962],[1.77019,42.53998],[1.77061,42.5402],[1.77088,42.54034],[1.77131,42.54073],[1.77141,42.5408],[1.77157,42.541]]}},
{"type":"Feature","id":"way/1343604548","properties":{"station_id":"porte-puymorens","osm_id":1343604548,"feature":"piste","kind":"advanced","name":"Trou sans fond","length_m":459},"geometry":{"type":"LineString","coordinates":[[1.79782,42.54794],[1.7982,42.54821],[1.79868,42.54845],[1.79915,42.54875],[1.79943,42.54889],[1.79968,42.5491],[1.79972,42.54913],[1.79996,42.54944],[1.80002,42.54952],[1.80015,42.54951],[1.80022,42.54951],[1.80038,42.5495],[1.80065,42.54949],[1.80109,42.54951],[1.8014,42.54958],[1.80155,42.54964],[1.80166,42.54967],[1.80187,42.54976],[1.80206,42.54982],[1.80227,42.54986],[1.8024,42.54989]]}},
{"type":"Feature","id":"way/49600324","properties":{"station_id":"saint-lary","osm_id":49600324,"feature":"lift","kind":"chair_lift","name":"Soum de Matte","length_m":1231},"geometry":{"type":"LineString","coordinates":[[0.29012,42.8139],[0.28904,42.81385],[0.28779,42.8138],[0.28579,42.81371],[0.28446,42.81365],[0.28301,42.81359],[0.28225,42.81356],[0.28058,42.81348],[0.27951,42.81344],[0.27801,42.81337],[0.27747,42.81335],[0.27615,42.81329],[0.27582,42.81328],[0.27571,42.81327],[0.27527,42.81325],[0.27506,42.81324]]}},
{"type":"Feature","id":"way/49600325","properties":{"station_id":"saint-lary","osm_id":49600325,"feature":"lift","kind":"chair_lift","name":"Bouleaux","length_m":1819},"geometry":{"type":"LineString","coordinates":[[0.28664,42.81795],[0.28637,42.8179],[0.28573,42.81777],[0.28501,42.81763],[0.28372,42.81738],[0.28212,42.81707],[0.28029,42.81671],[0.27856,42.81637],[0.27732,42.81613],[0.27583,42.81584],[0.27375,42.81544],[0.27172,42.81504],[0.27085,42.81487],[0.26956,42.81462],[0.26768,42.81425],[0.26583,42.81389],[0.26532,42.81379],[0.26509,42.81375]]}},
{"type":"Feature","id":"way/49728252","properties":{"station_id":"saint-lary","osm_id":49728252,"feature":"lift","kind":"chair_lift","name":"Adet","length_m":664},"geometry":{"type":"LineString","coordinates":[[0.28933,42.81426],[0.28878,42.81412],[0.28821,42.81397],[0.28775,42.81385],[0.28705,42.81367],[0.28611,42.81343],[0.28511,42.81318],[0.28381,42.81284],[0.28258,42.81253],[0.28212,42.81241],[0.28191,42.81236],[0.28164,42.81229]]}},
{"type":"Feature","id":"way/49728253","properties":{"station_id":"saint-lary","osm_id":49728253,"feature":"lift","kind":"platter","name":"Garlitz","length_m":590},"geometry":{"type":"LineString","coordinates":[[0.28678,42.81214],[0.28599,42.81203],[0.28518,42.81191],[0.28438,42.81179],[0.28299,42.81158],[0.28202,42.81144],[0.28153,42.81137],[0.28051,42.81122],[0.27979,42.81111],[0.27969,42.81109]]}},
{"type":"Feature","id":"way/51030758","properties":{"station_id":"saint-lary","osm_id":51030758,"feature":"lift","kind":"gondola","name":"Vignec - Saint-Lary 1700","length_m":2593},"geometry":{"type":"LineString","coordinates":[[0.31913,42.81982],[0.31888,42.81978],[0.31832,42.81969],[0.3159,42.81933],[0.31366,42.819],[0.31255,42.81883],[0.31043,42.81851],[0.30811,42.81816],[0.30594,42.81784],[0.30419,42.81757],[0.30307,42.8174],[0.3003,42.81699],[0.29729,42.81654],[0.29586,42.81632],[0.29286,42.81587],[0.28996,42.81544],[0.28824,42.81518],[0.28799,42.81514]]}},
{"type":"Feature","id":"way/96286387","properties":{"station_id":"saint-lary","osm_id":96286387,"feature":"lift","kind":"cable_car","name":"Pic Lumière","length_m":1891},"geometry":{"type":"LineString","coordinates":[[0.32001,42.81665],[0.30115,42.81375],[0.29732,42.81317]]}},
{"type":"Feature","id":"way/260374528","properties":{"station_id":"saint-lary","osm_id":260374528,"feature":"lift","kind":"platter","name":"Ludette","length_m":304},"geometry":{"type":"LineString","coordinates":[[0.29034,42.81294],[0.28961,42.81285],[0.28867,42.81273],[0.28772,42.81262],[0.28674,42.81249],[0.28666,42.81248]]}},
{"type":"Feature","id":"way/325807577","properties":{"station_id":"saint-lary","osm_id":325807577,"feature":"lift","kind":"magic_carpet","name":"Kid Park","length_m":136},"geometry":{"type":"LineString","coordinates":[[0.29076,42.8125],[0.29232,42.81207]]}},
{"type":"Feature","id":"way/325807578","properties":{"station_id":"saint-lary","osm_id":325807578,"feature":"lift","kind":"magic_carpet","name":"École","length_m":128},"geometry":{"type":"LineString","coordinates":[[0.2943,42.8121],[0.29361,42.812],[0.29276,42.81187]]}},
{"type":"Feature","id":"way/1037770851","properties":{"station_id":"saint-lary","osm_id":1037770851,"feature":"lift","kind":"magic_carpet","name":"ESF 2","length_m":62},"geometry":{"type":"LineString","coordinates":[[0.29225,42.81187],[0.29149,42.81187]]}},
{"type":"Feature","id":"way/1037770852","properties":{"station_id":"saint-lary","osm_id":1037770852,"feature":"lift","kind":"magic_carpet","name":"Jardin d'Enfants","length_m":19},"geometry":{"type":"LineString","coordinates":[[0.29208,42.81157],[0.29231,42.81157]]}},
{"type":"Feature","id":"way/51575308","properties":{"station_id":"saint-lary","osm_id":51575308,"feature":"piste","kind":"easy","name":"Mickeys","length_m":742},"geometry":{"type":"LineString","coordinates":[[0.28164,42.81229],[0.28158,42.81227],[0.28158,42.81226],[0.28158,42.81226],[0.28158,42.81225],[0.28185,42.81219],[0.28213,42.81214],[0.28232,42.81214],[0.28248,42.81214],[0.28354,42.8123],[0.28563,42.81259],[0.28593,42.81265],[0.28677,42.81277],[0.28776,42.81295],[0.28874,42.81312],[0.28903,42.81314],[0.28946,42.81319],[0.2904,42.81331]]}},
{"type":"Feature","id":"way/51578206","properties":{"station_id":"saint-lary","osm_id":51578206,"feature":"piste","kind":"easy","name":"Escalette","length_m":726},"geometry":{"type":"LineString","coordinates":[[0.27367,42.81597],[0.2742,42.81584],[0.27457,42.81567],[0.27513,42.81567],[0.27517,42.81567],[0.27549,42.81572],[0.27569,42.81572],[0.27587,42.81573],[0.27611,42.81579],[0.27643,42.81587],[0.27677,42.81591],[0.27728,42.81603],[0.27788,42.81609],[0.27843,42.81602],[0.27857,42.81603],[0.27864,42.81606],[0.27864,42.81612],[0.27824,42.8164],[0.27798,42.81649],[0.27794,42.81652],[0.27796,42.81655],[0.27821,42.81665],[0.27847,42.81672],[0.27882,42.81674],[0.27954,42.81673],[0.28009,42.81666],[0.28034,42.81657],[0.28044,42.81651],[0.28051,42.81644]]}},
{"type":"Feature","id":"way/51578229","properties":{"station_id":"saint-lary","osm_id":51578229,"feature":"piste","kind":"advanced","name":"carrots","length_m":505},"geometry":{"type":"LineString","coordinates":[[0.27498,42.81306],[0.27521,42.81302],[0.2755,42.813],[0.27575,42.81306],[0.27588,42.81305],[0.27611,42.81307],[0.27636,42.81306],[0.27662,42.81309],[0.27682,42.81315],[0.27705,42.81322],[0.27747,42.81335],[0.27761,42.81337],[0.27803,42.81344],[0.27874,42.81351],[0.27949,42.81358],[0.27985,42.81361],[0.28027,42.81358],[0.28037,42.81358],[0.28044,42.81359],[0.28054,42.81359],[0.28066,42.8136],[0.2808,42.81361],[0.28092,42.81362],[0.28097,42.81362],[0.28104,42.81364]]}},
{"type":"Feature","id":"way/51578289","properties":{"station_id":"saint-lary","osm_id":51578289,"feature":"piste","kind":"easy","name":null,"length_m":427},"geometry":{"type":"LineString","coordinates":[[0.28527,42.81558],[0.2858,42.81507],[0.28652,42.81451],[0.28732,42.81403],[0.28745,42.81401],[0.2876,42.814],[0.28797,42.81405],[0.28816,42.8141],[0.28843,42.81417],[0.28943,42.81456]]}},
{"type":"Feature","id":"way/173770423","properties":{"station_id":"saint-lary","osm_id":173770423,"feature":"piste","kind":"easy","name":"Balcon de Cabanne","length_m":851},"geometry":{"type":"LineString","coordinates":[[0.2773,42.81875],[0.27745,42.81877],[0.27758,42.81877],[0.27763,42.81877],[0.27772,42.81877],[0.27799,42.81872],[0.27826,42.81866],[0.27851,42.81863],[0.27892,42.81858],[0.27942,42.81851],[0.28045,42.81833],[0.28078,42.8183],[0.28102,42.8183],[0.2812,42.81835],[0.28134,42.81842],[0.28145,42.81843],[0.28167,42.8184],[0.28207,42.81829],[0.28227,42.81824],[0.28244,42.81821],[0.28267,42.81819],[0.28286,42.81815],[0.28353,42.81797],[0.28389,42.81785],[0.28408,42.81775],[0.28417,42.81769],[0.28423,42.81763],[0.28429,42.81753],[0.28436,42.81734],[0.2845,42.81682],[0.28451,42.81671],[0.28449,42.81655],[0.28449,42.81631],[0.28453,42.81618],[0.28457,42.81609],[0.28476,42.81594],[0.28514,42.81572],[0.28527,42.81558]]}},
{"type":"Feature","id":"way/263789932","properties":{"station_id":"saint-lary","osm_id":263789932,"feature":"piste","kind":"novice","name":"Echarpe","length_m":571},"geometry":{"type":"LineString","coordinates":[[0.29048,42.81361],[0.29042,42.8138],[0.29005,42.81414],[0.28989,42.81423],[0.28973,42.81433],[0.28958,42.81442],[0.28949,42.8145],[0.28943,42.81456],[0.2894,42.81459],[0.28934,42.81464],[0.28911,42.81482],[0.28871,42.81507],[0.28855,42.8152],[0.28843,42.81538],[0.28832,42.81567],[0.28828,42.81577],[0.28826,42.8159],[0.28833,42.81629],[0.28844,42.81676],[0.28841,42.81699],[0.28835,42.81712],[0.28825,42.81725],[0.28798,42.81748],[0.2877,42.81761],[0.28733,42.81774]]}},
{"type":"Feature","id":"way/324880748","properties":{"station_id":"saint-lary","osm_id":324880748,"feature":"piste","kind":"easy","name":"Cabane","length_m":757},"geometry":{"type":"LineString","coordinates":[[0.28104,42.81364],[0.28147,42.81366],[0.28186,42.81381],[0.28218,42.81412],[0.28296,42.81458],[0.28394,42.81497],[0.28449,42.81523],[0.28527,42.81558],[0.28592,42.81568],[0.28632,42.81587],[0.28703,42.81636],[0.28746,42.81664],[0.28776,42.81691],[0.28789,42.81711],[0.2879,42.81733],[0.2877,42.81761]]}},
{"type":"Feature","id":"way/324880867","properties":{"station_id":"saint-lary","osm_id":324880867,"feature":"piste","kind":"easy","name":"Desman","length_m":217},"geometry":{"type":"LineString","coordinates":[[0.28437,42.81375],[0.28442,42.81376],[0.28446,42.81375],[0.28453,42.81373],[0.28456,42.8137],[0.28459,42.81354],[0.28456,42.81332],[0.28454,42.81314],[0.28457,42.81305],[0.28465,42.81296],[0.28475,42.81289],[0.28478,42.81287],[0.28491,42.81281],[0.28507,42.81278],[0.28525,42.81277],[0.2854,42.81278],[0.28569,42.81275],[0.28593,42.81265]]}},
{"type":"Feature","id":"way/400872986","properties":{"station_id":"saint-lary","osm_id":400872986,"feature":"piste","kind":"easy","name":"Desman","length_m":305},"geometry":{"type":"LineString","coordinates":[[0.28164,42.81229],[0.28158,42.81227],[0.28157,42.81228],[0.28157,42.81229],[0.28156,42.8123],[0.28162,42.81245],[0.28171,42.81263],[0.28198,42.81282],[0.28259,42.81306],[0.28277,42.81315],[0.28299,42.81316],[0.28318,42.81317],[0.28333,42.81319],[0.28348,42.81323],[0.28392,42.81346],[0.28413,42.81359],[0.28437,42.81375]]}},
{"type":"Feature","id":"way/400872987","properties":{"station_id":"saint-lary","osm_id":400872987,"feature":"piste","kind":"easy","name":"Escalette","length_m":171},"geometry":{"type":"LineString","coordinates":[[0.28093,42.81378],[0.281,42.8137],[0.28104,42.81364],[0.28112,42.81356],[0.28161,42.81343],[0.28247,42.81322],[0.28277,42.81315]]}},
{"type":"Feature","id":"way/400872988","properties":{"station_id":"saint-lary","osm_id":400872988,"feature":"piste","kind":"novice","name":"Chemin du Garlitz","length_m":495},"geometry":{"type":"LineString","coordinates":[[0.28657,42.81234],[0.28669,42.81228],[0.28716,42.81205],[0.28746,42.81198],[0.28771,42.81196],[0.28789,42.81197],[0.28811,42.81199],[0.28828,42.81202],[0.28843,42.81202],[0.28864,42.81199],[0.28895,42.81193],[0.28952,42.81186],[0.28996,42.81186],[0.29055,42.81189],[0.29114,42.81193],[0.29247,42.81197]]}},
{"type":"Feature","id":"way/400872989","properties":{"station_id":"saint-lary","osm_id":400872989,"feature":"piste","kind":"novice","name":null,"length_m":176},"geometry":{"type":"LineString","coordinates":[[0.29247,42.81197],[0.29268,42.812],[0.29342,42.81208],[0.29439,42.81222],[0.29444,42.81225],[0.29444,42.81229],[0.29436,42.81232]]}},
{"type":"Feature","id":"way/400872990","properties":{"station_id":"saint-lary","osm_id":400872990,"feature":"piste","kind":"novice","name":"Echarpe","length_m":52},"geometry":{"type":"LineString","coordinates":[[0.28733,42.81774],[0.28725,42.81777],[0.28706,42.81782],[0.287,42.81791],[0.28696,42.81797],[0.28685,42.81799]]}},
{"type":"Feature","id":"way/400872991","properties":{"station_id":"saint-lary","osm_id":400872991,"feature":"piste","kind":"novice","name":"Echarpe","length_m":298},"geometry":{"type":"LineString","coordinates":[[0.29436,42.81232],[0.29321,42.81247],[0.29175,42.8126],[0.29102,42.81275],[0.2908,42.81285]]}},
{"type":"Feature","id":"way/400872992","properties":{"station_id":"saint-lary","osm_id":400872992,"feature":"piste","kind":"novice","name":"Echarpe","length_m":98},"geometry":{"type":"LineString","coordinates":[[0.2908,42.81285],[0.29053,42.81304],[0.29044,42.81311],[0.29041,42.8132],[0.2904,42.81331],[0.29043,42.81343],[0.29048,42.81361]]}},
{"type":"Feature","id":"way/400872994","properties":{"station_id":"saint-lary","osm_id":400872994,"feature":"piste","kind":"easy","name":"Garlitz","length_m":614},"geometry":{"type":"LineString","coordinates":[[0.27969,42.81109],[0.27963,42.81121],[0.27964,42.81129],[0.28001,42.81138],[0.28061,42.81149],[0.28462,42.81215],[0.28608,42.81228],[0.28637,42.81219],[0.28656,42.81224],[0.28669,42.81228]]}},
{"type":"Feature","id":"way/400873005","properties":{"station_id":"saint-lary","osm_id":400873005,"feature":"piste","kind":"easy","name":"Desman","length_m":63},"geometry":{"type":"LineString","coordinates":[[0.28593,42.81265],[0.28642,42.81239],[0.28657,42.81234]]}},
{"type":"Feature","id":"way/473137403","properties":{"station_id":"saint-lary","osm_id":473137403,"feature":"piste","kind":"novice","name":null,"length_m":263},"geometry":{"type":"LineString","coordinates":[[0.29232,42.81207],[0.29226,42.81205],[0.29219,42.81204],[0.29181,42.81208],[0.29085,42.8122],[0.29052,42.8122],[0.29037,42.8122],[0.29036,42.81223],[0.29036,42.81226],[0.29046,42.81228],[0.29085,42.81232],[0.29094,42.81234],[0.29095,42.81236],[0.29064,42.81243],[0.29063,42.81248],[0.29065,42.81251],[0.29076,42.8125]]}},
{"type":"Feature","id":"way/473137405","properties":{"station_id":"saint-lary","osm_id":473137405,"feature":"piste","kind":"novice","name":null,"length_m":29},"geometry":{"type":"LineString","coordinates":[[0.29276,42.81187],[0.29257,42.81187],[0.29247,42.81197]]}},
{"type":"Feature","id":"way/473137406","properties":{"station_id":"saint-lary","osm_id":473137406,"feature":"piste","kind":"novice","name":null,"length_m":184},"geometry":{"type":"LineString","coordinates":[[0.29257,42.81187],[0.29262,42.81183],[0.29269,42.81181],[0.29282,42.81179],[0.2937,42.81187],[0.29439,42.81199],[0.2947,42.81214]]}},
{"type":"Feature","id":"way/543047959","properties":{"station_id":"saint-lary","osm_id":543047959,"feature":"piste","kind":"easy","name":"Escalette","length_m":180},"geometry":{"type":"LineString","coordinates":[[0.28018,42.81529],[0.28019,42.81522],[0.2803,42.81483],[0.28047,42.81448],[0.28063,42.81421],[0.2807,42.81412],[0.28093,42.81378]]}},
{"type":"Feature","id":"way/543047960","properties":{"station_id":"saint-lary","osm_id":543047960,"feature":"piste","kind":"easy","name":"Escalette","length_m":135},"geometry":{"type":"LineString","coordinates":[[0.28051,42.81644],[0.28056,42.81636],[0.28055,42.81629],[0.28045,42.81611],[0.28031,42.81588],[0.28019,42.81568],[0.28017,42.81555],[0.28016,42.81545],[0.28018,42.81529]]}},
{"type":"Feature","id":"way/543067415","properties":{"station_id":"saint-lary","osm_id":543067415,"feature":"piste","kind":"easy","name":null,"length_m":172},"geometry":{"type":"LineString","coordinates":[[0.28732,42.81403],[0.28755,42.81388],[0.28804,42.81359],[0.28903,42.81314]]}},
{"type":"Feature","id":"way/1029057246","properties":{"station_id":"saint-lary","osm_id":1029057246,"feature":"piste","kind":"intermediate","name":"François Vignole","length_m":1393},"geometry":{"type":"LineString","coordinates":[[0.26493,42.81372],[0.26483,42.8137],[0.26478,42.81364],[0.2648,42.81354],[0.26486,42.81348],[0.26512,42.81346],[0.26548,42.81348],[0.2658,42.81346],[0.26593,42.81345],[0.26609,42.81344],[0.26661,42.81339],[0.26708,42.8134],[0.26757,42.81338],[0.26812,42.81337],[0.26863,42.81331],[0.26911,42.81324],[0.26965,42.81314],[0.27004,42.81292],[0.27074,42.81269],[0.27114,42.81261],[0.27186,42.81264],[0.27223,42.81266],[0.27275,42.81273],[0.27306,42.81271],[0.27335,42.81268],[0.27366,42.81273],[0.27437,42.81307],[0.2746,42.81322],[0.27498,42.81306],[0.27619,42.81259],[0.27647,42.81246],[0.27716,42.81228],[0.27766,42.8123],[0.27805,42.81249],[0.27825,42.81251],[0.2784,42.81245],[0.27861,42.81234],[0.27943,42.81123],[0.27952,42.81122],[0.27961,42.81126],[0.27964,42.81129]]}},
{"type":"Feature","id":"way/1029083652","properties":{"station_id":"saint-lary","osm_id":1029083652,"feature":"piste","kind":"easy","name":"tétras","length_m":585},"geometry":{"type":"LineString","coordinates":[[0.27459,42.8196],[0.275,42.81935],[0.27519,42.81931],[0.27535,42.81941],[0.27581,42.8199],[0.2762,42.82016],[0.27668,42.82029],[0.27726,42.82035],[0.27772,42.82026],[0.27916,42.81987],[0.28091,42.81961]]}},
{"type":"Feature","id":"way/1029083653","properties":{"station_id":"saint-lary","osm_id":1029083653,"feature":"piste","kind":"easy","name":null,"length_m":536},"geometry":{"type":"LineString","coordinates":[[0.28091,42.81961],[0.28097,42.81961],[0.28102,42.8196],[0.28113,42.81957],[0.28139,42.81947],[0.28165,42.81934],[0.28186,42.81925],[0.28204,42.81919],[0.28226,42.81916],[0.28301,42.81916],[0.28354,42.81917],[0.28376,42.81916],[0.28395,42.81914],[0.28429,42.81907],[0.28457,42.819],[0.28556,42.8187],[0.28578,42.81864],[0.28598,42.81856],[0.28609,42.81849],[0.28623,42.81838],[0.28634,42.81829],[0.28641,42.81825],[0.28647,42.81821],[0.28652,42.81818],[0.28656,42.81816],[0.2866,42.81814],[0.28662,42.81813],[0.28666,42.81812],[0.2867,42.8181],[0.28675,42.81809],[0.28678,42.81808],[0.28679,42.81807],[0.28681,42.81805],[0.28682,42.81804],[0.28685,42.81799]]}},
{"type":"Feature","id":"way/1029656226","properties":{"station_id":"saint-lary","osm_id":1029656226,"feature":"piste","kind":null,"name":null,"length_m":104},"geometry":{"type":"LineString","coordinates":[[0.28869,42.8139],[0.28989,42.81423]]}},
{"type":"Feature","id":"way/1029970419","properties":{"station_id":"saint-lary","osm_id":1029970419,"feature":"piste","kind":"easy","name":null,"length_m":349},"geometry":{"type":"LineString","coordinates":[[0.29114,42.81193],[0.29032,42.81203],[0.28961,42.81215],[0.28918,42.81224],[0.28895,42.81231],[0.28898,42.81249],[0.28946,42.81319],[0.28954,42.81349],[0.28959,42.8137]]}},
{"type":"Feature","id":"way/1141062403","properties":{"station_id":"saint-lary","osm_id":1141062403,"feature":"piste","kind":"easy","name":"bouleaux","length_m":205},"geometry":{"type":"LineString","coordinates":[[0.27971,42.81929],[0.28006,42.81935],[0.28056,42.81949],[0.28069,42.81954],[0.28089,42.81956],[0.28102,42.81954],[0.28113,42.8195],[0.28137,42.81939],[0.28174,42.81925],[0.28204,42.81919]]}},
{"type":"Feature","id":"way/1141584348","properties":{"station_id":"saint-lary","osm_id":1141584348,"feature":"piste","kind":"easy","name":null,"length_m":247},"geometry":{"type":"LineString","coordinates":[[0.27964,42.81129],[0.27975,42.81143],[0.27996,42.81162],[0.28025,42.81173],[0.28077,42.81178],[0.28102,42.81184],[0.2817,42.812],[0.28232,42.81214]]}},
{"type":"Feature","id":"way/93158485","properties":{"station_id":"superbagneres","osm_id":93158485,"feature":"lift","kind":"chair_lift","name":"Hount-Estrete","length_m":1362},"geometry":{"type":"LineString","coordinates":[[0.55515,42.77138],[0.55486,42.77122],[0.55441,42.77096],[0.55361,42.77051],[0.55284,42.77008],[0.55222,42.76972],[0.55205,42.76963],[0.55123,42.76916],[0.55047,42.76873],[0.54968,42.76829],[0.54923,42.76803],[0.54803,42.76735],[0.5476,42.76711],[0.54626,42.76635],[0.54591,42.76615],[0.54503,42.76565],[0.54421,42.76518],[0.54316,42.76459],[0.54282,42.7644],[0.54263,42.76429],[0.54239,42.76415],[0.54194,42.7639]]}},
{"type":"Feature","id":"way/93158487","properties":{"station_id":"superbagneres","osm_id":93158487,"feature":"lift","kind":"drag_lift","name":"Arbesquens","length_m":711},"geometry":{"type":"LineString","coordinates":[[0.56609,42.76881],[0.56606,42.76868],[0.56588,42.76758],[0.56571,42.76651],[0.56551,42.7653],[0.56536,42.76437],[0.56519,42.76337],[0.56512,42.76291],[0.56504,42.76246]]}},
{"type":"Feature","id":"way/93158488","properties":{"station_id":"superbagneres","osm_id":93158488,"feature":"lift","kind":"chair_lift","name":"Crabioules","length_m":729},"geometry":{"type":"LineString","coordinates":[[0.58535,42.76521],[0.58506,42.76515],[0.5845,42.76504],[0.5836,42.76485],[0.58288,42.76471],[0.58218,42.76457],[0.58142,42.76442],[0.58065,42.76426],[0.57988,42.76411],[0.57913,42.76396],[0.57865,42.76386],[0.57787,42.76371],[0.57703,42.76354],[0.57693,42.76352],[0.57674,42.76348]]}},
{"type":"Feature","id":"way/95156522","properties":{"station_id":"superbagneres","osm_id":95156522,"feature":"lift","kind":"chair_lift","name":"Lac","length_m":1088},"geometry":{"type":"LineString","coordinates":[[0.5635,42.77062],[0.56368,42.77059],[0.56403,42.77055],[0.5651,42.77041],[0.566,42.77029],[0.56726,42.77013],[0.56876,42.76994],[0.56986,42.7698],[0.5708,42.76967],[0.57171,42.76956],[0.57257,42.76945],[0.57346,42.76933],[0.57434,42.76922],[0.57522,42.7691],[0.57601,42.769],[0.57637,42.76896],[0.57662,42.76892]]}},
{"type":"Feature","id":"way/96005467","properties":{"station_id":"superbagneres","osm_id":96005467,"feature":"lift","kind":"drag_lift","name":"Baby","length_m":160},"geometry":{"type":"LineString","coordinates":[[0.57535,42.76992],[0.57586,42.76988],[0.57669,42.76982],[0.57712,42.76978],[0.5773,42.76977]]}},
{"type":"Feature","id":"way/96005468","properties":{"station_id":"superbagneres","osm_id":96005468,"feature":"lift","kind":"chair_lift","name":"Arbesquens","length_m":1140},"geometry":{"type":"LineString","coordinates":[[0.56468,42.77036],[0.56553,42.76979],[0.56661,42.76906],[0.56786,42.76822],[0.56914,42.76737],[0.57033,42.76657],[0.57135,42.76588],[0.57227,42.76526],[0.57346,42.76447],[0.57451,42.76376],[0.57483,42.76355],[0.57499,42.76344]]}},
{"type":"Feature","id":"way/96005480","properties":{"station_id":"superbagneres","osm_id":96005480,"feature":"lift","kind":"platter","name":"Téchous","length_m":447},"geometry":{"type":"LineString","coordinates":[[0.58806,42.76387],[0.58783,42.76373],[0.58722,42.76337],[0.58648,42.76293],[0.58579,42.76253],[0.58462,42.76184],[0.5838,42.76135]]}},
{"type":"Feature","id":"way/104328085","properties":{"station_id":"superbagneres","osm_id":104328085,"feature":"lift","kind":"drag_lift","name":"Record","length_m":865},"geometry":{"type":"LineString","coordinates":[[0.57869,42.77732],[0.57862,42.77672],[0.57852,42.77601],[0.57847,42.77557],[0.57834,42.77463],[0.57821,42.77364],[0.57816,42.77325],[0.57806,42.77243],[0.57795,42.77159],[0.57787,42.77103],[0.57777,42.77021],[0.57773,42.76991],[0.57768,42.76958]]}},
{"type":"Feature","id":"way/104328106","properties":{"station_id":"superbagneres","osm_id":104328106,"feature":"lift","kind":"drag_lift","name":"Renards","length_m":296},"geometry":{"type":"LineString","coordinates":[[0.57396,42.77052],[0.57425,42.77046],[0.57538,42.77024],[0.57677,42.76996],[0.57721,42.76987],[0.57746,42.76982]]}},
{"type":"Feature","id":"way/265141454","properties":{"station_id":"superbagneres","osm_id":265141454,"feature":"lift","kind":"magic_carpet","name":"Tapis ESF","length_m":28},"geometry":{"type":"LineString","coordinates":[[0.57827,42.76958],[0.57796,42.76947]]}},
{"type":"Feature","id":"way/265141514","properties":{"station_id":"superbagneres","osm_id":265141514,"feature":"lift","kind":"drag_lift","name":"École","length_m":58},"geometry":{"type":"LineString","coordinates":[[0.57694,42.77026],[0.57761,42.7701]]}},
{"type":"Feature","id":"way/393009496","properties":{"station_id":"superbagneres","osm_id":393009496,"feature":"lift","kind":"chair_lift","name":"Céciré Express","length_m":1808},"geometry":{"type":"LineString","coordinates":[[0.56349,42.77017],[0.5633,42.77011],[0.56301,42.77002],[0.56219,42.76977],[0.5603,42.7692],[0.55908,42.76883],[0.55873,42.76872],[0.55727,42.76828],[0.55568,42.7678],[0.55425,42.76737],[0.55262,42.76688],[0.55098,42.76638],[0.54929,42.76587],[0.54867,42.76568],[0.54716,42.76522],[0.54697,42.76517],[0.54545,42.76471],[0.54467,42.76447],[0.54359,42.76414],[0.54341,42.76409],[0.54301,42.76397]]}},
{"type":"Feature","id":"way/672909433","properties":{"station_id":"superbagneres","osm_id":672909433,"feature":"lift","kind":"rope_tow","name":"Mouflets","length_m":70},"geometry":{"type":"LineString","coordinates":[[0.57794,42.77011],[0.57841,42.76958]]}},
{"type":"Feature","id":"way/1225451135","properties":{"station_id":"superbagneres","osm_id":1225451135,"feature":"lift","kind":"gondola","name":"Crémaillère Express","length_m":2364},"geometry":{"type":"LineString","coordinates":[[0.59088,42.78793],[0.58971,42.78603],[0.58771,42.78277],[0.58672,42.78116],[0.58574,42.77957],[0.58457,42.77766],[0.58386,42.77653],[0.58335,42.77569],[0.58107,42.77198],[0.57963,42.76965],[0.5792,42.76895],[0.57915,42.76886],[0.57896,42.76855]]}},
{"type":"Feature","id":"way/93158486","properties":{"station_id":"superbagneres","osm_id":93158486,"feature":"piste","kind":"easy","name":"Lac","length_m":1509},"geometry":{"type":"LineString","coordinates":[[0.57662,42.76892],[0.57676,42.76891],[0.57679,42.76891],[0.5768,42.76892],[0.57682,42.76893],[0.57683,42.76895],[0.57683,42.76896],[0.57682,42.76898],[0.57681,42.769],[0.57618,42.76928],[0.57581,42.76933],[0.57538,42.76933],[0.57504,42.76929],[0.57483,42.76916],[0.57433,42.76891],[0.57397,42.76866],[0.57363,42.76831],[0.57358,42.76818],[0.57319,42.76703],[0.5731,42.76682],[0.57294,42.76661],[0.57274,42.76638],[0.57245,42.76623],[0.57233,42.76616],[0.57163,42.76611],[0.57148,42.7661],[0.571,42.76611],[0.57076,42.76617],[0.57045,42.76633],[0.57024,42.76638],[0.56991,42.76644],[0.56971,42.76645],[0.56956,42.76647],[0.56938,42.76665],[0.56892,42.76708],[0.56857,42.76738],[0.56823,42.76758],[0.56797,42.76769],[0.56733,42.76791],[0.567,42.76812],[0.56669,42.76836],[0.56637,42.76886],[0.56619,42.7691],[0.56593,42.76933],[0.56556,42.76958],[0.56522,42.76978],[0.56455,42.77014],[0.56367,42.77034]]}},
{"type":"Feature","id":"way/95156513","properties":{"station_id":"superbagneres","osm_id":95156513,"feature":"piste","kind":"easy","name":"Traversée des Marmottes","length_m":257},"geometry":{"type":"LineString","coordinates":[[0.55371,42.7634],[0.55371,42.76366],[0.55371,42.76371],[0.55365,42.76401],[0.5536,42.76418],[0.55354,42.76455],[0.55353,42.76491],[0.55355,42.76516],[0.55351,42.7654],[0.55347,42.76554],[0.55341,42.76569]]}},
{"type":"Feature","id":"way/95156515","properties":{"station_id":"superbagneres","osm_id":95156515,"feature":"piste","kind":"easy","name":"Les Marmottes","length_m":1998},"geometry":{"type":"LineString","coordinates":[[0.54242,42.76374],[0.54232,42.76367],[0.54211,42.76348],[0.54199,42.76333],[0.54187,42.76299],[0.54179,42.7627],[0.54176,42.7625],[0.54178,42.76239],[0.54181,42.76233],[0.54187,42.76224],[0.54202,42.76212],[0.54232,42.76196],[0.5426,42.76173],[0.54266,42.76161],[0.5427,42.76137],[0.54271,42.7611],[0.5428,42.76091],[0.54294,42.76076],[0.54308,42.76066],[0.54365,42.76043],[0.54385,42.76029],[0.54394,42.76016],[0.54414,42.75972],[0.54424,42.75956],[0.5444,42.7594],[0.54462,42.75923],[0.54475,42.75911],[0.545,42.75882],[0.5451,42.7587],[0.54552,42.75825],[0.54577,42.75813],[0.546,42.75808],[0.54628,42.75809],[0.54687,42.75827],[0.54715,42.75831],[0.54753,42.75831],[0.54784,42.75827],[0.54802,42.75827],[0.54819,42.7583],[0.54922,42.75882],[0.54957,42.75902],[0.54971,42.75919],[0.54973,42.75933],[0.54967,42.75952],[0.54953,42.75975],[0.54934,42.75986],[0.54897,42.76],[0.54878,42.76008],[0.54864,42.76024],[0.5486,42.76039],[0.54863,42.76052],[0.54876,42.76063],[0.54894,42.76069],[0.54898,42.7607],[0.54905,42.76071],[0.54918,42.76073],[0.54942,42.7607],[0.54967,42.76068],[0.54992,42.76061],[0.55027,42.76048],[0.55054,42.76041],[0.55082,42.7604],[0.55109,42.76046],[0.55145,42.76062],[0.55165,42.76074],[0.5519,42.761],[0.5522,42.76117],[0.55249,42.76133],[0.5529,42.76152],[0.55277,42.76165],[0.55263,42.76175],[0.55245,42.76207],[0.55239,42.76224],[0.55237,42.76245],[0.55254,42.76283],[0.5527,42.76295],[0.55302,42.76305],[0.55331,42.76317],[0.55371,42.7634]]}},
{"type":"Feature","id":"way/95156524","properties":{"station_id":"superbagneres","osm_id":95156524,"feature":"piste","kind":"easy","name":"Sarnailles","length_m":451},"geometry":{"type":"LineString","coordinates":[[0.57581,42.76373],[0.5757,42.76395],[0.57556,42.76409],[0.57539,42.76429],[0.5751,42.7645],[0.57472,42.76465],[0.57389,42.7649],[0.57342,42.76505],[0.57265,42.76535],[0.57201,42.76565],[0.57172,42.76585],[0.57163,42.76611]]}},
{"type":"Feature","id":"way/95156527","properties":{"station_id":"superbagneres","osm_id":95156527,"feature":"piste","kind":"advanced","name":"Gouron","length_m":383},"geometry":{"type":"LineString","coordinates":[[0.54242,42.76374],[0.54226,42.76405],[0.54216,42.76413],[0.54214,42.76419],[0.54211,42.76429],[0.5421,42.7644],[0.54207,42.76466],[0.54205,42.76474],[0.542,42.76485],[0.54186,42.76501],[0.54169,42.76517],[0.54159,42.76522],[0.54147,42.76524],[0.54139,42.76526],[0.54129,42.76528],[0.54119,42.76534],[0.54124,42.76538],[0.54133,42.76544],[0.54141,42.7655],[0.54152,42.76557],[0.5416,42.76566],[0.54165,42.76573],[0.54169,42.76584],[0.5417,42.76588],[0.54173,42.76602],[0.54173,42.76617],[0.54173,42.76623],[0.54179,42.76636],[0.54187,42.76645],[0.54193,42.76651],[0.54199,42.76662]]}},
{"type":"Feature","id":"way/95156533","properties":{"station_id":"superbagneres","osm_id":95156533,"feature":"piste","kind":"advanced","name":"Sarrats","length_m":858},"geometry":{"type":"LineString","coordinates":[[0.54232,42.76196],[0.54257,42.76196],[0.54271,42.76192],[0.5428,42.7619],[0.54288,42.76191],[0.54339,42.76207],[0.54347,42.76214],[0.54363,42.76225],[0.54377,42.76223],[0.54387,42.76222],[0.54391,42.76216],[0.54398,42.7621],[0.54408,42.76204],[0.54416,42.76196],[0.54431,42.76199],[0.54448,42.76209],[0.54465,42.76214],[0.54483,42.76219],[0.545,42.76215],[0.54514,42.76213],[0.54563,42.76238],[0.54585,42.7624],[0.54605,42.76231],[0.54618,42.76223],[0.54665,42.76216],[0.54781,42.76203],[0.54799,42.76201],[0.54807,42.76198],[0.54817,42.76195],[0.54823,42.76185],[0.54827,42.76174],[0.54832,42.76167],[0.54844,42.7616],[0.54867,42.7613],[0.54879,42.76109],[0.54884,42.76096],[0.54894,42.76069],[0.54905,42.76071],[0.54918,42.76073],[0.54942,42.7607],[0.55017,42.76086],[0.5506,42.76092],[0.5508,42.76104],[0.55087,42.76112]]}},
{"type":"Feature","id":"way/95156535","properties":{"station_id":"superbagneres","osm_id":95156535,"feature":"piste","kind":"intermediate","name":"Lafforgue","length_m":423},"geometry":{"type":"LineString","coordinates":[[0.54414,42.75972],[0.54461,42.75956],[0.54484,42.75952],[0.54504,42.75953],[0.54554,42.75968],[0.54582,42.75972],[0.54608,42.75972],[0.5463,42.75966],[0.54663,42.75944],[0.54683,42.75939],[0.54707,42.75938],[0.54732,42.75945],[0.54777,42.75967],[0.54846,42.76001],[0.54856,42.7601],[0.54864,42.76024]]}},
{"type":"Feature","id":"way/95156538","properties":{"station_id":"superbagneres","osm_id":95156538,"feature":"piste","kind":"intermediate","name":"Campistrous","length_m":300},"geometry":{"type":"LineString","coordinates":[[0.57603,42.76566],[0.57572,42.76571],[0.57477,42.76588],[0.57419,42.76594],[0.57377,42.76601],[0.57309,42.76608],[0.57245,42.76623]]}},
{"type":"Feature","id":"way/95156541","properties":{"station_id":"superbagneres","osm_id":95156541,"feature":"piste","kind":"advanced","name":"Esquiros","length_m":673},"geometry":{"type":"LineString","coordinates":[[0.56504,42.76246],[0.56492,42.76271],[0.5644,42.76332],[0.56383,42.76362],[0.56267,42.76382],[0.56209,42.76399],[0.56196,42.7641],[0.56186,42.76423],[0.56187,42.76473],[0.56179,42.76504],[0.56182,42.76513],[0.56215,42.76542],[0.56223,42.76554],[0.56224,42.76562],[0.56163,42.76655],[0.56161,42.76673],[0.56171,42.76693]]}},
{"type":"Feature","id":"way/95156544","properties":{"station_id":"superbagneres","osm_id":95156544,"feature":"piste","kind":"advanced","name":"Tétras","length_m":655},"geometry":{"type":"LineString","coordinates":[[0.56504,42.76246],[0.56639,42.76275],[0.56696,42.76294],[0.56741,42.7631],[0.56788,42.76324],[0.56836,42.76339],[0.56848,42.76348],[0.56856,42.76377],[0.5687,42.76423],[0.56883,42.76477],[0.56891,42.76525],[0.56896,42.7656],[0.56903,42.76588],[0.56914,42.76598],[0.5693,42.76614],[0.56946,42.76627],[0.5695,42.76635],[0.56956,42.76647]]}},
{"type":"Feature","id":"way/95156545","properties":{"station_id":"superbagneres","osm_id":95156545,"feature":"piste","kind":"intermediate","name":"Hount-Estrete","length_m":70},"geometry":{"type":"LineString","coordinates":[[0.54242,42.76374],[0.54272,42.76405],[0.54286,42.76412],[0.54293,42.76415],[0.54302,42.76416]]}},
{"type":"Feature","id":"way/95156554","properties":{"station_id":"superbagneres","osm_id":95156554,"feature":"piste","kind":"advanced","name":"Violettes","length_m":734},"geometry":{"type":"LineString","coordinates":[[0.56504,42.76246],[0.56531,42.76258],[0.56559,42.76272],[0.56626,42.76302],[0.56647,42.76312],[0.56669,42.76328],[0.56672,42.7634],[0.56668,42.76373],[0.56652,42.76425],[0.5664,42.76467],[0.56637,42.76478],[0.5663,42.76486],[0.5661,42.76496],[0.56595,42.76507],[0.56592,42.7652],[0.56593,42.76533],[0.56602,42.76553],[0.56607,42.76569],[0.56608,42.76589],[0.56617,42.76611],[0.56643,42.76639],[0.56653,42.7665],[0.56707,42.76683],[0.56716,42.7669],[0.56723,42.76702],[0.56733,42.76791]]}},
{"type":"Feature","id":"way/96005477","properties":{"station_id":"superbagneres","osm_id":96005477,"feature":"piste","kind":"novice","name":"Faucon","length_m":1009},"geometry":{"type":"LineString","coordinates":[[0.57865,42.76808],[0.57825,42.76758],[0.57776,42.76688],[0.5777,42.76677],[0.57766,42.76665],[0.57767,42.7665],[0.57772,42.76637],[0.578,42.76605],[0.57849,42.76567],[0.57885,42.76542],[0.5791,42.7652],[0.57949,42.76508],[0.58002,42.76491],[0.58037,42.76481],[0.58065,42.76481],[0.58088,42.76492],[0.58104,42.76509],[0.58122,42.76525],[0.58153,42.76538],[0.5817,42.76547],[0.58205,42.76549],[0.5823,42.76549],[0.58276,42.76531],[0.58288,42.76514],[0.5828,42.76446],[0.58284,42.76419],[0.58297,42.76398],[0.58314,42.76385],[0.58343,42.76374],[0.58374,42.7637],[0.58397,42.76372],[0.58445,42.76375]]}},
{"type":"Feature","id":"way/96005481","properties":{"station_id":"superbagneres","osm_id":96005481,"feature":"piste","kind":"easy","name":"Piste à Doudou","length_m":516},"geometry":{"type":"LineString","coordinates":[[0.57612,42.7663],[0.57614,42.76645],[0.57611,42.76656],[0.57607,42.76661],[0.5756,42.76704],[0.57523,42.76735],[0.57511,42.76753],[0.57498,42.76777],[0.57492,42.76792],[0.57485,42.76818],[0.57478,42.76845],[0.57473,42.76871],[0.57483,42.76916],[0.57489,42.7694],[0.57483,42.76959],[0.57475,42.76989],[0.57472,42.77012],[0.57474,42.77032],[0.57474,42.77046],[0.5747,42.77052],[0.57461,42.77059]]}},
{"type":"Feature","id":"way/98541547","properties":{"station_id":"superbagneres","osm_id":98541547,"feature":"piste","kind":"easy","name":"Coumes","length_m":366},"geometry":{"type":"LineString","coordinates":[[0.57849,42.76567],[0.58109,42.76574],[0.58242,42.76558],[0.58252,42.76553],[0.58267,42.76547],[0.58276,42.76531]]}},
{"type":"Feature","id":"way/98541548","properties":{"station_id":"superbagneres","osm_id":98541548,"feature":"piste","kind":"easy","name":"Tunnel","length_m":923},"geometry":{"type":"LineString","coordinates":[[0.57674,42.76348],[0.5767,42.76347],[0.57669,42.76346],[0.57794,42.76267],[0.57883,42.76218],[0.57972,42.76161],[0.58024,42.76145],[0.58062,42.76123],[0.58098,42.76096],[0.58157,42.76068],[0.5824,42.76046],[0.58372,42.76027],[0.58437,42.76024],[0.58525,42.76006],[0.5856,42.7601],[0.58576,42.7602],[0.58604,42.76045],[0.58622,42.76057]]}},
{"type":"Feature","id":"way/98541552","properties":{"station_id":"superbagneres","osm_id":98541552,"feature":"piste","kind":"easy","name":"Tunnel","length_m":44},"geometry":{"type":"LineString","coordinates":[[0.58633,42.76064],[0.58638,42.76068],[0.58646,42.76079],[0.5864,42.761]]}},
{"type":"Feature","id":"way/104328109","properties":{"station_id":"superbagneres","osm_id":104328109,"feature":"piste","kind":"easy","name":"Renards","length_m":368},"geometry":{"type":"LineString","coordinates":[[0.57746,42.76982],[0.5775,42.76979],[0.57756,42.76978],[0.57759,42.76981],[0.57759,42.76986],[0.57753,42.76992],[0.57747,42.76997],[0.57733,42.77004],[0.57713,42.7701],[0.57693,42.77014],[0.57636,42.77022],[0.57491,42.77055],[0.57461,42.77059],[0.57419,42.7707],[0.57394,42.77069],[0.57383,42.77063],[0.57381,42.77058],[0.57383,42.77055],[0.57396,42.77052]]}},
{"type":"Feature","id":"way/104328117","properties":{"station_id":"superbagneres","osm_id":104328117,"feature":"piste","kind":"easy","name":"Baby","length_m":362},"geometry":{"type":"LineString","coordinates":[[0.5773,42.76977],[0.57733,42.76961],[0.57707,42.76944],[0.57681,42.76938],[0.57638,42.76941],[0.576,42.76945],[0.5757,42.76953],[0.57547,42.76961],[0.57511,42.76967],[0.57494,42.76973],[0.57475,42.76989],[0.57435,42.77014],[0.57394,42.7704],[0.57386,42.77047],[0.57386,42.77052],[0.57396,42.77052]]}},
{"type":"Feature","id":"way/104328166","properties":{"station_id":"superbagneres","osm_id":104328166,"feature":"piste","kind":"easy","name":"Téchous","length_m":464},"geometry":{"type":"LineString","coordinates":[[0.5839,42.76235],[0.58442,42.76256],[0.58462,42.76268],[0.58478,42.76278],[0.58495,42.76291],[0.58487,42.76313],[0.58485,42.76338],[0.58498,42.76347],[0.58532,42.76348],[0.58573,42.76342],[0.58614,42.76332],[0.58655,42.76333],[0.58686,42.76346],[0.58708,42.76359],[0.58732,42.76376],[0.58766,42.7639],[0.58781,42.76395],[0.58808,42.76393],[0.5881,42.76393],[0.58811,42.76393],[0.58812,42.76392],[0.58812,42.76391],[0.58812,42.7639],[0.58811,42.7639],[0.58806,42.76387]]}},
{"type":"Feature","id":"way/104328201","properties":{"station_id":"superbagneres","osm_id":104328201,"feature":"piste","kind":"easy","name":"Marmottes","length_m":286},"geometry":{"type":"LineString","coordinates":[[0.55145,42.76062],[0.55146,42.76072],[0.55144,42.76081],[0.55139,42.76092],[0.55126,42.76101],[0.55108,42.76105],[0.55087,42.76112],[0.55079,42.7612],[0.5508,42.76128],[0.55085,42.76134],[0.55118,42.76152],[0.55148,42.76173],[0.55181,42.76197],[0.55196,42.7621],[0.55237,42.76245]]}},
{"type":"Feature","id":"way/180730765","properties":{"station_id":"superbagneres","osm_id":180730765,"feature":"piste","kind":"easy","name":"Traversée des Marmottes","length_m":509},"geometry":{"type":"LineString","coordinates":[[0.55341,42.76569],[0.55338,42.7658],[0.55339,42.76591],[0.55343,42.766],[0.55379,42.76671],[0.55387,42.76702],[0.55406,42.76725],[0.55415,42.76759],[0.55438,42.76809],[0.5547,42.76846],[0.55479,42.76862],[0.55482,42.76878],[0.55481,42.76884],[0.55477,42.76888],[0.55469,42.7689],[0.55457,42.7689],[0.55408,42.76877],[0.55374,42.7687],[0.55356,42.76867],[0.55346,42.76867],[0.55338,42.76869],[0.55327,42.76875]]}},
{"type":"Feature","id":"way/180730766","properties":{"station_id":"superbagneres","osm_id":180730766,"feature":"piste","kind":"easy","name":"Traversée des Marmottes","length_m":368},"geometry":{"type":"LineString","coordinates":[[0.55327,42.76875],[0.55335,42.76898],[0.5534,42.76921],[0.55358,42.76952],[0.55412,42.77009],[0.55498,42.77093],[0.55521,42.77119],[0.55534,42.77141],[0.55534,42.77144],[0.55533,42.77146],[0.55531,42.77146],[0.55529,42.77146],[0.55515,42.77138]]}},
{"type":"Feature","id":"way/314832679","properties":{"station_id":"superbagneres","osm_id":314832679,"feature":"piste","kind":"novice","name":"Estives","length_m":370},"geometry":{"type":"LineString","coordinates":[[0.57674,42.76348],[0.5767,42.76347],[0.57669,42.76348],[0.57669,42.76419],[0.57667,42.76437],[0.57662,42.76453],[0.57633,42.76505],[0.57603,42.76566],[0.57599,42.76592],[0.57602,42.76619],[0.57607,42.76626],[0.57612,42.7663],[0.57627,42.76639],[0.5764,42.76644],[0.57654,42.76646]]}},
{"type":"Feature","id":"way/314832680","properties":{"station_id":"superbagneres","osm_id":314832680,"feature":"piste","kind":"novice","name":"Estives","length_m":24},"geometry":{"type":"LineString","coordinates":[[0.57654,42.76646],[0.57684,42.76647]]}},
{"type":"Feature","id":"way/314832681","properties":{"station_id":"superbagneres","osm_id":314832681,"feature":"piste","kind":"novice","name":"Estives","length_m":1484},"geometry":{"type":"LineString","coordinates":[[0.57684,42.76647],[0.57702,42.76644],[0.5771,42.7664],[0.57768,42.76558],[0.57786,42.76521],[0.57807,42.76491],[0.57834,42.76456],[0.57891,42.76386],[0.57899,42.76366],[0.57908,42.76352],[0.57928,42.76339],[0.57962,42.76307],[0.58058,42.76239],[0.58096,42.76217],[0.58126,42.76201],[0.58212,42.76168],[0.58252,42.76147],[0.58286,42.76124],[0.58299,42.76115],[0.58319,42.76101],[0.58337,42.76098],[0.58354,42.76101],[0.58383,42.76114],[0.58408,42.76125],[0.58427,42.76129],[0.58449,42.76134],[0.58488,42.76138],[0.5852,42.76137],[0.58549,42.76135],[0.58575,42.76128],[0.586,42.76118],[0.5862,42.76101],[0.58624,42.761],[0.58631,42.76099],[0.5864,42.761],[0.58641,42.76111],[0.5864,42.76121],[0.58632,42.76136],[0.58607,42.76155],[0.58534,42.76234],[0.58507,42.76268],[0.58495,42.76291],[0.58487,42.76313],[0.58485,42.76338],[0.58483,42.76356],[0.5848,42.76378],[0.58477,42.76405]]}},
{"type":"Feature","id":"way/360691300","properties":{"station_id":"superbagneres","osm_id":360691300,"feature":"piste","kind":"easy","name":"Balade du Lac","length_m":1298},"geometry":{"type":"LineString","coordinates":[[0.56956,42.76647],[0.56919,42.76645],[0.5689,42.76643],[0.56859,42.76639],[0.5683,42.76634],[0.56815,42.76634],[0.568,42.76636],[0.56763,42.76646],[0.56731,42.76654],[0.56718,42.76655],[0.56687,42.76655],[0.5667,42.76653],[0.56653,42.7665],[0.56599,42.76638],[0.56582,42.76638],[0.56572,42.76638],[0.56565,42.76639],[0.56556,42.76643],[0.56548,42.76649],[0.56536,42.76659],[0.56473,42.76723],[0.56453,42.76741],[0.56436,42.7675],[0.56412,42.76757],[0.56393,42.76761],[0.56375,42.76764],[0.56354,42.76765],[0.5633,42.76762],[0.56306,42.76755],[0.56284,42.76745],[0.56255,42.76725],[0.56241,42.76715],[0.56228,42.76708],[0.56211,42.76704],[0.56184,42.76694],[0.56175,42.76691],[0.56171,42.76693],[0.5617,42.76695],[0.56171,42.76698],[0.56174,42.76703],[0.56193,42.7672],[0.5621,42.7674],[0.56237,42.76778],[0.56245,42.76789],[0.56258,42.76798],[0.56277,42.76806],[0.56386,42.76838],[0.56411,42.76845],[0.56436,42.7685],[0.56467,42.76854],[0.56485,42.76859],[0.5649,42.76867],[0.56485,42.76874],[0.56458,42.76879],[0.56445,42.76888],[0.56445,42.76899],[0.56457,42.76909],[0.56483,42.76921],[0.5652,42.76923],[0.5655,42.76913],[0.56564,42.76914],[0.56567,42.76922],[0.56556,42.76958]]}},
{"type":"Feature","id":"way/494294832","properties":{"station_id":"superbagneres","osm_id":494294832,"feature":"piste","kind":"easy","name":"Chemin des Biches","length_m":920},"geometry":{"type":"LineString","coordinates":[[0.55498,42.77093],[0.55514,42.77093],[0.55532,42.771],[0.55552,42.77111],[0.55568,42.77118],[0.55591,42.77124],[0.55612,42.77126],[0.55625,42.77126],[0.55638,42.77124],[0.5565,42.77119],[0.55675,42.77102],[0.55694,42.77091],[0.55703,42.77082],[0.5572,42.77062],[0.5574,42.77041],[0.55744,42.77032],[0.55747,42.7702],[0.55744,42.76993],[0.55735,42.76959],[0.55718,42.76904],[0.55688,42.76797],[0.55687,42.76784],[0.5569,42.76772],[0.55698,42.76759],[0.5571,42.76749],[0.55717,42.76742],[0.55721,42.76734],[0.55726,42.76715],[0.55735,42.76695],[0.55738,42.76686],[0.55737,42.76675],[0.55731,42.76659],[0.5573,42.76653],[0.55731,42.76649],[0.55735,42.76647],[0.55742,42.76647],[0.5577,42.76653],[0.55785,42.76658],[0.55807,42.76672],[0.5582,42.76679],[0.55828,42.76685],[0.55868,42.76708],[0.55918,42.76734],[0.55953,42.7675]]}},
{"type":"Feature","id":"way/672875923","properties":{"station_id":"superbagneres","osm_id":672875923,"feature":"piste","kind":"easy","name":"Tunnel","length_m":12},"geometry":{"type":"LineString","coordinates":[[0.58622,42.76057],[0.58633,42.76064]]}},
{"type":"Feature","id":"way/672909435","properties":{"station_id":"superbagneres","osm_id":672909435,"feature":"piste","kind":"novice","name":"École","length_m":66},"geometry":{"type":"LineString","coordinates":[[0.57761,42.7701],[0.57759,42.77017],[0.57753,42.7702],[0.57717,42.7703],[0.57706,42.77031],[0.57694,42.77026]]}},
{"type":"Feature","id":"way/672909437","properties":{"station_id":"superbagneres","osm_id":672909437,"feature":"piste","kind":"intermediate","name":"La Record","length_m":1040},"geometry":{"type":"LineString","coordinates":[[0.57768,42.76958],[0.57767,42.7695],[0.57754,42.7695],[0.5774,42.76953],[0.57733,42.76961],[0.57756,42.76978],[0.57759,42.76981],[0.57759,42.76986],[0.57753,42.76992],[0.57747,42.76997],[0.57733,42.77004],[0.57713,42.7701],[0.57693,42.77014],[0.57679,42.77023],[0.57665,42.77036],[0.57666,42.77044],[0.57671,42.7705],[0.57691,42.77059],[0.57753,42.77075],[0.57797,42.77086],[0.57816,42.77095],[0.57826,42.77107],[0.57836,42.77211],[0.57841,42.77274],[0.57849,42.77327],[0.57855,42.7738],[0.5787,42.77474],[0.57886,42.77623],[0.57887,42.77717],[0.57869,42.77732]]}},
{"type":"Feature","id":"way/673114907","properties":{"station_id":"superbagneres","osm_id":673114907,"feature":"piste","kind":"novice","name":"Estives depuis plateau","length_m":254},"geometry":{"type":"LineString","coordinates":[[0.57743,42.76764],[0.57689,42.76717],[0.57673,42.76714],[0.5763,42.76736],[0.57626,42.76733],[0.57647,42.76717],[0.57668,42.76692],[0.5771,42.7664]]}},
{"type":"Feature","id":"way/673124471","properties":{"station_id":"superbagneres","osm_id":673124471,"feature":"piste","kind":"novice","name":"Loutres","length_m":407},"geometry":{"type":"LineString","coordinates":[[0.58286,42.76124],[0.58293,42.76139],[0.58294,42.76151],[0.58289,42.76169],[0.58268,42.76213],[0.58261,42.76244],[0.5828,42.76269],[0.58308,42.76304],[0.58334,42.76332],[0.5843,42.76349],[0.58445,42.76375],[0.58477,42.76405]]}},
{"type":"Feature","id":"way/673124478","properties":{"station_id":"superbagneres","osm_id":673124478,"feature":"piste","kind":"easy","name":"Téchous","length_m":132},"geometry":{"type":"LineString","coordinates":[[0.5839,42.76235],[0.5842,42.76295],[0.5843,42.76349]]}},
{"type":"Feature","id":"way/673130872","properties":{"station_id":"superbagneres","osm_id":673130872,"feature":"piste","kind":"easy","name":"Tunnel","length_m":337},"geometry":{"type":"LineString","coordinates":[[0.57499,42.76344],[0.57504,42.76341],[0.57506,42.76339],[0.57506,42.76337],[0.57502,42.76335],[0.57467,42.76332],[0.57462,42.7633],[0.5746,42.76327],[0.57461,42.76323],[0.57469,42.76319],[0.57534,42.76304],[0.57589,42.76296],[0.57713,42.76287],[0.57729,42.76284],[0.57751,42.76277],[0.57756,42.76275],[0.57794,42.76267]]}},
{"type":"Feature","id":"way/673145237","properties":{"station_id":"superbagneres","osm_id":673145237,"feature":"piste","kind":"novice","name":null,"length_m":146},"geometry":{"type":"LineString","coordinates":[[0.57674,42.76348],[0.5767,42.76347],[0.57506,42.76339],[0.57504,42.76341],[0.57499,42.76344]]}},
{"type":"Feature","id":"way/673145238","properties":{"station_id":"superbagneres","osm_id":673145238,"feature":"piste","kind":"novice","name":"Estives","length_m":237},"geometry":{"type":"LineString","coordinates":[[0.57499,42.76344],[0.57506,42.76339],[0.5755,42.76356],[0.57581,42.76373],[0.57631,42.76445],[0.57633,42.76448],[0.57634,42.76467],[0.57633,42.76505]]}},
{"type":"Feature","id":"way/673400922","properties":{"station_id":"superbagneres","osm_id":673400922,"feature":"piste","kind":"intermediate","name":"Hount-Estrete","length_m":397},"geometry":{"type":"LineString","coordinates":[[0.5421,42.76618],[0.54202,42.7663],[0.54201,42.76633],[0.542,42.76644],[0.54198,42.76653],[0.54199,42.76662],[0.54205,42.76673],[0.5421,42.76681],[0.54226,42.76698],[0.54238,42.76711],[0.54263,42.76731],[0.54299,42.76753],[0.54311,42.76763],[0.54321,42.76774],[0.54327,42.76779],[0.54332,42.76781],[0.54338,42.76781],[0.54343,42.76779],[0.54349,42.76773],[0.54354,42.76766],[0.54361,42.76753],[0.54363,42.76743],[0.54364,42.76734],[0.54363,42.76727],[0.54359,42.76718],[0.54353,42.76711],[0.54342,42.76702],[0.54332,42.76692],[0.54331,42.76679],[0.54344,42.76663],[0.54354,42.76647]]}},
{"type":"Feature","id":"way/673400923","properties":{"station_id":"superbagneres","osm_id":673400923,"feature":"piste","kind":"advanced","name":"Gouron","length_m":1337},"geometry":{"type":"LineString","coordinates":[[0.54327,42.76779],[0.54327,42.76789],[0.54318,42.76795],[0.54273,42.76824],[0.54258,42.7684],[0.54265,42.76847],[0.5427,42.76854],[0.54284,42.76861],[0.5429,42.76866],[0.54316,42.76877],[0.54335,42.76884],[0.54345,42.7689],[0.54353,42.76892],[0.54366,42.76896],[0.54378,42.76902],[0.54397,42.76913],[0.54412,42.76921],[0.5442,42.76926],[0.54436,42.76937],[0.54436,42.76943],[0.54435,42.76957],[0.54434,42.76975],[0.54432,42.76989],[0.54452,42.77013],[0.54471,42.77024],[0.54481,42.77029],[0.54495,42.77038],[0.54509,42.77047],[0.54523,42.77059],[0.54543,42.77073],[0.54572,42.77092],[0.54666,42.77128],[0.54748,42.77156],[0.54799,42.77177],[0.54838,42.77186],[0.54877,42.77188],[0.54889,42.77188],[0.54931,42.77187],[0.55076,42.77164],[0.55185,42.77154],[0.55221,42.77149],[0.55266,42.77134],[0.55324,42.77122],[0.55363,42.7712],[0.55396,42.77122],[0.55421,42.77125],[0.55474,42.77134],[0.55524,42.77151],[0.55528,42.77151],[0.5553,42.77149],[0.5553,42.77147],[0.55529,42.77146],[0.55515,42.77138]]}},
{"type":"Feature","id":"way/673400924","properties":{"station_id":"superbagneres","osm_id":673400924,"feature":"piste","kind":"intermediate","name":"Hount-Estrete","length_m":128},"geometry":{"type":"LineString","coordinates":[[0.5421,42.76618],[0.5424,42.76631],[0.5428,42.76646],[0.54305,42.76653],[0.54329,42.76652],[0.54354,42.76647]]}},
{"type":"Feature","id":"way/673400925","properties":{"station_id":"superbagneres","osm_id":673400925,"feature":"piste","kind":"intermediate","name":"Hount-Estrete","length_m":1082},"geometry":{"type":"LineString","coordinates":[[0.54727,42.76559],[0.54735,42.7657],[0.54735,42.7658],[0.54731,42.76592],[0.54725,42.76603],[0.54714,42.76623],[0.54702,42.76636],[0.54694,42.76644],[0.54684,42.76677],[0.54691,42.76699],[0.54728,42.76747],[0.54729,42.76756],[0.54716,42.76776],[0.54715,42.76787],[0.54724,42.76794],[0.54736,42.76797],[0.54751,42.76797],[0.54784,42.76789],[0.54929,42.76778],[0.54964,42.76784],[0.54978,42.76794],[0.54989,42.76803],[0.55004,42.76808],[0.55027,42.76812],[0.55051,42.76814],[0.55085,42.76826],[0.55121,42.76842],[0.55189,42.76898],[0.55262,42.76942],[0.55304,42.76972],[0.5538,42.77025],[0.55445,42.77067],[0.55521,42.77119]]}},
{"type":"Feature","id":"way/673400926","properties":{"station_id":"superbagneres","osm_id":673400926,"feature":"piste","kind":"advanced","name":"Bois des Coqs","length_m":552},"geometry":{"type":"LineString","coordinates":[[0.54832,42.76608],[0.54869,42.76613],[0.5489,42.76613],[0.54908,42.76617],[0.54924,42.76625],[0.54951,42.76634],[0.54979,42.76646],[0.54997,42.76657],[0.5502,42.76664],[0.55038,42.76671],[0.55063,42.76679],[0.55068,42.76689],[0.55061,42.76706],[0.55056,42.76719],[0.55061,42.76732],[0.5507,42.76743],[0.55085,42.76755],[0.55094,42.76761],[0.55129,42.76779],[0.55156,42.76792],[0.55175,42.768],[0.55196,42.76807],[0.55209,42.76811],[0.55257,42.76813],[0.55274,42.76822],[0.55296,42.76837],[0.55308,42.76848],[0.55315,42.76856],[0.55327,42.76875]]}},
{"type":"Feature","id":"way/957495650","properties":{"station_id":"superbagneres","osm_id":957495650,"feature":"piste","kind":"easy","name":null,"length_m":43},"geometry":{"type":"LineString","coordinates":[[0.57547,42.76961],[0.57531,42.76972],[0.57527,42.76981],[0.57528,42.76987],[0.57535,42.76992]]}},
{"type":"Feature","id":"way/957495653","properties":{"station_id":"superbagneres","osm_id":957495653,"feature":"piste","kind":"easy","name":"Téchous","length_m":161},"geometry":{"type":"LineString","coordinates":[[0.5838,42.76135],[0.58377,42.76134],[0.58364,42.76132],[0.58346,42.76133],[0.58335,42.76137],[0.5833,42.76143],[0.58328,42.7615],[0.58363,42.76195],[0.5839,42.76235]]}},
{"type":"Feature","id":"way/1016573638","properties":{"station_id":"superbagneres","osm_id":1016573638,"feature":"piste","kind":"easy","name":null,"length_m":24},"geometry":{"type":"LineString","coordinates":[[0.56637,42.76886],[0.56609,42.76881]]}},
{"type":"Feature","id":"way/1150660393","properties":{"station_id":"superbagneres","osm_id":1150660393,"feature":"piste","kind":"intermediate","name":"Les Dames","length_m":650},"geometry":{"type":"LineString","coordinates":[[0.55371,42.7634],[0.55386,42.76421],[0.55387,42.76438],[0.55377,42.76471],[0.55371,42.76505],[0.55381,42.76541],[0.55391,42.76556],[0.55414,42.76568],[0.55458,42.76578],[0.55511,42.76608],[0.5559,42.76614],[0.55681,42.76614],[0.55706,42.76613],[0.55736,42.76621],[0.55795,42.76653],[0.55828,42.76685]]}},
{"type":"Feature","id":"way/1150664586","properties":{"station_id":"superbagneres","osm_id":1150664586,"feature":"piste","kind":"easy","name":"Marmottes","length_m":241},"geometry":{"type":"LineString","coordinates":[[0.545,42.75882],[0.54578,42.75863],[0.54636,42.75853],[0.54693,42.75849],[0.54739,42.7584],[0.54784,42.75827]]}},
{"type":"Feature","id":"way/1150664587","properties":{"station_id":"superbagneres","osm_id":1150664587,"feature":"piste","kind":"advanced","name":"entrée bois des coqs","length_m":140},"geometry":{"type":"LineString","coordinates":[[0.54929,42.76778],[0.55003,42.76769],[0.55085,42.76755],[0.55094,42.76761]]}},
{"type":"Feature","id":"way/1150664588","properties":{"station_id":"superbagneres","osm_id":1150664588,"feature":"piste","kind":"intermediate","name":"Hount-Estrete","length_m":512},"geometry":{"type":"LineString","coordinates":[[0.54302,42.76416],[0.54325,42.76409],[0.54348,42.76401],[0.54359,42.76398],[0.54373,42.76391],[0.5439,42.76381],[0.5441,42.76369],[0.54422,42.76365],[0.54434,42.76362],[0.54441,42.76361],[0.54448,42.76363],[0.54451,42.76364],[0.54455,42.7637],[0.54456,42.76378],[0.54459,42.76392],[0.54459,42.76402],[0.54457,42.76409],[0.54454,42.76414],[0.54447,42.76422],[0.54432,42.76435],[0.54421,42.76444],[0.54411,42.7645],[0.54402,42.76454],[0.54388,42.76458],[0.54372,42.7646],[0.54359,42.76463],[0.54348,42.76466],[0.54338,42.76471],[0.54328,42.76477],[0.54319,42.76484],[0.54307,42.765],[0.54298,42.7651],[0.54284,42.76538],[0.54274,42.7655],[0.54261,42.76561],[0.54233,42.7658],[0.54227,42.76585],[0.5422,42.76598],[0.5421,42.76618]]}},
{"type":"Feature","id":"way/1150664589","properties":{"station_id":"superbagneres","osm_id":1150664589,"feature":"piste","kind":"intermediate","name":"Hount-Estrete","length_m":342},"geometry":{"type":"LineString","coordinates":[[0.54354,42.76647],[0.54361,42.76634],[0.54372,42.76626],[0.54383,42.76619],[0.54394,42.76614],[0.54417,42.76608],[0.5445,42.76601],[0.54538,42.76581],[0.54575,42.76571],[0.54615,42.76557],[0.54656,42.76543],[0.54668,42.76542],[0.54679,42.76542],[0.54693,42.76546],[0.54727,42.76559]]}},
{"type":"Feature","id":"way/1150664590","properties":{"station_id":"superbagneres","osm_id":1150664590,"feature":"piste","kind":"intermediate","name":"Hount Estrete","length_m":245},"geometry":{"type":"LineString","coordinates":[[0.5445,42.76601],[0.54595,42.766],[0.54637,42.76596],[0.54667,42.76597],[0.54683,42.766],[0.54693,42.76605],[0.54698,42.76616],[0.54694,42.76644]]}},
{"type":"Feature","id":"way/1150664591","properties":{"station_id":"superbagneres","osm_id":1150664591,"feature":"piste","kind":"advanced","name":"Bois des Coqs","length_m":130},"geometry":{"type":"LineString","coordinates":[[0.55051,42.76814],[0.55069,42.76812],[0.55091,42.76809],[0.55156,42.76812],[0.55209,42.76811]]}},
{"type":"Feature","id":"way/1153872373","properties":{"station_id":"superbagneres","osm_id":1153872373,"feature":"piste","kind":"easy","name":"Les Marmottes","length_m":187},"geometry":{"type":"LineString","coordinates":[[0.54873,42.75857],[0.54866,42.75896],[0.54857,42.75946],[0.54862,42.75997],[0.54864,42.76024]]}},
{"type":"Feature","id":"way/1153974727","properties":{"station_id":"superbagneres","osm_id":1153974727,"feature":"piste","kind":"easy","name":"Les Marmottes","length_m":1165},"geometry":{"type":"LineString","coordinates":[[0.55371,42.7634],[0.5542,42.7636],[0.55459,42.76369],[0.55493,42.76374],[0.55535,42.76378],[0.55572,42.76386],[0.55599,42.76392],[0.55637,42.76414],[0.5567,42.76439],[0.55781,42.76556],[0.5586,42.76634],[0.55901,42.76684],[0.55953,42.7675],[0.56025,42.76835],[0.56071,42.76874],[0.56149,42.7692],[0.56219,42.76969],[0.56307,42.77023],[0.56329,42.7703],[0.56367,42.77034]]}},
{"type":"Feature","id":"way/1153974729","properties":{"station_id":"superbagneres","osm_id":1153974729,"feature":"piste","kind":"intermediate","name":"Les Dames","length_m":228},"geometry":{"type":"LineString","coordinates":[[0.5529,42.76152],[0.55315,42.76164],[0.55329,42.76174],[0.55336,42.76189],[0.55346,42.76214],[0.55351,42.76236],[0.55371,42.7634]]}},
{"type":"Feature","id":"way/1173386028","properties":{"station_id":"superbagneres","osm_id":1173386028,"feature":"piste","kind":null,"name":"École","length_m":74},"geometry":{"type":"LineString","coordinates":[[0.57841,42.76958],[0.57827,42.76963],[0.57812,42.76976],[0.57796,42.76995],[0.57794,42.77011]]}},
{"type":"Feature","id":"way/1173386029","properties":{"station_id":"superbagneres","osm_id":1173386029,"feature":"piste","kind":null,"name":"Tapis","length_m":34},"geometry":{"type":"LineString","coordinates":[[0.57796,42.76947],[0.57805,42.76944],[0.57826,42.76952],[0.57827,42.76958]]}},
{"type":"Feature","id":"way/1224722103","properties":{"station_id":"superbagneres","osm_id":1224722103,"feature":"piste","kind":"novice","name":"Estives","length_m":22},"geometry":{"type":"LineString","coordinates":[[0.58557,42.76519],[0.58557,42.7652],[0.58556,42.76521],[0.58556,42.76522],[0.58555,42.76523],[0.58554,42.76523],[0.58553,42.76524],[0.58552,42.76524],[0.58551,42.76524],[0.58535,42.76521]]}},
{"type":"Feature","id":"way/1224722104","properties":{"station_id":"superbagneres","osm_id":1224722104,"feature":"piste","kind":"easy","name":"Cabane","length_m":22},"geometry":{"type":"LineString","coordinates":[[0.58557,42.76519],[0.58557,42.7652],[0.58556,42.76521],[0.58556,42.76522],[0.58555,42.76523],[0.58554,42.76523],[0.58553,42.76524],[0.58552,42.76524],[0.58551,42.76524],[0.58535,42.76521]]}},
{"type":"Feature","id":"way/1224722105","properties":{"station_id":"superbagneres","osm_id":1224722105,"feature":"piste","kind":"novice","name":"Estives","length_m":143},"geometry":{"type":"LineString","coordinates":[[0.58477,42.76405],[0.58525,42.76471],[0.58542,42.76501],[0.58557,42.76519]]}},
{"type":"Feature","id":"way/1224722107","properties":{"station_id":"superbagneres","osm_id":1224722107,"feature":"piste","kind":"easy","name":"Cabane","length_m":552},"geometry":{"type":"LineString","coordinates":[[0.57768,42.76558],[0.57857,42.76525],[0.5791,42.7652],[0.58014,42.76442],[0.58062,42.76396],[0.58081,42.76377],[0.58104,42.76369],[0.58196,42.76348],[0.58246,42.76335],[0.58294,42.76331],[0.58334,42.76332]]}},
{"type":"Feature","id":"way/1224722108","properties":{"station_id":"superbagneres","osm_id":1224722108,"feature":"piste","kind":"easy","name":"Bigourdan","length_m":746},"geometry":{"type":"LineString","coordinates":[[0.57483,42.76916],[0.57435,42.76916],[0.57365,42.76921],[0.57307,42.76927],[0.57162,42.76951],[0.56971,42.76972],[0.56915,42.76977],[0.56823,42.76984],[0.56772,42.76971],[0.56687,42.76936],[0.56651,42.76931],[0.56593,42.76933]]}},
{"type":"Feature","id":"way/1225410102","properties":{"station_id":"superbagneres","osm_id":1225410102,"feature":"piste","kind":"easy","name":"Coumes","length_m":255},"geometry":{"type":"LineString","coordinates":[[0.58242,42.76558],[0.58276,42.76557],[0.58315,42.76543],[0.58393,42.7653],[0.58424,42.76524],[0.58455,42.76518],[0.58507,42.76504],[0.58542,42.76501]]}},
{"type":"Feature","id":"way/1342263892","properties":{"station_id":"superbagneres","osm_id":1342263892,"feature":"piste","kind":"easy","name":"Téchous","length_m":47},"geometry":{"type":"LineString","coordinates":[[0.58286,42.76124],[0.58295,42.76125],[0.58315,42.76136],[0.58328,42.7615]]}},
{"type":"Feature","id":"way/1342267213","properties":{"station_id":"superbagneres","osm_id":1342267213,"feature":"piste","kind":"advanced","name":"Bois des Coqs","length_m":121},"geometry":{"type":"LineString","coordinates":[[0.54686,42.76596],[0.54725,42.76603],[0.54786,42.76604],[0.54811,42.76608],[0.54828,42.76609],[0.54832,42.76608]]}},
{"type":"Feature","id":"way/1454776405","properties":{"station_id":"superbagneres","osm_id":1454776405,"feature":"piste","kind":"advanced","name":"Bois des Coqs","length_m":102},"geometry":{"type":"LineString","coordinates":[[0.54727,42.76559],[0.54755,42.76575],[0.54778,42.76586],[0.54803,42.76597],[0.5482,42.76603],[0.54832,42.76608]]}},
{"type":"Feature","id":"way/1462656652","properties":{"station_id":"superbagneres","osm_id":1462656652,"feature":"piste","kind":"novice","name":"Espace débutant","length_m":264},"geometry":{"type":"LineString","coordinates":[[0.57765,42.76864],[0.57766,42.76832],[0.57746,42.76788],[0.57675,42.76804],[0.57695,42.76854],[0.57765,42.76864]]}},
{"type":"Feature","id":"way/1462662413","properties":{"station_id":"superbagneres","osm_id":1462662413,"feature":"piste","kind":"intermediate","name":"Talweg","length_m":579},"geometry":{"type":"LineString","coordinates":[[0.57245,42.76623],[0.57112,42.76691],[0.56976,42.76775],[0.56825,42.76879],[0.56764,42.7692],[0.56727,42.76926],[0.56687,42.76936]]}},
{"type":"Feature","id":"way/1462662414","properties":{"station_id":"superbagneres","osm_id":1462662414,"feature":"piste","kind":"easy","name":"Tremplin","length_m":407},"geometry":{"type":"LineString","coordinates":[[0.57631,42.76445],[0.57542,42.76468],[0.57428,42.76505],[0.57285,42.76558],[0.5721,42.76596],[0.57192,42.76612]]}},
{"type":"Feature","id":"way/49285677","properties":{"station_id":"val-louron","osm_id":49285677,"feature":"lift","kind":"chair_lift","name":"Sapins","length_m":572},"geometry":{"type":"LineString","coordinates":[[0.39243,42.78796],[0.39237,42.78784],[0.39223,42.78755],[0.39196,42.78699],[0.39153,42.78609],[0.39112,42.78524],[0.39072,42.78441],[0.3902,42.78333],[0.3901,42.78311]]}},
{"type":"Feature","id":"way/49285680","properties":{"station_id":"val-louron","osm_id":49285680,"feature":"lift","kind":"magic_carpet","name":"Trounquet","length_m":138},"geometry":{"type":"LineString","coordinates":[[0.39023,42.78977],[0.39037,42.78943],[0.39074,42.78859]]}},
{"type":"Feature","id":"way/49288044","properties":{"station_id":"val-louron","osm_id":49288044,"feature":"lift","kind":"chair_lift","name":"Myrtilles","length_m":1241},"geometry":{"type":"LineString","coordinates":[[0.38961,42.78965],[0.38877,42.78902],[0.38772,42.78822],[0.38584,42.7868],[0.38487,42.78606],[0.38462,42.78587],[0.38455,42.78581],[0.38404,42.78542],[0.38295,42.7846],[0.38063,42.78284],[0.37968,42.78212],[0.37923,42.78178],[0.37903,42.78163]]}},
{"type":"Feature","id":"way/49845520","properties":{"station_id":"val-louron","osm_id":49845520,"feature":"lift","kind":"chair_lift","name":"Privilège","length_m":1908},"geometry":{"type":"LineString","coordinates":[[0.44489,42.78963],[0.44576,42.78845],[0.44637,42.78761],[0.44675,42.78709],[0.44717,42.78652],[0.44817,42.78515],[0.44902,42.78397],[0.44985,42.78284],[0.45084,42.78147],[0.4514,42.78071],[0.45154,42.78051],[0.45168,42.78032],[0.45238,42.77935],[0.45321,42.77822],[0.45445,42.7765],[0.45487,42.77593],[0.45577,42.77469],[0.45582,42.77463],[0.45591,42.7745]]}},
{"type":"Feature","id":"way/95034208","properties":{"station_id":"val-louron","osm_id":95034208,"feature":"lift","kind":"platter","name":"Plateau","length_m":909},"geometry":{"type":"LineString","coordinates":[[0.4385,42.7911],[0.43967,42.78886],[0.4402,42.78786],[0.44075,42.78681],[0.44132,42.78572],[0.44192,42.78457],[0.4425,42.78347]]}},
{"type":"Feature","id":"way/95034214","properties":{"station_id":"val-louron","osm_id":95034214,"feature":"lift","kind":"chair_lift","name":"Sérias","length_m":1078},"geometry":{"type":"LineString","coordinates":[[0.44764,42.79097],[0.44916,42.79038],[0.45031,42.78994],[0.45197,42.7893],[0.45324,42.78882],[0.45497,42.78815],[0.45665,42.78751],[0.45773,42.78709],[0.45866,42.78673],[0.45934,42.78647]]}},
{"type":"Feature","id":"way/176204755","properties":{"station_id":"val-louron","osm_id":176204755,"feature":"lift","kind":"platter","name":"Bruyères","length_m":857},"geometry":{"type":"LineString","coordinates":[[0.38033,42.78925],[0.38007,42.78794],[0.37987,42.7869],[0.37964,42.78573],[0.3794,42.78452],[0.37923,42.78364],[0.37883,42.78256],[0.37865,42.78206],[0.3785,42.78167]]}},
{"type":"Feature","id":"way/180360425","properties":{"station_id":"val-louron","osm_id":180360425,"feature":"lift","kind":"chair_lift","name":"Cimes","length_m":1260},"geometry":{"type":"LineString","coordinates":[[0.44266,42.77925],[0.44325,42.7789],[0.44398,42.77846],[0.44503,42.77784],[0.44654,42.77694],[0.44752,42.77636],[0.44832,42.77588],[0.44906,42.77544],[0.44918,42.77537],[0.4507,42.77447],[0.45129,42.77412],[0.45165,42.77391],[0.45273,42.77326],[0.45445,42.77224],[0.45452,42.7722],[0.45465,42.77212]]}},
{"type":"Feature","id":"way/217589077","properties":{"station_id":"val-louron","osm_id":217589077,"feature":"lift","kind":"magic_carpet","name":"Blanche-Neige","length_m":124},"geometry":{"type":"LineString","coordinates":[[0.44728,42.79057],[0.44825,42.78971]]}},
{"type":"Feature","id":"way/217589633","properties":{"station_id":"val-louron","osm_id":217589633,"feature":"lift","kind":"chair_lift","name":"Cabanou","length_m":837},"geometry":{"type":"LineString","coordinates":[[0.44491,42.78644],[0.445,42.78627],[0.44526,42.78576],[0.44548,42.78534],[0.44594,42.78445],[0.44638,42.78359],[0.44682,42.78275],[0.44718,42.78205],[0.44734,42.78174],[0.44776,42.78093],[0.44792,42.78061],[0.448,42.78047],[0.44805,42.78037],[0.44844,42.77961],[0.44848,42.77953],[0.44855,42.7794]]}},
{"type":"Feature","id":"way/217589634","properties":{"station_id":"val-louron","osm_id":217589634,"feature":"lift","kind":"chair_lift","name":"Carroussel","length_m":290},"geometry":{"type":"LineString","coordinates":[[0.44599,42.78973],[0.44596,42.78928],[0.44587,42.78802],[0.44584,42.7876],[0.44581,42.78713]]}},
{"type":"Feature","id":"way/221334029","properties":{"station_id":"val-louron","osm_id":221334029,"feature":"lift","kind":"chair_lift","name":"Rochers","length_m":376},"geometry":{"type":"LineString","coordinates":[[0.38792,42.79101],[0.38691,42.79081],[0.38552,42.79052],[0.38473,42.79035],[0.38348,42.79009]]}},
{"type":"Feature","id":"way/221334030","properties":{"station_id":"val-louron","osm_id":221334030,"feature":"lift","kind":"platter","name":"Sources","length_m":508},"geometry":{"type":"LineString","coordinates":[[0.38457,42.78988],[0.38449,42.78973],[0.38427,42.7893],[0.38387,42.78854],[0.38356,42.78795],[0.38297,42.78681],[0.3825,42.78592],[0.38234,42.78561]]}},
{"type":"Feature","id":"way/221334035","properties":{"station_id":"val-louron","osm_id":221334035,"feature":"lift","kind":"platter","name":"Col","length_m":577},"geometry":{"type":"LineString","coordinates":[[0.37466,42.79108],[0.37937,42.78721]]}},
{"type":"Feature","id":"way/721753384","properties":{"station_id":"val-louron","osm_id":721753384,"feature":"lift","kind":"gondola","name":"Skyvall","length_m":3003},"geometry":{"type":"LineString","coordinates":[[0.41119,42.79934],[0.41196,42.79916],[0.4131,42.79887],[0.41408,42.79863],[0.41602,42.79815],[0.41757,42.79777],[0.41898,42.79741],[0.41908,42.79739],[0.42076,42.79697],[0.42295,42.79643],[0.42476,42.79598],[0.42691,42.79545],[0.42911,42.7949],[0.43057,42.79454],[0.4329,42.79396],[0.43455,42.79355],[0.43692,42.79296],[0.43866,42.79253],[0.4411,42.79192],[0.443,42.79146],[0.44538,42.79086],[0.44544,42.79085],[0.44605,42.79069]]}},
{"type":"Feature","id":"way/1036887175","properties":{"station_id":"val-louron","osm_id":1036887175,"feature":"lift","kind":"magic_carpet","name":"ESF 1","length_m":29},"geometry":{"type":"LineString","coordinates":[[0.44438,42.79008],[0.44472,42.79015]]}},
{"type":"Feature","id":"way/1036887176","properties":{"station_id":"val-louron","osm_id":1036887176,"feature":"lift","kind":"magic_carpet","name":"ESF 2","length_m":29},"geometry":{"type":"LineString","coordinates":[[0.44437,42.78991],[0.44472,42.78996]]}},
{"type":"Feature","id":"way/1202420777","properties":{"station_id":"val-louron","osm_id":1202420777,"feature":"lift","kind":"magic_carpet","name":"Aladin","length_m":76},"geometry":{"type":"LineString","coordinates":[[0.44727,42.78951],[0.44818,42.78938]]}},
{"type":"Feature","id":"way/49285671","properties":{"station_id":"val-louron","osm_id":49285671,"feature":"piste","kind":"advanced","name":"Les Isards","length_m":1244},"geometry":{"type":"LineString","coordinates":[[0.37783,42.78145],[0.37772,42.78152],[0.37671,42.78214],[0.37565,42.78263],[0.37531,42.78294],[0.37518,42.78349],[0.37461,42.78489],[0.37444,42.78534],[0.37357,42.78618],[0.37315,42.78729],[0.37302,42.78789],[0.37302,42.78856],[0.37458,42.79107],[0.37461,42.79109],[0.37466,42.79108]]}},
{"type":"Feature","id":"way/49285685","properties":{"station_id":"val-louron","osm_id":49285685,"feature":"piste","kind":"novice","name":"Laquette","length_m":251},"geometry":{"type":"LineString","coordinates":[[0.39091,42.78864],[0.39105,42.78847],[0.39111,42.7883],[0.39161,42.78759],[0.3917,42.7875],[0.3918,42.78748],[0.39187,42.78749],[0.3923,42.78809],[0.39232,42.7881],[0.39233,42.7881],[0.39235,42.78811],[0.39247,42.78811],[0.39248,42.78811],[0.39249,42.7881],[0.3925,42.7881],[0.3925,42.78809]]}},
{"type":"Feature","id":"way/49285686","properties":{"station_id":"val-louron","osm_id":49285686,"feature":"piste","kind":"novice","name":"Sapin 3","length_m":569},"geometry":{"type":"LineString","coordinates":[[0.39029,42.78361],[0.39052,42.78378],[0.39108,42.7843],[0.39178,42.78494],[0.39218,42.78533],[0.39239,42.78559],[0.39255,42.78594],[0.39259,42.78661],[0.39279,42.78727],[0.3927,42.78771],[0.39263,42.78793],[0.39258,42.78804],[0.39255,42.78808],[0.39254,42.78809],[0.39253,42.7881],[0.39251,42.7881],[0.3925,42.78809]]}},
{"type":"Feature","id":"way/49285687","properties":{"station_id":"val-louron","osm_id":49285687,"feature":"piste","kind":"novice","name":"Sapin 2","length_m":285},"geometry":{"type":"LineString","coordinates":[[0.39178,42.78494],[0.39168,42.78553],[0.39186,42.78668],[0.39187,42.78749]]}},
{"type":"Feature","id":"way/49285689","properties":{"station_id":"val-louron","osm_id":49285689,"feature":"piste","kind":"novice","name":"Sapin 1","length_m":582},"geometry":{"type":"LineString","coordinates":[[0.39029,42.78361],[0.39021,42.78377],[0.39031,42.7841],[0.39077,42.78492],[0.39093,42.78553],[0.3909,42.78644],[0.39069,42.78705],[0.39066,42.78775],[0.39047,42.78855],[0.39039,42.78871]]}},
{"type":"Feature","id":"way/49285690","properties":{"station_id":"val-louron","osm_id":49285690,"feature":"piste","kind":"novice","name":"Trounquet 1","length_m":162},"geometry":{"type":"LineString","coordinates":[[0.39039,42.78871],[0.39023,42.78896],[0.3901,42.78923],[0.39003,42.78951],[0.38998,42.78971],[0.38999,42.78978],[0.39,42.78984],[0.39003,42.78991],[0.39005,42.78992],[0.39009,42.78993],[0.3901,42.78993],[0.39012,42.78992],[0.39013,42.78991],[0.39015,42.7899],[0.39021,42.78981]]}},
{"type":"Feature","id":"way/49288041","properties":{"station_id":"val-louron","osm_id":49288041,"feature":"piste","kind":"easy","name":"Lapadé","length_m":2357},"geometry":{"type":"LineString","coordinates":[[0.3775,42.77524],[0.37761,42.77571],[0.37802,42.77639],[0.37832,42.77626],[0.37865,42.7762],[0.37968,42.77619],[0.38057,42.77625],[0.38117,42.77642],[0.38172,42.77666],[0.38214,42.77678],[0.3825,42.77683],[0.38292,42.7768],[0.38326,42.77673],[0.38352,42.77663],[0.38402,42.77652],[0.38438,42.77648],[0.38455,42.77646],[0.38523,42.77645],[0.38621,42.7765],[0.38667,42.77646],[0.38691,42.77646],[0.38718,42.7765],[0.38736,42.77657],[0.38754,42.77666],[0.3877,42.77671],[0.38795,42.77674],[0.38896,42.7771],[0.3891,42.77718],[0.38918,42.77729],[0.38915,42.77762],[0.38919,42.77781],[0.38958,42.7782],[0.39002,42.77842],[0.39156,42.77894],[0.39177,42.77908],[0.39179,42.77925],[0.39176,42.77942],[0.39163,42.77953],[0.39147,42.7796],[0.39041,42.77955],[0.38984,42.77957],[0.38942,42.77968],[0.3885,42.77973],[0.38796,42.77982],[0.38718,42.77995],[0.38702,42.78013],[0.38691,42.78032],[0.38696,42.78061],[0.387,42.7807],[0.38702,42.78078],[0.3875,42.78121],[0.38815,42.78164],[0.38879,42.78215],[0.38942,42.78273],[0.38987,42.78297],[0.38999,42.78316],[0.39029,42.78361]]}},
{"type":"Feature","id":"way/49288046","properties":{"station_id":"val-louron","osm_id":49288046,"feature":"piste","kind":"easy","name":"Tuco","length_m":2377},"geometry":{"type":"LineString","coordinates":[[0.37903,42.78163],[0.379,42.7816],[0.37899,42.78159],[0.37898,42.78157],[0.37898,42.78156],[0.37906,42.78141],[0.37917,42.7812],[0.37919,42.78099],[0.37929,42.7808],[0.37971,42.78035],[0.38047,42.77976],[0.38095,42.77949],[0.38135,42.77936],[0.38146,42.77939],[0.38137,42.77953],[0.38096,42.77994],[0.38078,42.78058],[0.38085,42.78075],[0.38097,42.78093],[0.38123,42.78111],[0.38191,42.78152],[0.38196,42.78162],[0.38197,42.7817],[0.38193,42.78194],[0.38186,42.78223],[0.38187,42.78252],[0.38187,42.7826],[0.38208,42.78285],[0.38231,42.78314],[0.38257,42.78368],[0.38255,42.7844],[0.38239,42.78503],[0.38232,42.78552],[0.38205,42.78618],[0.38156,42.78708],[0.38117,42.78761],[0.38079,42.78844],[0.38062,42.78924],[0.38089,42.78947],[0.38147,42.78972],[0.38203,42.78981],[0.38284,42.78991],[0.38354,42.78999],[0.3838,42.79002],[0.38444,42.78999],[0.38516,42.78994],[0.38573,42.78987],[0.38632,42.7897],[0.38733,42.78906],[0.38765,42.78902],[0.38803,42.78904],[0.3886,42.78928],[0.38899,42.78963],[0.3894,42.78978],[0.38943,42.78979],[0.38962,42.7898],[0.38966,42.7898],[0.38969,42.7898],[0.3897,42.78979],[0.38971,42.78978],[0.38971,42.78977],[0.38971,42.78976],[0.38971,42.78975],[0.3897,42.78973],[0.38961,42.78965]]}},
{"type":"Feature","id":"way/95034212","properties":{"station_id":"val-louron","osm_id":95034212,"feature":"piste","kind":"intermediate","name":"Faucons Bas","length_m":966},"geometry":{"type":"LineString","coordinates":[[0.44951,42.77904],[0.4495,42.7791],[0.44942,42.77922],[0.44925,42.77941],[0.44902,42.77959],[0.44883,42.77971],[0.44858,42.77987],[0.44817,42.78012],[0.4476,42.78044],[0.4475,42.78065],[0.44753,42.78099],[0.44766,42.78129],[0.44778,42.78157],[0.44779,42.78194],[0.44773,42.78223],[0.44704,42.78372],[0.44656,42.78526],[0.44631,42.78575],[0.44595,42.78619],[0.44535,42.78667]]}},
{"type":"Feature","id":"way/95034215","properties":{"station_id":"val-louron","osm_id":95034215,"feature":"piste","kind":"easy","name":"Traverse vive","length_m":468},"geometry":{"type":"LineString","coordinates":[[0.45456,42.784],[0.45451,42.78474],[0.45467,42.7857],[0.45434,42.78769],[0.4543,42.78819]]}},
{"type":"Feature","id":"way/95034217","properties":{"station_id":"val-louron","osm_id":95034217,"feature":"piste","kind":"advanced","name":"Solène","length_m":587},"geometry":{"type":"LineString","coordinates":[[0.45997,42.78672],[0.45989,42.78692],[0.45973,42.78706],[0.45953,42.78717],[0.45937,42.78727],[0.45915,42.78736],[0.45869,42.78761],[0.45831,42.78773],[0.45803,42.78776],[0.45774,42.78773],[0.4574,42.78768],[0.45714,42.78765],[0.45674,42.78773],[0.45635,42.78776],[0.45609,42.78787],[0.4555,42.78807],[0.45435,42.7885],[0.45372,42.78877]]}},
{"type":"Feature","id":"way/95034219","properties":{"station_id":"val-louron","osm_id":95034219,"feature":"piste","kind":"advanced","name":"Éperviers","length_m":1115},"geometry":{"type":"LineString","coordinates":[[0.45625,42.77803],[0.45599,42.77851],[0.45557,42.77884],[0.45541,42.77914],[0.45507,42.77945],[0.45472,42.77971],[0.45455,42.77995],[0.45402,42.78024],[0.45288,42.78048],[0.45221,42.78074],[0.45093,42.78197],[0.44825,42.78573]]}},
{"type":"Feature","id":"way/95034223","properties":{"station_id":"val-louron","osm_id":95034223,"feature":"piste","kind":"easy","name":"Circuit des Palombes Haut","length_m":903},"geometry":{"type":"LineString","coordinates":[[0.45456,42.784],[0.4538,42.78389],[0.45311,42.78402],[0.45232,42.78467],[0.45211,42.78493],[0.45173,42.78528],[0.45121,42.78546],[0.45081,42.78554],[0.45,42.78552],[0.44825,42.78573],[0.44734,42.7859],[0.44636,42.78626],[0.44535,42.78667],[0.44494,42.78653],[0.44492,42.78653],[0.44491,42.78651],[0.4449,42.7865],[0.44489,42.78648],[0.4449,42.78647],[0.44491,42.78644]]}},
{"type":"Feature","id":"way/174619528","properties":{"station_id":"val-louron","osm_id":174619528,"feature":"piste","kind":"novice","name":null,"length_m":41},"geometry":{"type":"LineString","coordinates":[[0.44271,42.7835],[0.4428,42.78354],[0.44319,42.78357]]}},
{"type":"Feature","id":"way/217589592","properties":{"station_id":"val-louron","osm_id":217589592,"feature":"piste","kind":"intermediate","name":"Val des Lumières","length_m":220},"geometry":{"type":"LineString","coordinates":[[0.43686,42.78971],[0.43711,42.78977],[0.4375,42.78993],[0.43775,42.79008],[0.43803,42.79026],[0.43813,42.79041],[0.43815,42.79059],[0.43817,42.79077],[0.43818,42.79084],[0.43818,42.79099],[0.43823,42.79104],[0.43829,42.79105],[0.43841,42.79105]]}},
{"type":"Feature","id":"way/217589606","properties":{"station_id":"val-louron","osm_id":217589606,"feature":"piste","kind":"novice","name":"Grande Traverse","length_m":696},"geometry":{"type":"LineString","coordinates":[[0.43995,42.77963],[0.44001,42.77983],[0.44011,42.77992],[0.44063,42.77989],[0.44106,42.78032],[0.44152,42.78096],[0.44185,42.78127],[0.44192,42.78155],[0.44179,42.78172],[0.44167,42.78198],[0.44147,42.78268],[0.44145,42.78276],[0.44142,42.78287],[0.4415,42.78306],[0.4417,42.78325],[0.44195,42.78334],[0.44238,42.7833],[0.44261,42.78333],[0.44301,42.78351],[0.44319,42.78357],[0.44339,42.7836],[0.44373,42.78359],[0.4439,42.78362],[0.44399,42.78369]]}},
{"type":"Feature","id":"way/217589635","properties":{"station_id":"val-louron","osm_id":217589635,"feature":"piste","kind":"easy","name":"Pla de l'Hourgade","length_m":664},"geometry":{"type":"LineString","coordinates":[[0.4543,42.78819],[0.45404,42.78851],[0.45372,42.78877],[0.45326,42.78897],[0.45035,42.78963],[0.44937,42.78995],[0.44838,42.79031],[0.44758,42.79062],[0.44738,42.79071],[0.44731,42.7908],[0.44731,42.79088]]}},
{"type":"Feature","id":"way/217589636","properties":{"station_id":"val-louron","osm_id":217589636,"feature":"piste","kind":"intermediate","name":"Stade de Slalom","length_m":713},"geometry":{"type":"LineString","coordinates":[[0.45,42.78552],[0.44931,42.78634],[0.44913,42.78658],[0.44911,42.78715],[0.4491,42.78751],[0.44891,42.78791],[0.44823,42.78858],[0.44784,42.78895],[0.44714,42.78944],[0.44711,42.78953],[0.44717,42.78982],[0.44703,42.79044],[0.44731,42.79088],[0.44735,42.79094],[0.44742,42.79099],[0.44746,42.791],[0.4475,42.791],[0.44764,42.79097]]}},
{"type":"Feature","id":"way/217589638","properties":{"station_id":"val-louron","osm_id":217589638,"feature":"piste","kind":"novice","name":"Blanche-Neige","length_m":151},"geometry":{"type":"LineString","coordinates":[[0.44825,42.78971],[0.44815,42.7897],[0.4477,42.7898],[0.44749,42.78991],[0.44748,42.79003],[0.44744,42.79013],[0.44729,42.79024],[0.44718,42.79033],[0.44728,42.79057]]}},
{"type":"Feature","id":"way/217589640","properties":{"station_id":"val-louron","osm_id":217589640,"feature":"piste","kind":"intermediate","name":"Val des Lumières","length_m":1692},"geometry":{"type":"LineString","coordinates":[[0.44321,42.77813],[0.44278,42.77802],[0.44231,42.77796],[0.44184,42.77802],[0.44112,42.77817],[0.43937,42.77889],[0.43885,42.77926],[0.43863,42.7795],[0.43848,42.77972],[0.43849,42.78039],[0.4383,42.78076],[0.43817,42.78115],[0.43801,42.78198],[0.43773,42.78253],[0.43749,42.78281],[0.43587,42.78384],[0.43553,42.7842],[0.43556,42.78443],[0.43573,42.78536],[0.43573,42.78625],[0.43555,42.78796],[0.43557,42.78839],[0.43594,42.78879],[0.43619,42.78908],[0.43646,42.7895],[0.43686,42.78971]]}},
{"type":"Feature","id":"way/217589645","properties":{"station_id":"val-louron","osm_id":217589645,"feature":"piste","kind":"intermediate","name":"Descente","length_m":1225},"geometry":{"type":"LineString","coordinates":[[0.45158,42.7727],[0.45119,42.77291],[0.45108,42.77304],[0.45105,42.77327],[0.45104,42.77346],[0.451,42.77361],[0.4509,42.77372],[0.45066,42.77383],[0.45051,42.77394],[0.45039,42.77414],[0.45032,42.77452],[0.45022,42.7748],[0.45007,42.77508],[0.44999,42.77536],[0.44985,42.77583],[0.44985,42.77625],[0.44973,42.77652],[0.44941,42.77673],[0.44903,42.7768],[0.44863,42.77677],[0.44812,42.77663],[0.4477,42.77667],[0.44732,42.77677],[0.44702,42.77677],[0.44646,42.77666],[0.44612,42.77673],[0.44558,42.77699],[0.44508,42.77723],[0.44406,42.77751],[0.44373,42.77762],[0.4434,42.77786],[0.44321,42.77813],[0.44307,42.77852],[0.44299,42.77877],[0.44258,42.7791],[0.44251,42.7792],[0.44251,42.77926],[0.44255,42.77928],[0.44258,42.7793]]}},
{"type":"Feature","id":"way/217589647","properties":{"station_id":"val-louron","osm_id":217589647,"feature":"piste","kind":"novice","name":"Carroussel","length_m":444},"geometry":{"type":"LineString","coordinates":[[0.44581,42.78713],[0.4458,42.7871],[0.44579,42.78708],[0.44578,42.78707],[0.44574,42.78707],[0.44504,42.78729],[0.44487,42.78744],[0.44475,42.7877],[0.44474,42.78787],[0.44478,42.78803],[0.44489,42.78817],[0.44504,42.78825],[0.44536,42.78845],[0.44575,42.78867],[0.44606,42.78894],[0.44622,42.78916],[0.44631,42.78978],[0.44623,42.78984],[0.44612,42.78985],[0.44601,42.78981],[0.44599,42.78979],[0.44599,42.78973]]}},
{"type":"Feature","id":"way/217589648","properties":{"station_id":"val-louron","osm_id":217589648,"feature":"piste","kind":"novice","name":"Grande Traverse","length_m":443},"geometry":{"type":"LineString","coordinates":[[0.44399,42.78369],[0.44409,42.78386],[0.4442,42.78405],[0.4443,42.78429],[0.44435,42.78449],[0.44431,42.78475],[0.44423,42.78495],[0.44427,42.78521],[0.44438,42.78538],[0.44458,42.78552],[0.44479,42.78571],[0.44472,42.78604],[0.4447,42.78625],[0.44473,42.78647],[0.44482,42.78659],[0.44495,42.787],[0.4449,42.78728],[0.44487,42.78744]]}},
{"type":"Feature","id":"way/217589662","properties":{"station_id":"val-louron","osm_id":217589662,"feature":"piste","kind":"easy","name":null,"length_m":168},"geometry":{"type":"LineString","coordinates":[[0.44504,42.78825],[0.44513,42.78852],[0.4453,42.78922],[0.44533,42.78944],[0.4452,42.78966],[0.44518,42.78972]]}},
{"type":"Feature","id":"way/217589664","properties":{"station_id":"val-louron","osm_id":217589664,"feature":"piste","kind":"easy","name":"Dos du Géant","length_m":589},"geometry":{"type":"LineString","coordinates":[[0.45467,42.7857],[0.45304,42.7862],[0.45248,42.78664],[0.45214,42.78742],[0.45172,42.7881],[0.45093,42.78896],[0.45035,42.78963]]}},
{"type":"Feature","id":"way/217589665","properties":{"station_id":"val-louron","osm_id":217589665,"feature":"piste","kind":"easy","name":"Aiglons","length_m":546},"geometry":{"type":"LineString","coordinates":[[0.44845,42.77913],[0.4483,42.77904],[0.44798,42.7788],[0.44754,42.77851],[0.44721,42.77828],[0.44669,42.77828],[0.44569,42.77863],[0.44506,42.77867],[0.44442,42.77873],[0.4441,42.77878],[0.44381,42.77892],[0.44358,42.77906],[0.44322,42.77931],[0.4431,42.77931],[0.44293,42.7793],[0.44271,42.77937],[0.44265,42.77938],[0.44262,42.77938]]}},
{"type":"Feature","id":"way/217589667","properties":{"station_id":"val-louron","osm_id":217589667,"feature":"piste","kind":"novice","name":"Grande Traverse","length_m":319},"geometry":{"type":"LineString","coordinates":[[0.44297,42.77963],[0.44241,42.77959],[0.44203,42.77947],[0.44182,42.77929],[0.44131,42.77885],[0.44122,42.77884],[0.44107,42.77889],[0.44086,42.77908],[0.44067,42.7792],[0.44048,42.77928],[0.44037,42.77929],[0.44018,42.77935],[0.43995,42.77963]]}},
{"type":"Feature","id":"way/221334028","properties":{"station_id":"val-louron","osm_id":221334028,"feature":"piste","kind":"intermediate","name":"Myrtilles","length_m":1104},"geometry":{"type":"LineString","coordinates":[[0.379,42.7816],[0.37898,42.7816],[0.37896,42.7816],[0.37895,42.7816],[0.37894,42.7816],[0.37893,42.78161],[0.37893,42.78162],[0.37893,42.78164],[0.37894,42.78165],[0.37894,42.78167],[0.37893,42.78173],[0.37896,42.78183],[0.37933,42.78227],[0.37967,42.78313],[0.38132,42.7842],[0.38239,42.78503],[0.38389,42.78658],[0.3844,42.78822],[0.38485,42.78925],[0.38489,42.78951],[0.38489,42.78959],[0.38476,42.78985],[0.38475,42.78987],[0.38474,42.78988],[0.38472,42.7899],[0.38469,42.78991],[0.38467,42.78992],[0.38464,42.78992],[0.38461,42.78992],[0.38459,42.78991],[0.38458,42.7899],[0.38457,42.78988]]}},
{"type":"Feature","id":"way/221334033","properties":{"station_id":"val-louron","osm_id":221334033,"feature":"piste","kind":"intermediate","name":"Aubépines","length_m":158},"geometry":{"type":"LineString","coordinates":[[0.37922,42.78834],[0.37998,42.78907],[0.38019,42.78932],[0.38023,42.78935],[0.38026,42.78935],[0.38029,42.78935],[0.38032,42.78934],[0.38034,42.78932],[0.38034,42.7893],[0.38033,42.78925]]}},
{"type":"Feature","id":"way/221334037","properties":{"station_id":"val-louron","osm_id":221334037,"feature":"piste","kind":"intermediate","name":"Combe de Courret","length_m":718},"geometry":{"type":"LineString","coordinates":[[0.37967,42.78313],[0.38001,42.78449],[0.38034,42.78585],[0.38048,42.78774],[0.38045,42.78896],[0.38049,42.78931],[0.38049,42.78933],[0.38047,42.78934],[0.38045,42.78936],[0.38042,42.78936],[0.38039,42.78936],[0.38037,42.78934],[0.38034,42.7893],[0.38033,42.78925]]}},
{"type":"Feature","id":"way/221334039","properties":{"station_id":"val-louron","osm_id":221334039,"feature":"piste","kind":"intermediate","name":"Aubépines","length_m":638},"geometry":{"type":"LineString","coordinates":[[0.37937,42.78721],[0.37943,42.78728],[0.37943,42.78744],[0.37922,42.78834],[0.37803,42.78973],[0.3769,42.79041],[0.37497,42.791],[0.37474,42.79115],[0.3747,42.79114],[0.37468,42.79113],[0.37465,42.7911],[0.37466,42.79108]]}},
{"type":"Feature","id":"way/221334041","properties":{"station_id":"val-louron","osm_id":221334041,"feature":"piste","kind":"easy","name":null,"length_m":481},"geometry":{"type":"LineString","coordinates":[[0.38342,42.79008],[0.3834,42.79008],[0.38338,42.79008],[0.38336,42.79008],[0.38334,42.79009],[0.38332,42.79011],[0.3833,42.79013],[0.38329,42.79018],[0.38329,42.79022],[0.38332,42.79026],[0.38337,42.79031],[0.38349,42.79037],[0.38363,42.79041],[0.38378,42.79044],[0.38393,42.79046],[0.3848,42.79052],[0.38564,42.79037],[0.38682,42.79052],[0.38768,42.7907],[0.38782,42.79074],[0.38798,42.79079],[0.38812,42.79085],[0.38816,42.79088],[0.3882,42.79093],[0.38821,42.79097],[0.38819,42.79101],[0.38813,42.79105],[0.38808,42.79105],[0.38801,42.79104],[0.38792,42.79101]]}},
{"type":"Feature","id":"way/314856844","properties":{"station_id":"val-louron","osm_id":314856844,"feature":"piste","kind":"easy","name":"Combe de Magnéras","length_m":954},"geometry":{"type":"LineString","coordinates":[[0.44322,42.77931],[0.44309,42.77947],[0.44304,42.77952],[0.44297,42.77963],[0.44273,42.78034],[0.44271,42.78058],[0.44298,42.78113],[0.44335,42.7818],[0.44402,42.78269],[0.44467,42.78335],[0.445,42.78381],[0.44528,42.78444],[0.44533,42.78469],[0.44542,42.78512],[0.4455,42.78558],[0.4455,42.78613],[0.44535,42.78667],[0.44525,42.78696],[0.44504,42.78729]]}},
{"type":"Feature","id":"way/314856847","properties":{"station_id":"val-louron","osm_id":314856847,"feature":"piste","kind":"intermediate","name":"Val des Lumières","length_m":9},"geometry":{"type":"LineString","coordinates":[[0.43841,42.79105],[0.4385,42.7911]]}},
{"type":"Feature","id":"way/314856850","properties":{"station_id":"val-louron","osm_id":314856850,"feature":"piste","kind":"novice","name":null,"length_m":18},"geometry":{"type":"LineString","coordinates":[[0.4425,42.78347],[0.44271,42.7835]]}},
{"type":"Feature","id":"way/314856851","properties":{"station_id":"val-louron","osm_id":314856851,"feature":"piste","kind":"novice","name":null,"length_m":19},"geometry":{"type":"LineString","coordinates":[[0.44473,42.78647],[0.44477,42.78649],[0.44482,42.7865],[0.44484,42.7865],[0.44486,42.78649],[0.44488,42.78648],[0.4449,42.78647],[0.44491,42.78644]]}},
{"type":"Feature","id":"way/314856868","properties":{"station_id":"val-louron","osm_id":314856868,"feature":"piste","kind":"novice","name":"Carroussel","length_m":139},"geometry":{"type":"LineString","coordinates":[[0.44631,42.78978],[0.44616,42.78971],[0.44588,42.78966],[0.44546,42.78964],[0.44518,42.78972],[0.44501,42.78975],[0.44491,42.78975],[0.44485,42.78975],[0.44483,42.78973],[0.44483,42.78972],[0.44484,42.7897],[0.44489,42.78963]]}},
{"type":"Feature","id":"way/316053186","properties":{"station_id":"val-louron","osm_id":316053186,"feature":"piste","kind":"intermediate","name":"Combe d'Ardounes","length_m":500},"geometry":{"type":"LineString","coordinates":[[0.38089,42.78083],[0.3822,42.78072],[0.38356,42.78067],[0.38499,42.78066],[0.3857,42.7807],[0.38579,42.78071],[0.387,42.7807]]}},
{"type":"Feature","id":"way/316053193","properties":{"station_id":"val-louron","osm_id":316053193,"feature":"piste","kind":"intermediate","name":"Combe de Courret","length_m":411},"geometry":{"type":"LineString","coordinates":[[0.37815,42.78126],[0.37815,42.78138],[0.37815,42.78142],[0.37817,42.78146],[0.3782,42.78152],[0.37821,42.78158],[0.37816,42.78187],[0.3782,42.78208],[0.37822,42.78223],[0.37833,42.78265],[0.37841,42.78294],[0.37891,42.78378],[0.38001,42.78449]]}},
{"type":"Feature","id":"way/316053194","properties":{"station_id":"val-louron","osm_id":316053194,"feature":"piste","kind":"intermediate","name":"Rhododendrons","length_m":318},"geometry":{"type":"LineString","coordinates":[[0.38896,42.7771],[0.38883,42.77771],[0.38872,42.77792],[0.38822,42.77867],[0.38811,42.77897],[0.38808,42.77931],[0.38808,42.77966],[0.38796,42.77982]]}},
{"type":"Feature","id":"way/316053219","properties":{"station_id":"val-louron","osm_id":316053219,"feature":"piste","kind":"novice","name":"Trounquet 2","length_m":190},"geometry":{"type":"LineString","coordinates":[[0.39074,42.78859],[0.39076,42.78857],[0.39079,42.78855],[0.39081,42.78855],[0.39084,42.78856],[0.39086,42.78858],[0.39091,42.78864],[0.39093,42.7887],[0.39093,42.78915],[0.39088,42.78935],[0.39075,42.78953],[0.3906,42.78968],[0.39036,42.78983],[0.39032,42.78985],[0.39026,42.78985],[0.39023,42.78985],[0.39022,42.78984],[0.39021,42.78981],[0.39023,42.78977]]}},
{"type":"Feature","id":"way/328128423","properties":{"station_id":"val-louron","osm_id":328128423,"feature":"piste","kind":"intermediate","name":null,"length_m":379},"geometry":{"type":"LineString","coordinates":[[0.44779,42.78194],[0.44745,42.78216],[0.44712,42.78229],[0.44679,42.78245],[0.44651,42.78264],[0.44619,42.78302],[0.4456,42.78406],[0.44533,42.78469]]}},
{"type":"Feature","id":"way/1037770859","properties":{"station_id":"val-louron","osm_id":1037770859,"feature":"piste","kind":null,"name":null,"length_m":54},"geometry":{"type":"LineString","coordinates":[[0.3785,42.78167],[0.37845,42.78169],[0.37835,42.78175],[0.37827,42.78185],[0.37823,42.78194],[0.3782,42.78208]]}},
{"type":"Feature","id":"way/1037770861","properties":{"station_id":"val-louron","osm_id":1037770861,"feature":"piste","kind":null,"name":null,"length_m":25},"geometry":{"type":"LineString","coordinates":[[0.38348,42.79009],[0.38342,42.79008],[0.3834,42.79007],[0.38339,42.79005],[0.38339,42.79004],[0.3834,42.79003],[0.38342,42.79001],[0.38345,42.79],[0.3835,42.78999],[0.38354,42.78999]]}},
{"type":"Feature","id":"way/1037770864","properties":{"station_id":"val-louron","osm_id":1037770864,"feature":"piste","kind":null,"name":null,"length_m":18},"geometry":{"type":"LineString","coordinates":[[0.38444,42.78999],[0.38451,42.78998],[0.38454,42.78997],[0.38455,42.78996],[0.38456,42.78996],[0.38457,42.78995],[0.38457,42.78993],[0.38458,42.7899]]}},
{"type":"Feature","id":"way/1037770868","properties":{"station_id":"val-louron","osm_id":1037770868,"feature":"piste","kind":"novice","name":null,"length_m":28},"geometry":{"type":"LineString","coordinates":[[0.39107,42.7898],[0.39104,42.78979],[0.391,42.78979],[0.3909,42.78982],[0.39082,42.78985],[0.39078,42.78989]]}},
{"type":"Feature","id":"way/1037770869","properties":{"station_id":"val-louron","osm_id":1037770869,"feature":"piste","kind":null,"name":null,"length_m":16},"geometry":{"type":"LineString","coordinates":[[0.3925,42.78809],[0.39243,42.78796]]}},
{"type":"Feature","id":"way/1037770873","properties":{"station_id":"val-louron","osm_id":1037770873,"feature":"piste","kind":null,"name":null,"length_m":25},"geometry":{"type":"LineString","coordinates":[[0.3901,42.78311],[0.39008,42.78307],[0.39007,42.78306],[0.39006,42.78305],[0.39004,42.78305],[0.39002,42.78305],[0.39001,42.78305],[0.39,42.78305],[0.38999,42.78306],[0.38998,42.78307],[0.38998,42.78308],[0.38998,42.78311],[0.38999,42.78316]]}},
{"type":"Feature","id":"way/1341947831","properties":{"station_id":"val-louron","osm_id":1341947831,"feature":"piste","kind":"easy","name":null,"length_m":78},"geometry":{"type":"LineString","coordinates":[[0.44299,42.77877],[0.4431,42.77931],[0.44309,42.77947]]}},
{"type":"Feature","id":"way/1341947832","properties":{"station_id":"val-louron","osm_id":1341947832,"feature":"piste","kind":"novice","name":null,"length_m":60},"geometry":{"type":"LineString","coordinates":[[0.44297,42.77963],[0.44262,42.77938],[0.4426,42.77938],[0.44258,42.77937],[0.44257,42.77935],[0.44256,42.77933],[0.44257,42.77931],[0.44258,42.7793],[0.44266,42.77925]]}},
{"type":"Feature","id":"way/1341947833","properties":{"station_id":"val-louron","osm_id":1341947833,"feature":"piste","kind":"novice","name":"Grande Traverse Haut","length_m":476},"geometry":{"type":"LineString","coordinates":[[0.44845,42.77913],[0.44795,42.77918],[0.44717,42.77913],[0.44647,42.77913],[0.44593,42.77907],[0.44551,42.77909],[0.44525,42.77919],[0.44487,42.77948],[0.4443,42.77974],[0.44387,42.7798],[0.44345,42.77974],[0.44297,42.77963]]}},
{"type":"Feature","id":"way/1454400665","properties":{"station_id":"val-louron","osm_id":1454400665,"feature":"piste","kind":"intermediate","name":"Bassias","length_m":261},"geometry":{"type":"LineString","coordinates":[[0.37906,42.78141],[0.37985,42.78166],[0.38035,42.78185],[0.38083,42.78205],[0.38131,42.78225],[0.38167,42.78244],[0.38187,42.78252]]}},
{"type":"Feature","id":"way/1454401396","properties":{"station_id":"val-louron","osm_id":1454401396,"feature":"piste","kind":"advanced","name":"Estos","length_m":629},"geometry":{"type":"LineString","coordinates":[[0.38017,42.77718],[0.38035,42.77741],[0.38084,42.7777],[0.38098,42.77776],[0.3811,42.77785],[0.38116,42.77797],[0.38151,42.77812],[0.38166,42.77818],[0.38183,42.77823],[0.38218,42.77831],[0.38239,42.77839],[0.38268,42.77846],[0.38293,42.77851],[0.38314,42.77853],[0.38323,42.77854],[0.38358,42.77866],[0.38371,42.77872],[0.38395,42.77883],[0.38411,42.77898],[0.38419,42.77907],[0.38427,42.77915],[0.38432,42.7792],[0.3845,42.77942],[0.38469,42.7796],[0.38489,42.77979],[0.385,42.77993],[0.38503,42.77996],[0.38507,42.77999],[0.38522,42.78012],[0.38532,42.78025],[0.38555,42.78047],[0.38565,42.78057],[0.38579,42.78071]]}}
]}
